mes_dia,estado,capital,regiao,temp_media_2025,temp_max_2025,temp_min_2025,chuva_2025,umidade_2025,vento_2025,temp_media_2026,temp_max_2026,temp_min_2026,chuva_2026,umidade_2026,vento_2026,dif_temp_media,dif_temp_max,dif_temp_min,dif_chuva,dif_umidade,dif_vento,variacao_chuva_percentual
06-01,Acre,Rio Branco,Norte,23.7,28.3,20.2,0.0,76,6.7,26.4,31.3,22.1,0.4,77,6.0,2.7,3.0,1.9,0.4,1,-0.7,inf
06-02,Acre,Rio Branco,Norte,24.0,29.8,19.2,0.0,76,4.8,26.5,31.6,22.0,0.5,77,6.0,2.5,1.8,2.8,0.5,1,1.2,inf
06-03,Acre,Rio Branco,Norte,25.1,31.3,19.7,0.0,77,2.8,26.3,31.5,22.0,0.9,79,6.5,1.2,0.2,2.3,0.9,2,3.7,inf
06-04,Acre,Rio Branco,Norte,25.7,31.7,20.2,0.1,78,2.3,26.2,31.6,21.8,0.2,75,7.4,0.5,-0.1,1.6,0.1,-3,5.1,100.0
06-05,Acre,Rio Branco,Norte,26.2,31.8,21.9,0.9,80,4.6,25.7,31.6,20.8,0.2,75,5.9,-0.5,-0.2,-1.1,-0.7,-5,1.3,-77.78
06-06,Acre,Rio Branco,Norte,26.0,31.5,21.6,0.3,80,4.1,25.7,31.8,20.8,0.2,77,4.6,-0.3,0.3,-0.8,-0.1,-3,0.5,-33.33
06-07,Acre,Rio Branco,Norte,26.2,31.1,22.0,1.2,82,3.0,24.6,29.3,21.3,26.2,88,3.7,-1.6,-1.8,-0.7,25.0,6,0.7,2083.33
06-08,Acre,Rio Branco,Norte,25.5,31.7,22.4,3.8,86,3.9,25.4,30.9,22.3,1.8,86,4.0,-0.1,-0.8,-0.1,-2.0,0,0.1,-52.63
06-09,Acre,Rio Branco,Norte,24.9,30.7,22.3,12.4,90,5.3,24.1,27.7,22.4,18.2,92,4.4,-0.8,-3.0,0.1,5.8,2,-0.9,46.77
06-10,Acre,Rio Branco,Norte,23.2,26.2,20.3,0.3,85,11.0,23.2,26.0,21.5,8.9,91,5.6,0.0,-0.2,1.2,8.6,6,-5.4,2866.67
06-11,Acre,Rio Branco,Norte,22.0,26.4,18.4,0.1,83,6.9,24.5,29.0,20.8,1.3,86,6.1,2.5,2.6,2.4,1.2,3,-0.8,1200.0
06-12,Acre,Rio Branco,Norte,22.4,28.5,17.7,0.0,80,4.4,25.9,31.3,21.7,0.1,82,4.0,3.5,2.8,4.0,0.1,2,-0.4,inf
06-13,Acre,Rio Branco,Norte,23.4,30.0,17.6,0.0,79,4.6,26.4,32.1,22.3,1.0,83,4.3,3.0,2.1,4.7,1.0,4,-0.3,inf
06-14,Acre,Rio Branco,Norte,25.0,30.8,19.8,0.7,81,4.1,26.9,32.6,22.4,0.6,81,2.8,1.9,1.8,2.6,-0.1,0,-1.3,-14.29
06-15,Acre,Rio Branco,Norte,25.1,29.8,21.7,4.4,85,5.1,26.2,31.0,23.0,3.8,85,4.8,1.1,1.2,1.3,-0.6,0,-0.3,-13.64
06-16,Acre,Rio Branco,Norte,25.2,31.0,22.3,4.1,85,4.3,24.3,27.2,21.4,1.4,86,7.8,-0.9,-3.8,-0.9,-2.7,1,3.5,-65.85
06-17,Acre,Rio Branco,Norte,25.0,30.2,22.5,2.7,89,2.8,23.7,27.4,21.1,0.0,85,7.0,-1.3,-2.8,-1.4,-2.7,-4,4.2,-100.0
06-18,Acre,Rio Branco,Norte,26.0,31.5,21.8,0.1,82,3.0,24.5,29.8,20.1,0.7,81,4.3,-1.5,-1.7,-1.7,0.6,-1,1.3,600.0
06-19,Acre,Rio Branco,Norte,26.3,32.3,22.0,1.2,80,3.5,24.9,30.7,20.0,0.6,82,3.7,-1.4,-1.6,-2.0,-0.6,2,0.2,-50.0
06-20,Acre,Rio Branco,Norte,25.1,30.2,21.3,0.5,79,9.2,24.1,28.1,21.0,7.7,88,5.7,-1.0,-2.1,-0.3,7.2,9,-3.5,1440.0
06-21,Acre,Rio Branco,Norte,23.4,30.3,18.2,0.0,78,5.4,24.7,30.7,19.5,0.9,81,4.3,1.3,0.4,1.3,0.9,3,-1.1,inf
06-22,Acre,Rio Branco,Norte,24.7,31.2,19.0,0.0,73,7.9,26.1,31.8,21.6,2.2,81,5.2,1.4,0.6,2.6,2.2,8,-2.7,inf
06-23,Acre,Rio Branco,Norte,26.3,31.7,21.6,0.0,76,8.2,26.5,32.0,22.4,0.9,81,4.0,0.2,0.3,0.8,0.9,5,-4.2,inf
06-24,Acre,Rio Branco,Norte,23.0,26.2,18.4,1.7,84,10.2,19.9,23.8,16.1,0.3,83,11.6,-3.1,-2.4,-2.3,-1.4,-1,1.4,-82.35
06-25,Acre,Rio Branco,Norte,21.4,28.7,16.2,0.0,75,5.6,17.7,21.4,15.2,2.9,81,6.3,-3.7,-7.3,-1.0,2.9,6,0.7,inf
06-26,Acre,Rio Branco,Norte,23.9,30.2,18.8,0.6,80,3.0,22.0,25.5,19.3,0.0,81,7.0,-1.9,-4.7,0.5,-0.6,1,4.0,-100.0
06-27,Acre,Rio Branco,Norte,24.9,30.3,19.8,0.3,81,3.7,23.1,26.9,20.2,0.0,81,4.8,-1.8,-3.4,0.4,-0.3,0,1.1,-100.0
06-28,Acre,Rio Branco,Norte,26.0,31.9,20.8,0.0,78,3.2,23.7,30.1,18.9,0.2,83,2.2,-2.3,-1.8,-1.9,0.2,5,-1.0,inf
06-29,Acre,Rio Branco,Norte,26.4,32.1,21.0,0.0,76,3.9,25.7,31.4,20.5,0.6,78,2.9,-0.7,-0.7,-0.5,0.6,2,-1.0,inf
06-30,Acre,Rio Branco,Norte,24.9,29.5,20.4,0.2,73,13.3,26.3,31.6,22.2,1.3,81,2.3,1.4,2.1,1.8,1.1,8,-11.0,550.0
07-01,Acre,Rio Branco,Norte,19.8,24.9,15.8,0.0,66,12.9,25.6,31.7,21.7,2.8,87,3.0,5.8,6.8,5.9,2.8,21,-9.9,inf
07-02,Acre,Rio Branco,Norte,19.0,24.9,14.3,0.0,71,11.3,26.5,32.4,21.7,0.4,78,6.4,7.5,7.5,7.4,0.4,7,-4.9,inf
07-03,Acre,Rio Branco,Norte,19.5,25.0,14.8,0.0,67,11.2,24.6,29.2,21.0,0.0,71,13.3,5.1,4.2,6.2,0.0,4,2.1,
07-04,Acre,Rio Branco,Norte,20.6,27.2,15.4,0.0,70,7.6,22.4,28.0,17.3,0.0,72,8.8,1.8,0.8,1.9,0.0,2,1.2,
07-05,Acre,Rio Branco,Norte,22.4,29.6,16.3,0.0,74,5.3,23.7,30.2,17.7,0.0,76,4.2,1.3,0.6,1.4,0.0,2,-1.1,
07-06,Acre,Rio Branco,Norte,23.8,30.5,18.2,0.0,72,4.1,25.0,30.6,19.2,0.4,75,3.7,1.2,0.1,1.0,0.4,3,-0.4,inf
07-07,Acre,Rio Branco,Norte,24.7,31.9,18.1,0.0,70,1.9,24.0,28.2,20.4,0.0,76,9.5,-0.7,-3.7,2.3,0.0,6,7.6,
07-08,Acre,Rio Branco,Norte,24.8,31.3,19.6,0.0,67,6.7,23.1,29.5,18.1,0.0,78,3.5,-1.7,-1.8,-1.5,0.0,11,-3.2,
07-09,Acre,Rio Branco,Norte,24.8,31.7,19.4,0.0,67,6.4,24.7,31.1,19.5,0.1,81,2.1,-0.1,-0.6,0.1,0.1,14,-4.3,inf
07-10,Acre,Rio Branco,Norte,24.8,31.6,18.6,0.0,68,5.0,25.5,32.0,21.3,4.5,83,3.4,0.7,0.4,2.7,4.5,15,-1.6,inf
07-11,Acre,Rio Branco,Norte,25.0,31.9,18.9,0.0,66,7.4,25.1,29.3,22.7,7.0,90,6.2,0.1,-2.6,3.8,7.0,24,-1.2,inf
07-12,Acre,Rio Branco,Norte,25.1,32.5,18.9,0.0,66,7.0,24.2,27.6,21.9,25.6,93,4.1,-0.9,-4.9,3.0,25.6,27,-2.9,inf
07-13,Acre,Rio Branco,Norte,24.8,32.2,18.1,0.0,65,5.5,24.0,28.4,21.8,4.4,89,7.3,-0.8,-3.8,3.7,4.4,24,1.8,inf
07-14,Acre,Rio Branco,Norte,24.8,32.1,18.0,0.0,66,5.2,24.3,29.7,20.0,0.7,84,4.0,-0.5,-2.4,2.0,0.7,18,-1.2,inf
07-15,Acre,Rio Branco,Norte,25.2,32.3,18.5,0.0,64,4.6,25.8,31.8,20.4,0.2,80,2.5,0.6,-0.5,1.9,0.2,16,-2.1,inf
07-16,Acre,Rio Branco,Norte,25.7,32.9,18.6,0.0,63,4.6,26.0,31.8,21.4,2.9,82,3.7,0.3,-1.1,2.8,2.9,19,-0.9,inf
07-17,Acre,Rio Branco,Norte,26.7,33.0,21.1,0.3,64,7.4,26.5,32.0,22.4,1.7,83,4.2,-0.2,-1.0,1.3,1.4,19,-3.2,466.67
07-18,Acre,Rio Branco,Norte,24.6,28.6,21.4,0.0,60,12.1,26.6,32.3,22.1,0.8,80,5.7,2.0,3.7,0.7,0.8,20,-6.4,inf
07-19,Acre,Rio Branco,Norte,23.6,30.5,17.5,0.0,66,6.1,27.5,33.1,22.6,0.9,74,8.0,3.9,2.6,5.1,0.9,8,1.9,inf
07-20,Acre,Rio Branco,Norte,24.6,31.7,18.2,0.0,71,3.1,27.5,33.4,23.7,2.5,78,8.9,2.9,1.7,5.5,2.5,7,5.8,inf
07-21,Acre,Rio Branco,Norte,25.6,32.8,19.1,0.0,67,4.2,27.7,33.4,23.0,0.2,71,8.6,2.1,0.6,3.9,0.2,4,4.4,inf
07-22,Acre,Rio Branco,Norte,26.6,33.7,19.8,0.0,64,3.6,27.9,33.2,22.9,0.3,70,7.1,1.3,-0.5,3.1,0.3,6,3.5,inf
07-23,Acre,Rio Branco,Norte,27.2,34.4,20.9,0.0,63,3.9,26.9,31.8,22.9,1.1,80,3.8,-0.3,-2.6,2.0,1.1,17,-0.1,inf
07-24,Acre,Rio Branco,Norte,27.0,34.8,19.2,0.0,58,3.6,26.7,32.2,21.9,0.1,80,3.5,-0.3,-2.6,2.7,0.1,22,-0.1,inf
07-25,Acre,Rio Branco,Norte,27.4,34.5,20.2,0.0,58,5.1,27.4,33.3,22.2,0.9,76,3.3,0.0,-1.2,2.0,0.9,18,-1.8,inf
07-26,Acre,Rio Branco,Norte,28.6,34.6,22.4,0.0,57,6.4,26.6,32.1,21.9,3.4,80,4.7,-2.0,-2.5,-0.5,3.4,23,-1.7,inf
07-27,Acre,Rio Branco,Norte,28.2,33.5,23.5,0.0,65,6.5,26.7,32.2,22.4,2.1,79,5.1,-1.5,-1.3,-1.1,2.1,14,-1.4,inf
07-28,Acre,Rio Branco,Norte,27.0,33.4,23.3,11.9,76,6.5,27.5,33.3,22.4,0.6,71,7.1,0.5,-0.1,-0.9,-11.3,-5,0.6,-94.96
07-29,Acre,Rio Branco,Norte,23.7,27.0,19.2,4.4,85,9.9,28.0,33.6,23.1,0.2,74,5.6,4.3,6.6,3.9,-4.2,-11,-4.3,-95.45
07-30,Acre,Rio Branco,Norte,22.7,29.8,17.5,0.0,76,5.8,27.4,34.3,22.8,2.1,76,3.4,4.7,4.5,5.3,2.1,0,-2.4,inf
07-31,Acre,Rio Branco,Norte,25.5,32.2,19.9,0.0,75,4.2,27.8,34.1,23.0,0.8,73,4.1,2.3,1.9,3.1,0.8,-2,-0.1,inf
08-01,Acre,Rio Branco,Norte,27.1,33.6,21.5,0.0,69,4.4,26.1,31.6,22.6,7.9,80,6.4,-1.0,-2.0,1.1,7.9,11,2.0,inf
08-02,Acre,Rio Branco,Norte,25.4,29.3,21.9,3.4,78,8.7,25.4,31.1,22.6,9.7,87,4.0,0.0,1.8,0.7,6.3,9,-4.7,185.29
08-03,Acre,Rio Branco,Norte,25.1,31.1,20.4,0.0,76,4.4,26.7,32.9,22.3,2.6,79,3.1,1.6,1.8,1.9,2.6,3,-1.3,inf
08-04,Acre,Rio Branco,Norte,25.0,31.9,20.3,6.6,78,4.1,26.2,32.3,22.6,6.7,82,4.2,1.2,0.4,2.3,0.1,4,0.1,1.52
08-05,Acre,Rio Branco,Norte,24.8,30.3,21.9,6.0,82,7.0,25.9,31.6,22.6,13.3,82,6.0,1.1,1.3,0.7,7.3,0,-1.0,121.67
08-06,Acre,Rio Branco,Norte,25.9,32.1,21.0,0.0,69,7.1,27.4,32.7,23.0,5.1,74,6.2,1.5,0.6,2.0,5.1,5,-0.9,inf
08-07,Acre,Rio Branco,Norte,26.7,32.8,20.8,0.0,70,2.3,28.0,34.2,23.5,2.3,73,8.2,1.3,1.4,2.7,2.3,3,5.9,inf
08-08,Acre,Rio Branco,Norte,26.5,32.1,21.9,1.3,72,6.2,27.6,34.1,22.5,0.9,75,8.9,1.1,2.0,0.6,-0.4,3,2.7,-30.77
08-09,Acre,Rio Branco,Norte,24.8,29.5,22.3,0.8,67,12.1,28.0,34.1,24.0,1.4,75,7.4,3.2,4.6,1.7,0.6,8,-4.7,75.0
08-10,Acre,Rio Branco,Norte,23.9,30.4,18.3,0.0,54,9.0,26.9,33.9,22.7,3.0,79,5.3,3.0,3.5,4.4,3.0,25,-3.7,inf
08-11,Acre,Rio Branco,Norte,24.7,31.7,19.1,0.0,57,6.6,24.7,29.5,21.7,5.0,83,9.0,0.0,-2.2,2.6,5.0,26,2.4,inf
08-12,Acre,Rio Branco,Norte,25.9,32.9,19.7,0.0,60,5.5,25.4,32.1,19.5,0.0,75,4.5,-0.5,-0.8,-0.2,0.0,15,-1.0,
08-13,Acre,Rio Branco,Norte,27.1,34.0,20.3,0.0,62,2.7,27.5,33.3,21.8,0.6,74,2.8,0.4,-0.7,1.5,0.6,12,0.1,inf
08-14,Acre,Rio Branco,Norte,28.5,34.2,24.1,0.0,56,9.7,27.1,34.5,23.0,2.3,79,3.6,-1.4,0.3,-1.1,2.3,23,-6.1,inf
08-15,Acre,Rio Branco,Norte,27.9,35.1,21.6,0.0,50,8.5,27.6,34.9,22.0,0.9,77,2.6,-0.3,-0.2,0.4,0.9,27,-5.9,inf
08-16,Acre,Rio Branco,Norte,26.5,34.7,19.4,0.0,52,4.7,27.7,33.9,22.5,3.6,73,4.7,1.2,-0.8,3.1,3.6,21,0.0,inf
08-17,Acre,Rio Branco,Norte,27.4,35.0,20.6,0.1,56,3.9,28.0,34.9,21.9,0.0,67,6.3,0.6,-0.1,1.3,-0.1,11,2.4,-100.0
08-18,Acre,Rio Branco,Norte,28.1,34.0,22.7,0.2,62,5.4,25.8,31.9,22.9,20.4,82,4.9,-2.3,-2.1,0.2,20.2,20,-0.5,10100.0
08-19,Acre,Rio Branco,Norte,28.4,34.3,23.5,0.0,67,7.1,25.9,31.0,22.6,5.1,83,5.6,-2.5,-3.3,-0.9,5.1,16,-1.5,inf
06-01,Alagoas,Maceió,Nordeste,25.1,27.3,22.7,2.4,85,8.8,25.9,28.0,23.5,2.7,78,9.6,0.8,0.7,0.8,0.3,-7,0.8,12.5
06-02,Alagoas,Maceió,Nordeste,24.3,26.8,22.6,13.1,89,9.7,26.4,27.9,24.5,0.4,70,10.9,2.1,1.1,1.9,-12.7,-19,1.2,-96.95
06-03,Alagoas,Maceió,Nordeste,25.5,28.3,23.4,6.4,79,9.7,25.9,28.4,24.2,4.1,79,8.7,0.4,0.1,0.8,-2.3,0,-1.0,-35.94
06-04,Alagoas,Maceió,Nordeste,25.0,26.6,23.7,6.5,84,10.9,25.9,28.0,24.0,9.0,78,16.3,0.9,1.4,0.3,2.5,-6,5.4,38.46
06-05,Alagoas,Maceió,Nordeste,25.3,27.6,23.0,4.2,83,9.0,25.3,27.1,23.6,8.9,81,13.6,0.0,-0.5,0.6,4.7,-2,4.6,111.9
06-06,Alagoas,Maceió,Nordeste,24.8,26.4,23.1,4.2,86,8.0,24.7,26.2,23.5,18.6,83,17.2,-0.1,-0.2,0.4,14.4,-3,9.2,342.86
06-07,Alagoas,Maceió,Nordeste,25.2,27.9,23.1,4.9,84,7.6,25.3,26.8,23.5,4.7,76,15.0,0.1,-1.1,0.4,-0.2,-8,7.4,-4.08
06-08,Alagoas,Maceió,Nordeste,25.3,27.9,23.2,6.1,82,9.1,26.4,27.7,25.0,0.2,70,15.1,1.1,-0.2,1.8,-5.9,-12,6.0,-96.72
06-09,Alagoas,Maceió,Nordeste,25.2,27.3,23.4,1.9,86,6.1,25.8,27.4,24.4,5.4,80,15.8,0.6,0.1,1.0,3.5,-6,9.7,184.21
06-10,Alagoas,Maceió,Nordeste,25.0,27.3,23.0,2.1,89,8.7,25.0,26.4,24.0,11.3,88,13.4,0.0,-0.9,1.0,9.2,-1,4.7,438.1
06-11,Alagoas,Maceió,Nordeste,25.7,28.1,23.2,0.2,82,8.7,25.9,27.7,24.1,2.2,77,12.5,0.2,-0.4,0.9,2.0,-5,3.8,1000.0
06-12,Alagoas,Maceió,Nordeste,24.7,27.2,22.6,3.4,84,9.1,25.7,27.9,22.9,0.0,74,6.6,1.0,0.7,0.3,-3.4,-10,-2.5,-100.0
06-13,Alagoas,Maceió,Nordeste,24.4,26.4,21.0,17.0,83,11.7,25.2,27.7,22.6,1.1,83,6.4,0.8,1.3,1.6,-15.9,0,-5.3,-93.53
06-14,Alagoas,Maceió,Nordeste,24.5,26.4,23.0,18.0,82,19.4,26.1,28.3,24.0,1.2,78,8.8,1.6,1.9,1.0,-16.8,-4,-10.6,-93.33
06-15,Alagoas,Maceió,Nordeste,24.3,26.2,23.0,32.9,88,12.9,25.7,27.3,24.4,6.0,84,10.1,1.4,1.1,1.4,-26.9,-4,-2.8,-81.76
06-16,Alagoas,Maceió,Nordeste,24.7,26.5,22.6,12.2,86,8.2,25.9,28.0,24.0,2.1,82,10.7,1.2,1.5,1.4,-10.1,-4,2.5,-82.79
06-17,Alagoas,Maceió,Nordeste,24.2,25.3,22.9,33.4,89,14.5,25.5,28.2,22.3,0.6,84,7.0,1.3,2.9,-0.6,-32.8,-5,-7.5,-98.2
06-18,Alagoas,Maceió,Nordeste,24.8,26.3,22.9,10.1,79,17.4,25.5,27.5,23.9,4.0,83,9.1,0.7,1.2,1.0,-6.1,4,-8.3,-60.4
06-19,Alagoas,Maceió,Nordeste,24.0,25.7,22.7,13.4,88,14.3,24.6,26.7,22.9,20.6,85,17.0,0.6,1.0,0.2,7.2,-3,2.7,53.73
06-20,Alagoas,Maceió,Nordeste,24.7,26.7,22.7,18.3,83,12.8,24.6,27.5,22.6,9.0,84,12.4,-0.1,0.8,-0.1,-9.3,1,-0.4,-50.82
06-21,Alagoas,Maceió,Nordeste,25.2,27.4,23.4,3.5,80,12.8,25.0,27.6,22.6,5.2,80,9.0,-0.2,0.2,-0.8,1.7,0,-3.8,48.57
06-22,Alagoas,Maceió,Nordeste,24.8,27.0,23.0,3.7,84,8.6,24.7,26.7,23.3,10.2,86,9.5,-0.1,-0.3,0.3,6.5,2,0.9,175.68
06-23,Alagoas,Maceió,Nordeste,24.8,26.4,23.2,2.6,85,7.6,24.7,26.9,23.0,11.6,85,10.5,-0.1,0.5,-0.2,9.0,0,2.9,346.15
06-24,Alagoas,Maceió,Nordeste,24.5,27.0,23.4,5.6,90,5.5,25.4,27.8,23.6,4.0,78,11.7,0.9,0.8,0.2,-1.6,-12,6.2,-28.57
06-25,Alagoas,Maceió,Nordeste,24.9,27.3,23.1,5.6,86,11.9,24.4,27.6,22.6,25.8,88,11.3,-0.5,0.3,-0.5,20.2,2,-0.6,360.71
06-26,Alagoas,Maceió,Nordeste,25.4,27.3,23.2,5.7,78,15.1,24.3,25.8,23.8,55.9,93,10.8,-1.1,-1.5,0.6,50.2,15,-4.3,880.7
06-27,Alagoas,Maceió,Nordeste,23.7,25.3,22.2,24.5,92,8.0,25.2,26.7,23.7,21.4,84,16.4,1.5,1.4,1.5,-3.1,-8,8.4,-12.65
06-28,Alagoas,Maceió,Nordeste,25.0,26.6,22.8,7.2,81,16.6,25.5,27.9,23.4,3.8,75,13.2,0.5,1.3,0.6,-3.4,-6,-3.4,-47.22
06-29,Alagoas,Maceió,Nordeste,23.7,25.3,22.5,29.9,92,14.1,24.5,26.8,22.9,9.7,87,13.7,0.8,1.5,0.4,-20.2,-5,-0.4,-67.56
06-30,Alagoas,Maceió,Nordeste,24.1,25.8,22.5,18.4,87,13.7,24.9,27.4,23.2,5.1,79,13.6,0.8,1.6,0.7,-13.3,-8,-0.1,-72.28
07-01,Alagoas,Maceió,Nordeste,25.3,27.3,23.8,2.6,76,12.8,25.7,28.1,23.0,3.9,72,17.1,0.4,0.8,-0.8,1.3,-4,4.3,50.0
07-02,Alagoas,Maceió,Nordeste,25.5,27.1,23.9,1.0,68,15.8,26.1,28.2,24.6,0.4,66,14.7,0.6,1.1,0.7,-0.6,-2,-1.1,-60.0
07-03,Alagoas,Maceió,Nordeste,24.8,27.1,22.8,3.2,76,13.8,25.7,27.4,24.5,0.7,72,14.7,0.9,0.3,1.7,-2.5,-4,0.9,-78.12
07-04,Alagoas,Maceió,Nordeste,24.4,27.7,22.1,6.0,78,8.6,25.5,27.3,23.8,0.1,70,7.2,1.1,-0.4,1.7,-5.9,-8,-1.4,-98.33
07-05,Alagoas,Maceió,Nordeste,23.9,26.7,21.5,1.4,84,8.1,24.7,27.4,21.2,0.8,81,8.4,0.8,0.7,-0.3,-0.6,-3,0.3,-42.86
07-06,Alagoas,Maceió,Nordeste,24.1,26.4,21.6,0.7,84,11.1,24.7,27.4,21.9,0.7,78,10.9,0.6,1.0,0.3,0.0,-6,-0.2,0.0
07-07,Alagoas,Maceió,Nordeste,24.7,27.1,22.3,5.6,80,12.4,24.4,26.7,21.6,0.3,80,8.1,-0.3,-0.4,-0.7,-5.3,0,-4.3,-94.64
07-08,Alagoas,Maceió,Nordeste,24.0,25.9,21.9,8.9,82,13.8,24.4,26.8,21.4,0.3,81,8.3,0.4,0.9,-0.5,-8.6,-1,-5.5,-96.63
07-09,Alagoas,Maceió,Nordeste,24.0,25.8,22.2,4.8,80,12.5,25.3,27.3,22.3,0.9,76,8.1,1.3,1.5,0.1,-3.9,-4,-4.4,-81.25
07-10,Alagoas,Maceió,Nordeste,24.7,26.1,23.4,4.2,77,16.6,25.2,26.9,23.3,3.7,76,11.4,0.5,0.8,-0.1,-0.5,-1,-5.2,-11.9
07-11,Alagoas,Maceió,Nordeste,24.2,26.7,22.1,9.6,80,17.1,25.3,27.4,23.0,0.0,75,8.2,1.1,0.7,0.9,-9.6,-5,-8.9,-100.0
07-12,Alagoas,Maceió,Nordeste,23.5,25.6,21.4,8.2,81,15.1,24.9,28.0,21.7,0.1,79,8.1,1.4,2.4,0.3,-8.1,-2,-7.0,-98.78
07-13,Alagoas,Maceió,Nordeste,23.9,26.7,21.3,4.3,80,10.2,24.9,28.5,21.3,0.0,81,10.6,1.0,1.8,0.0,-4.3,1,0.4,-100.0
07-14,Alagoas,Maceió,Nordeste,24.6,26.8,22.3,4.4,76,13.7,25.8,29.4,22.9,0.5,80,10.4,1.2,2.6,0.6,-3.9,4,-3.3,-88.64
07-15,Alagoas,Maceió,Nordeste,24.9,26.6,23.1,0.9,72,15.6,25.2,27.1,23.2,13.0,78,17.7,0.3,0.5,0.1,12.1,6,2.1,1344.44
07-16,Alagoas,Maceió,Nordeste,23.0,24.9,20.9,4.3,85,12.0,25.1,26.5,23.9,3.5,71,23.0,2.1,1.6,3.0,-0.8,-14,11.0,-18.6
07-17,Alagoas,Maceió,Nordeste,23.6,26.2,21.2,2.7,84,10.6,24.7,25.9,22.8,6.6,76,20.9,1.1,-0.3,1.6,3.9,-8,10.3,144.44
07-18,Alagoas,Maceió,Nordeste,23.9,26.3,22.2,7.8,87,10.4,25.2,26.4,23.4,5.2,70,21.6,1.3,0.1,1.2,-2.6,-17,11.2,-33.33
07-19,Alagoas,Maceió,Nordeste,23.9,25.9,22.4,4.6,87,9.1,25.2,27.9,23.0,2.5,71,15.1,1.3,2.0,0.6,-2.1,-16,6.0,-45.65
07-20,Alagoas,Maceió,Nordeste,23.9,25.8,22.2,4.3,83,9.7,25.0,27.5,22.6,3.1,77,12.8,1.1,1.7,0.4,-1.2,-6,3.1,-27.91
07-21,Alagoas,Maceió,Nordeste,24.2,27.3,21.1,0.9,79,9.2,25.1,27.1,23.1,4.0,78,12.7,0.9,-0.2,2.0,3.1,-1,3.5,344.44
07-22,Alagoas,Maceió,Nordeste,24.0,25.9,21.6,2.0,85,9.2,24.8,26.5,23.0,4.2,83,10.4,0.8,0.6,1.4,2.2,-2,1.2,110.0
07-23,Alagoas,Maceió,Nordeste,24.1,26.2,22.4,8.2,88,9.0,24.8,26.2,22.9,9.1,83,9.9,0.7,0.0,0.5,0.9,-5,0.9,10.98
07-24,Alagoas,Maceió,Nordeste,24.6,27.2,22.6,4.2,82,14.1,25.6,27.3,23.9,0.0,71,10.2,1.0,0.1,1.3,-4.2,-11,-3.9,-100.0
07-25,Alagoas,Maceió,Nordeste,24.9,27.2,22.3,1.4,71,15.4,26.0,27.4,25.0,0.3,71,10.0,1.1,0.2,2.7,-1.1,0,-5.4,-78.57
07-26,Alagoas,Maceió,Nordeste,25.0,27.7,22.5,1.7,70,13.1,24.9,26.4,23.3,4.5,81,9.6,-0.1,-1.3,0.8,2.8,11,-3.5,164.71
07-27,Alagoas,Maceió,Nordeste,24.0,26.2,22.4,8.4,83,14.2,24.7,27.1,21.8,0.9,79,8.4,0.7,0.9,-0.6,-7.5,-4,-5.8,-89.29
07-28,Alagoas,Maceió,Nordeste,23.3,23.9,22.8,48.4,93,15.0,24.8,26.9,22.5,3.0,79,9.8,1.5,3.0,-0.3,-45.4,-14,-5.2,-93.8
07-29,Alagoas,Maceió,Nordeste,24.5,26.9,22.7,8.5,85,8.8,25.2,27.6,23.4,1.2,73,12.1,0.7,0.7,0.7,-7.3,-12,3.3,-85.88
07-30,Alagoas,Maceió,Nordeste,24.6,27.2,21.7,1.5,83,9.5,24.5,26.9,22.4,3.3,75,8.1,-0.1,-0.3,0.7,1.8,-8,-1.4,120.0
07-31,Alagoas,Maceió,Nordeste,24.7,27.8,22.5,2.6,80,9.1,23.9,27.7,21.0,5.3,81,11.4,-0.8,-0.1,-1.5,2.7,1,2.3,103.85
08-01,Alagoas,Maceió,Nordeste,24.2,27.0,22.0,5.1,84,12.4,25.0,27.5,22.8,3.0,70,17.9,0.8,0.5,0.8,-2.1,-14,5.5,-41.18
08-02,Alagoas,Maceió,Nordeste,22.9,24.5,21.8,16.7,90,13.6,25.1,27.2,23.0,1.0,65,14.5,2.2,2.7,1.2,-15.7,-25,0.9,-94.01
08-03,Alagoas,Maceió,Nordeste,23.0,24.6,21.8,46.2,91,18.7,23.3,25.1,22.1,18.2,89,9.2,0.3,0.5,0.3,-28.0,-2,-9.5,-60.61
08-04,Alagoas,Maceió,Nordeste,23.8,26.8,21.1,14.4,83,13.8,24.6,27.0,22.3,8.3,78,9.8,0.8,0.2,1.2,-6.1,-5,-4.0,-42.36
08-05,Alagoas,Maceió,Nordeste,23.8,25.2,22.4,19.8,87,13.8,25.0,27.2,22.4,0.6,73,7.3,1.2,2.0,0.0,-19.2,-14,-6.5,-96.97
08-06,Alagoas,Maceió,Nordeste,25.1,27.1,23.5,0.8,74,13.9,24.6,27.2,21.1,0.3,81,8.0,-0.5,0.1,-2.4,-0.5,7,-5.9,-62.5
08-07,Alagoas,Maceió,Nordeste,24.6,27.1,22.1,1.6,76,8.9,25.4,28.1,22.4,0.2,82,11.5,0.8,1.0,0.3,-1.4,6,2.6,-87.5
08-08,Alagoas,Maceió,Nordeste,24.0,26.0,22.1,1.9,83,6.5,25.4,27.6,22.8,0.7,81,12.8,1.4,1.6,0.7,-1.2,-2,6.3,-63.16
08-09,Alagoas,Maceió,Nordeste,24.1,26.2,21.5,0.5,86,7.3,25.9,28.1,24.3,0.5,79,12.1,1.8,1.9,2.8,0.0,-7,4.8,0.0
08-10,Alagoas,Maceió,Nordeste,24.8,27.5,21.9,0.1,84,8.9,25.1,27.4,23.4,2.9,83,10.6,0.3,-0.1,1.5,2.8,-1,1.7,2800.0
08-11,Alagoas,Maceió,Nordeste,24.9,27.6,22.7,2.3,85,9.9,24.6,27.1,22.6,8.2,80,14.2,-0.3,-0.5,-0.1,5.9,-5,4.3,256.52
08-12,Alagoas,Maceió,Nordeste,24.3,26.6,22.0,4.2,85,10.1,24.8,26.8,22.5,4.8,78,13.3,0.5,0.2,0.5,0.6,-7,3.2,14.29
08-13,Alagoas,Maceió,Nordeste,24.7,27.6,21.6,0.9,77,9.8,25.4,27.8,23.5,0.8,74,9.0,0.7,0.2,1.9,-0.1,-3,-0.8,-11.11
08-14,Alagoas,Maceió,Nordeste,25.5,27.2,24.0,3.2,73,15.3,25.1,27.3,23.3,0.9,78,7.2,-0.4,0.1,-0.7,-2.3,5,-8.1,-71.88
08-15,Alagoas,Maceió,Nordeste,24.9,26.3,23.0,4.6,77,16.8,25.1,27.2,22.9,0.5,75,9.2,0.2,0.9,-0.1,-4.1,-2,-7.6,-89.13
08-16,Alagoas,Maceió,Nordeste,24.7,26.9,21.9,8.3,75,15.0,25.3,27.2,23.6,3.5,75,14.8,0.6,0.3,1.7,-4.8,0,-0.2,-57.83
08-17,Alagoas,Maceió,Nordeste,24.9,26.5,23.6,1.0,71,14.6,24.2,27.6,22.5,20.0,85,13.8,-0.7,1.1,-1.1,19.0,14,-0.8,1900.0
08-18,Alagoas,Maceió,Nordeste,24.3,26.4,21.6,4.3,77,11.8,24.3,26.7,22.7,17.5,82,18.8,0.0,0.3,1.1,13.2,5,7.0,306.98
08-19,Alagoas,Maceió,Nordeste,23.1,25.0,21.2,10.3,83,15.6,24.5,26.6,22.5,6.8,79,15.4,1.4,1.6,1.3,-3.5,-4,-0.2,-33.98
06-01,Amapá,Macapá,Norte,27.5,29.9,25.2,0.5,78,13.0,26.2,28.9,24.4,13.2,89,5.6,-1.3,-1.0,-0.8,12.7,11,-7.4,2540.0
06-02,Amapá,Macapá,Norte,26.3,28.8,23.7,4.5,84,7.8,26.7,29.4,24.9,6.3,87,6.4,0.4,0.6,1.2,1.8,3,-1.4,40.0
06-03,Amapá,Macapá,Norte,26.2,28.7,23.4,5.3,85,10.6,27.1,29.3,25.9,5.0,83,11.4,0.9,0.6,2.5,-0.3,-2,0.8,-5.66
06-04,Amapá,Macapá,Norte,26.1,28.2,23.7,9.2,85,13.4,27.8,30.9,25.3,1.7,79,12.0,1.7,2.7,1.6,-7.5,-6,-1.4,-81.52
06-05,Amapá,Macapá,Norte,26.5,29.2,24.0,3.8,82,13.9,26.2,29.5,23.5,21.4,88,8.3,-0.3,0.3,-0.5,17.6,6,-5.6,463.16
06-06,Amapá,Macapá,Norte,26.9,28.7,24.7,7.4,83,10.2,26.4,28.8,24.1,10.5,87,9.8,-0.5,0.1,-0.6,3.1,4,-0.4,41.89
06-07,Amapá,Macapá,Norte,25.8,28.5,23.3,9.5,88,8.5,26.0,28.4,23.6,23.7,88,10.1,0.2,-0.1,0.3,14.2,0,1.6,149.47
06-08,Amapá,Macapá,Norte,26.2,29.0,23.6,4.2,86,10.5,25.9,29.5,24.1,23.2,90,9.9,-0.3,0.5,0.5,19.0,4,-0.6,452.38
06-09,Amapá,Macapá,Norte,26.8,29.8,23.6,2.5,81,11.4,26.5,29.7,23.4,2.4,86,9.0,-0.3,-0.1,-0.2,-0.1,5,-2.4,-4.0
06-10,Amapá,Macapá,Norte,26.5,29.2,24.1,3.8,83,10.7,26.0,28.5,23.1,11.6,87,9.9,-0.5,-0.7,-1.0,7.8,4,-0.8,205.26
06-11,Amapá,Macapá,Norte,26.0,28.6,23.4,6.2,86,7.4,26.7,29.9,23.5,7.4,85,6.9,0.7,1.3,0.1,1.2,-1,-0.5,19.35
06-12,Amapá,Macapá,Norte,25.8,28.6,23.7,12.7,87,7.2,27.4,30.7,24.2,0.2,80,12.9,1.6,2.1,0.5,-12.5,-7,5.7,-98.43
06-13,Amapá,Macapá,Norte,25.2,26.8,23.4,7.4,90,7.1,26.7,30.7,24.2,6.7,84,13.6,1.5,3.9,0.8,-0.7,-6,6.5,-9.46
06-14,Amapá,Macapá,Norte,25.8,28.4,24.0,12.3,86,11.1,26.9,30.1,24.6,7.4,85,12.2,1.1,1.7,0.6,-4.9,-1,1.1,-39.84
06-15,Amapá,Macapá,Norte,26.8,29.7,24.5,2.7,80,13.2,27.2,30.7,24.2,3.8,84,9.0,0.4,1.0,-0.3,1.1,4,-4.2,40.74
06-16,Amapá,Macapá,Norte,25.7,28.1,23.2,7.0,85,14.7,26.4,30.4,24.2,5.2,87,8.5,0.7,2.3,1.0,-1.8,2,-6.2,-25.71
06-17,Amapá,Macapá,Norte,26.8,30.1,23.7,1.5,79,11.0,25.4,28.0,23.3,12.3,89,10.0,-1.4,-2.1,-0.4,10.8,10,-1.0,720.0
06-18,Amapá,Macapá,Norte,27.1,30.3,25.1,1.0,79,11.4,26.9,30.1,23.6,0.6,82,8.6,-0.2,-0.2,-1.5,-0.4,3,-2.8,-40.0
06-19,Amapá,Macapá,Norte,25.5,28.5,23.2,27.0,88,7.9,27.3,30.5,23.8,0.2,79,7.3,1.8,2.0,0.6,-26.8,-9,-0.6,-99.26
06-20,Amapá,Macapá,Norte,25.4,28.7,23.6,27.3,89,8.8,26.8,29.8,23.8,7.7,83,8.1,1.4,1.1,0.2,-19.6,-6,-0.7,-71.79
06-21,Amapá,Macapá,Norte,25.7,28.1,22.6,24.4,85,13.5,27.0,30.3,23.1,4.7,81,12.9,1.3,2.2,0.5,-19.7,-4,-0.6,-80.74
06-22,Amapá,Macapá,Norte,26.7,30.1,22.8,1.3,78,10.2,27.4,30.8,24.3,1.6,80,10.6,0.7,0.7,1.5,0.3,2,0.4,23.08
06-23,Amapá,Macapá,Norte,26.9,30.3,22.8,6.8,80,9.2,26.7,30.5,23.5,6.0,85,8.8,-0.2,0.2,0.7,-0.8,5,-0.4,-11.76
06-24,Amapá,Macapá,Norte,26.1,28.0,24.2,4.6,86,11.4,26.6,29.8,22.7,7.9,86,6.9,0.5,1.8,-1.5,3.3,0,-4.5,71.74
06-25,Amapá,Macapá,Norte,25.9,28.9,23.6,6.6,86,10.8,27.2,30.9,25.0,4.7,85,6.7,1.3,2.0,1.4,-1.9,-1,-4.1,-28.79
06-26,Amapá,Macapá,Norte,26.9,29.5,24.5,2.5,81,12.1,26.8,29.8,23.6,5.3,86,10.5,-0.1,0.3,-0.9,2.8,5,-1.6,112.0
06-27,Amapá,Macapá,Norte,26.3,28.6,23.8,9.4,83,11.9,26.6,29.9,23.9,13.9,84,13.7,0.3,1.3,0.1,4.5,1,1.8,47.87
06-28,Amapá,Macapá,Norte,26.2,28.8,23.7,6.5,85,10.7,26.7,30.8,23.7,3.2,84,8.7,0.5,2.0,0.0,-3.3,-1,-2.0,-50.77
06-29,Amapá,Macapá,Norte,26.7,29.6,23.4,2.4,80,9.1,26.1,28.6,23.4,37.2,86,13.6,-0.6,-1.0,0.0,34.8,6,4.5,1450.0
06-30,Amapá,Macapá,Norte,26.3,29.0,23.5,1.9,84,9.3,27.2,30.5,24.4,2.8,80,10.7,0.9,1.5,0.9,0.9,-4,1.4,47.37
07-01,Amapá,Macapá,Norte,26.4,28.9,24.1,6.4,84,11.0,26.8,30.5,23.7,5.2,85,7.9,0.4,1.6,-0.4,-1.2,1,-3.1,-18.75
07-02,Amapá,Macapá,Norte,26.6,29.4,23.6,3.0,83,10.4,25.7,29.2,23.7,17.3,91,8.9,-0.9,-0.2,0.1,14.3,8,-1.5,476.67
07-03,Amapá,Macapá,Norte,26.3,29.1,23.5,10.1,83,12.1,26.2,29.0,24.2,11.6,89,7.8,-0.1,-0.1,0.7,1.5,6,-4.3,14.85
07-04,Amapá,Macapá,Norte,25.5,29.4,22.6,7.0,87,9.5,26.8,30.5,24.4,16.5,86,8.8,1.3,1.1,1.8,9.5,-1,-0.7,135.71
07-05,Amapá,Macapá,Norte,25.4,28.4,23.1,2.5,87,5.9,26.5,30.1,23.9,9.0,87,9.8,1.1,1.7,0.8,6.5,0,3.9,260.0
07-06,Amapá,Macapá,Norte,25.5,28.7,22.4,3.7,85,5.1,26.7,29.2,24.2,2.0,84,9.3,1.2,0.5,1.8,-1.7,-1,4.2,-45.95
07-07,Amapá,Macapá,Norte,26.8,29.6,24.5,0.5,80,8.0,26.8,30.1,23.3,3.0,84,8.4,0.0,0.5,-1.2,2.5,4,0.4,500.0
07-08,Amapá,Macapá,Norte,26.2,29.2,23.1,0.8,82,7.7,26.9,30.2,24.1,3.8,83,11.0,0.7,1.0,1.0,3.0,1,3.3,375.0
07-09,Amapá,Macapá,Norte,27.0,29.7,24.1,1.5,79,11.6,27.0,30.6,23.6,1.8,81,13.2,0.0,0.9,-0.5,0.3,2,1.6,20.0
07-10,Amapá,Macapá,Norte,26.3,29.0,23.6,16.6,83,11.4,27.2,30.3,24.0,8.0,78,16.6,0.9,1.3,0.4,-8.6,-5,5.2,-51.81
07-11,Amapá,Macapá,Norte,25.7,29.0,23.4,7.2,86,9.8,27.5,30.3,25.0,1.3,76,16.4,1.8,1.3,1.6,-5.9,-10,6.6,-81.94
07-12,Amapá,Macapá,Norte,26.1,29.5,22.6,13.2,84,7.3,26.7,29.9,24.0,5.7,84,9.9,0.6,0.4,1.4,-7.5,0,2.6,-56.82
07-13,Amapá,Macapá,Norte,24.8,27.8,22.2,27.6,89,7.4,27.1,29.6,24.6,0.4,81,10.7,2.3,1.8,2.4,-27.2,-8,3.3,-98.55
07-14,Amapá,Macapá,Norte,26.8,29.8,23.8,0.7,80,7.8,27.2,30.2,24.2,2.8,81,13.7,0.4,0.4,0.4,2.1,1,5.9,300.0
07-15,Amapá,Macapá,Norte,26.2,29.1,24.0,9.2,84,7.4,27.4,30.5,24.0,0.1,78,12.7,1.2,1.4,0.0,-9.1,-6,5.3,-98.91
07-16,Amapá,Macapá,Norte,26.2,29.4,23.3,3.3,84,6.3,27.8,30.9,26.1,0.4,73,16.9,1.6,1.5,2.8,-2.9,-11,10.6,-87.88
07-17,Amapá,Macapá,Norte,26.5,29.5,24.7,11.5,84,6.0,26.5,29.5,23.5,7.4,83,14.0,0.0,0.0,-1.2,-4.1,-1,8.0,-35.65
07-18,Amapá,Macapá,Norte,27.3,30.1,24.6,0.1,79,9.3,26.5,28.7,24.3,9.0,84,13.0,-0.8,-1.4,-0.3,8.9,5,3.7,8900.0
07-19,Amapá,Macapá,Norte,26.8,29.9,23.8,0.6,81,9.3,25.5,28.3,23.8,23.7,90,11.7,-1.3,-1.6,0.0,23.1,9,2.4,3850.0
07-20,Amapá,Macapá,Norte,26.4,29.3,23.8,6.6,83,8.9,26.0,28.7,23.9,14.2,87,12.7,-0.4,-0.6,0.1,7.6,4,3.8,115.15
07-21,Amapá,Macapá,Norte,25.8,29.3,23.5,21.6,86,8.8,25.9,28.1,24.5,9.7,86,14.5,0.1,-1.2,1.0,-11.9,0,5.7,-55.09
07-22,Amapá,Macapá,Norte,27.0,30.5,23.9,3.7,80,12.1,26.6,29.9,23.7,3.1,80,14.1,-0.4,-0.6,-0.2,-0.6,0,2.0,-16.22
07-23,Amapá,Macapá,Norte,27.4,30.5,24.8,0.6,77,10.1,27.3,30.6,24.1,1.6,79,12.8,-0.1,0.1,-0.7,1.0,2,2.7,166.67
07-24,Amapá,Macapá,Norte,27.3,30.3,25.1,1.2,79,10.9,26.9,29.7,24.0,2.6,83,15.3,-0.4,-0.6,-1.1,1.4,4,4.4,116.67
07-25,Amapá,Macapá,Norte,26.3,29.3,24.3,8.9,84,11.2,27.4,30.3,24.4,0.5,78,12.0,1.1,1.0,0.1,-8.4,-6,0.8,-94.38
07-26,Amapá,Macapá,Norte,26.4,29.2,23.4,6.8,83,13.1,27.4,31.0,23.7,0.0,77,10.3,1.0,1.8,0.3,-6.8,-6,-2.8,-100.0
07-27,Amapá,Macapá,Norte,27.4,30.9,24.5,1.4,75,11.9,27.1,30.0,24.3,2.3,83,10.3,-0.3,-0.9,-0.2,0.9,8,-1.6,64.29
07-28,Amapá,Macapá,Norte,26.9,30.0,23.6,1.8,80,9.8,27.1,30.5,23.5,3.7,81,13.8,0.2,0.5,-0.1,1.9,1,4.0,105.56
07-29,Amapá,Macapá,Norte,26.6,30.0,23.2,0.9,82,8.7,27.5,30.6,25.1,2.5,79,13.6,0.9,0.6,1.9,1.6,-3,4.9,177.78
07-30,Amapá,Macapá,Norte,26.5,29.4,24.3,3.2,84,9.4,27.3,30.6,24.6,3.4,81,14.9,0.8,1.2,0.3,0.2,-3,5.5,6.25
07-31,Amapá,Macapá,Norte,25.5,27.1,24.0,10.0,87,10.8,26.6,29.4,22.9,8.9,81,14.3,1.1,2.3,-1.1,-1.1,-6,3.5,-11.0
08-01,Amapá,Macapá,Norte,27.3,31.3,24.5,1.6,74,15.6,26.8,30.3,23.6,3.1,79,9.4,-0.5,-1.0,-0.9,1.5,5,-6.2,93.75
08-02,Amapá,Macapá,Norte,27.4,30.8,24.9,0.6,69,13.9,26.6,29.6,24.6,6.0,83,11.1,-0.8,-1.2,-0.3,5.4,14,-2.8,900.0
08-03,Amapá,Macapá,Norte,27.0,30.5,23.4,0.2,75,7.5,25.4,29.5,22.4,28.5,88,9.4,-1.6,-1.0,-1.0,28.3,13,1.9,14150.0
08-04,Amapá,Macapá,Norte,27.7,30.7,25.3,0.1,74,11.1,26.7,30.8,22.8,3.3,82,8.1,-1.0,0.1,-2.5,3.2,8,-3.0,3200.0
08-05,Amapá,Macapá,Norte,27.8,31.7,25.4,0.4,76,9.9,27.6,30.6,25.1,2.1,79,13.1,-0.2,-1.1,-0.3,1.7,3,3.2,425.0
08-06,Amapá,Macapá,Norte,27.3,31.4,24.0,0.7,78,10.7,27.0,29.7,24.0,2.9,82,12.3,-0.3,-1.7,0.0,2.2,4,1.6,314.29
08-07,Amapá,Macapá,Norte,26.4,30.0,24.0,34.5,84,10.7,27.3,30.2,24.9,1.3,81,11.9,0.9,0.2,0.9,-33.2,-3,1.2,-96.23
08-08,Amapá,Macapá,Norte,25.2,28.3,23.2,22.9,88,7.4,27.0,30.5,24.1,1.7,82,12.7,1.8,2.2,0.9,-21.2,-6,5.3,-92.58
08-09,Amapá,Macapá,Norte,26.8,30.3,23.3,1.2,79,11.9,27.0,30.1,24.0,1.4,80,15.0,0.2,-0.2,0.7,0.2,1,3.1,16.67
08-10,Amapá,Macapá,Norte,26.9,30.1,23.4,0.0,77,8.6,27.3,30.6,24.1,1.0,79,11.6,0.4,0.5,0.7,1.0,2,3.0,inf
08-11,Amapá,Macapá,Norte,26.8,30.7,22.3,0.0,78,6.0,27.3,30.7,24.0,0.9,81,10.8,0.5,0.0,1.7,0.9,3,4.8,inf
08-12,Amapá,Macapá,Norte,28.0,31.3,25.1,5.2,78,8.0,27.5,30.6,24.1,0.4,79,10.7,-0.5,-0.7,-1.0,-4.8,1,2.7,-92.31
08-13,Amapá,Macapá,Norte,26.3,29.5,23.4,13.2,84,8.5,27.0,30.3,23.2,9.7,82,7.9,0.7,0.8,-0.2,-3.5,-2,-0.6,-26.52
08-14,Amapá,Macapá,Norte,26.6,29.6,24.1,4.8,82,8.7,27.8,31.9,24.2,0.8,81,11.2,1.2,2.3,0.1,-4.0,-1,2.5,-83.33
08-15,Amapá,Macapá,Norte,27.5,30.7,25.1,1.7,77,12.7,27.8,30.9,25.1,1.3,77,15.7,0.3,0.2,0.0,-0.4,0,3.0,-23.53
08-16,Amapá,Macapá,Norte,28.0,30.9,25.5,0.7,73,15.1,27.4,30.6,24.6,4.1,79,13.1,-0.6,-0.3,-0.9,3.4,6,-2.0,485.71
08-17,Amapá,Macapá,Norte,28.1,31.3,25.7,0.0,70,14.1,27.2,31.2,24.1,4.3,81,15.4,-0.9,-0.1,-1.6,4.3,11,1.3,inf
08-18,Amapá,Macapá,Norte,27.1,30.8,24.0,1.5,77,11.7,27.8,31.4,25.4,1.0,74,14.6,0.7,0.6,1.4,-0.5,-3,2.9,-33.33
08-19,Amapá,Macapá,Norte,27.1,29.7,24.6,1.6,79,9.7,27.6,30.6,24.8,2.4,79,12.3,0.5,0.9,0.2,0.8,0,2.6,50.0
06-01,Amazonas,Manaus,Norte,25.8,28.0,23.8,30.0,87,3.5,26.2,29.3,23.4,0.5,86,4.0,0.4,1.3,-0.4,-29.5,-1,0.5,-98.33
06-02,Amazonas,Manaus,Norte,26.2,28.2,24.0,16.2,87,4.4,25.9,29.0,23.7,6.9,89,4.9,-0.3,0.8,-0.3,-9.3,2,0.5,-57.41
06-03,Amazonas,Manaus,Norte,26.6,29.5,24.8,2.5,85,5.5,27.5,30.8,24.5,5.9,83,6.9,0.9,1.3,-0.3,3.4,-2,1.4,136.0
06-04,Amazonas,Manaus,Norte,27.2,30.2,25.2,0.5,81,7.0,26.4,29.0,23.8,7.0,89,5.1,-0.8,-1.2,-1.4,6.5,8,-1.9,1300.0
06-05,Amazonas,Manaus,Norte,26.7,29.2,24.4,2.4,84,8.1,26.1,29.2,24.1,15.2,88,5.2,-0.6,0.0,-0.3,12.8,4,-2.9,533.33
06-06,Amazonas,Manaus,Norte,27.4,29.5,25.1,0.7,83,6.7,25.8,28.6,23.7,14.2,88,5.1,-1.6,-0.9,-1.4,13.5,5,-1.6,1928.57
06-07,Amazonas,Manaus,Norte,27.7,31.2,23.8,3.4,79,5.4,26.2,28.5,24.0,5.8,87,5.2,-1.5,-2.7,0.2,2.4,8,-0.2,70.59
06-08,Amazonas,Manaus,Norte,25.6,28.4,23.7,29.6,87,5.6,25.8,29.2,23.7,15.4,90,4.1,0.2,0.8,0.0,-14.2,3,-1.5,-47.97
06-09,Amazonas,Manaus,Norte,26.3,29.1,24.2,5.1,87,4.6,25.3,27.8,23.9,9.0,88,4.4,-1.0,-1.3,-0.3,3.9,1,-0.2,76.47
06-10,Amazonas,Manaus,Norte,26.8,30.2,23.9,0.8,82,5.2,25.6,27.8,24.1,12.5,89,4.4,-1.2,-2.4,0.2,11.7,7,-0.8,1462.5
06-11,Amazonas,Manaus,Norte,26.5,29.9,24.2,12.5,85,4.8,26.9,30.5,23.9,15.8,83,6.7,0.4,0.6,-0.3,3.3,-2,1.9,26.4
06-12,Amazonas,Manaus,Norte,25.3,27.9,23.5,19.9,88,4.7,27.7,30.9,25.3,1.5,82,8.1,2.4,3.0,1.8,-18.4,-6,3.4,-92.46
06-13,Amazonas,Manaus,Norte,25.9,28.9,23.4,2.9,84,4.7,28.2,31.1,25.3,0.0,76,9.5,2.3,2.2,1.9,-2.9,-8,4.8,-100.0
06-14,Amazonas,Manaus,Norte,26.5,29.0,24.8,15.4,85,8.0,28.1,31.0,25.7,0.6,78,9.6,1.6,2.0,0.9,-14.8,-7,1.6,-96.1
06-15,Amazonas,Manaus,Norte,26.6,30.3,24.7,1.6,85,8.4,27.3,30.4,24.5,1.5,82,6.2,0.7,0.1,-0.2,-0.1,-3,-2.2,-6.25
06-16,Amazonas,Manaus,Norte,27.5,30.4,24.8,0.4,80,7.6,27.1,31.0,24.7,2.9,86,4.6,-0.4,0.6,-0.1,2.5,6,-3.0,625.0
06-17,Amazonas,Manaus,Norte,27.4,29.8,24.6,4.3,80,8.3,25.9,28.4,23.4,15.0,88,5.3,-1.5,-1.4,-1.2,10.7,8,-3.0,248.84
06-18,Amazonas,Manaus,Norte,28.3,31.1,25.4,0.1,76,6.9,27.1,30.3,24.0,1.1,83,3.1,-1.2,-0.8,-1.4,1.0,7,-3.8,1000.0
06-19,Amazonas,Manaus,Norte,27.2,30.1,23.8,3.3,81,5.6,27.0,29.7,24.4,3.4,86,2.6,-0.2,-0.4,0.6,0.1,5,-3.0,3.03
06-20,Amazonas,Manaus,Norte,26.7,29.7,23.9,6.8,85,3.4,27.4,30.5,24.5,2.3,83,3.6,0.7,0.8,0.6,-4.5,-2,0.2,-66.18
06-21,Amazonas,Manaus,Norte,26.8,29.6,24.4,0.7,84,6.4,28.0,31.6,24.7,2.1,78,7.2,1.2,2.0,0.3,1.4,-6,0.8,200.0
06-22,Amazonas,Manaus,Norte,26.0,28.5,23.4,9.1,87,5.9,28.2,31.5,25.6,1.8,78,7.8,2.2,3.0,2.2,-7.3,-9,1.9,-80.22
06-23,Amazonas,Manaus,Norte,27.8,31.7,24.7,0.1,79,4.8,27.6,30.2,25.5,2.6,80,5.9,-0.2,-1.5,0.8,2.5,1,1.1,2500.0
06-24,Amazonas,Manaus,Norte,27.8,30.4,25.3,1.3,80,6.6,27.4,30.5,23.9,5.6,82,4.3,-0.4,0.1,-1.4,4.3,2,-2.3,330.77
06-25,Amazonas,Manaus,Norte,27.5,30.4,24.0,0.3,80,5.6,25.6,27.1,24.2,37.4,91,5.7,-1.9,-3.3,0.2,37.1,11,0.1,12366.67
06-26,Amazonas,Manaus,Norte,27.2,29.7,24.4,2.5,84,5.0,26.7,29.4,25.0,6.3,86,4.6,-0.5,-0.3,0.6,3.8,2,-0.4,152.0
06-27,Amazonas,Manaus,Norte,27.2,30.3,24.5,3.1,82,6.9,26.7,29.7,23.8,7.4,83,7.7,-0.5,-0.6,-0.7,4.3,1,0.8,138.71
06-28,Amazonas,Manaus,Norte,26.1,28.9,24.3,10.0,88,4.0,27.1,29.5,24.6,6.7,83,8.8,1.0,0.6,0.3,-3.3,-5,4.8,-33.0
06-29,Amazonas,Manaus,Norte,27.6,31.3,24.4,0.5,81,6.8,26.6,29.6,24.2,14.6,86,5.8,-1.0,-1.7,-0.2,14.1,5,-1.0,2820.0
06-30,Amazonas,Manaus,Norte,28.1,31.0,24.7,0.1,77,7.5,26.0,27.8,24.7,11.2,88,6.8,-2.1,-3.2,0.0,11.1,11,-0.7,11100.0
07-01,Amazonas,Manaus,Norte,27.9,31.6,24.8,0.3,78,6.4,27.5,30.7,24.6,0.7,80,7.8,-0.4,-0.9,-0.2,0.4,2,1.4,133.33
07-02,Amazonas,Manaus,Norte,26.4,29.1,25.0,5.0,83,6.3,28.4,31.9,25.3,0.6,77,8.4,2.0,2.8,0.3,-4.4,-6,2.1,-88.0
07-03,Amazonas,Manaus,Norte,26.2,29.2,23.9,7.8,83,4.7,28.9,32.1,26.3,0.3,75,6.4,2.7,2.9,2.4,-7.5,-8,1.7,-96.15
07-04,Amazonas,Manaus,Norte,24.5,26.0,22.9,10.8,89,6.7,29.0,33.1,25.4,0.3,69,6.0,4.5,7.1,2.5,-10.5,-20,-0.7,-97.22
07-05,Amazonas,Manaus,Norte,25.2,28.3,23.2,2.1,85,4.3,28.6,32.6,24.6,0.0,71,5.9,3.4,4.3,1.4,-2.1,-14,1.6,-100.0
07-06,Amazonas,Manaus,Norte,26.2,29.1,23.8,0.1,83,3.7,28.0,30.7,25.0,6.6,78,5.1,1.8,1.6,1.2,6.5,-5,1.4,6500.0
07-07,Amazonas,Manaus,Norte,26.6,29.5,24.2,0.6,81,4.6,26.9,30.6,24.5,3.0,82,4.3,0.3,1.1,0.3,2.4,1,-0.3,400.0
07-08,Amazonas,Manaus,Norte,27.5,31.2,24.0,0.3,77,4.9,28.6,32.3,24.8,0.0,75,6.3,1.1,1.1,0.8,-0.3,-2,1.4,-100.0
07-09,Amazonas,Manaus,Norte,27.4,30.4,24.3,0.7,78,5.2,29.4,32.8,25.8,0.6,69,9.7,2.0,2.4,1.5,-0.1,-9,4.5,-14.29
07-10,Amazonas,Manaus,Norte,26.8,30.1,25.5,2.4,82,6.0,28.9,32.1,25.8,2.6,72,9.0,2.1,2.0,0.3,0.2,-10,3.0,8.33
07-11,Amazonas,Manaus,Norte,26.0,29.0,23.8,5.8,86,4.9,28.9,33.2,26.2,1.7,71,9.4,2.9,4.2,2.4,-4.1,-15,4.5,-70.69
07-12,Amazonas,Manaus,Norte,26.9,30.2,23.8,0.3,83,4.2,29.0,32.2,25.6,0.0,69,7.0,2.1,2.0,1.8,-0.3,-14,2.8,-100.0
07-13,Amazonas,Manaus,Norte,27.2,30.2,24.2,0.9,77,5.9,28.6,31.2,26.1,2.9,76,4.8,1.4,1.0,1.9,2.0,-1,-1.1,222.22
07-14,Amazonas,Manaus,Norte,26.4,29.9,23.7,0.9,83,5.8,27.2,30.8,25.0,9.9,82,4.6,0.8,0.9,1.3,9.0,-1,-1.2,1000.0
07-15,Amazonas,Manaus,Norte,27.8,30.9,24.8,0.0,75,8.1,28.5,32.1,25.6,1.9,75,6.0,0.7,1.2,0.8,1.9,0,-2.1,inf
07-16,Amazonas,Manaus,Norte,27.5,30.4,24.8,0.5,75,6.5,28.9,31.8,26.2,2.8,74,10.4,1.4,1.4,1.4,2.3,-1,3.9,460.0
07-17,Amazonas,Manaus,Norte,28.3,31.4,24.9,0.0,74,5.2,28.5,32.3,25.6,3.0,72,10.6,0.2,0.9,0.7,3.0,-2,5.4,inf
07-18,Amazonas,Manaus,Norte,28.6,32.5,25.0,0.0,70,5.3,28.7,32.1,25.8,1.5,71,10.7,0.1,-0.4,0.8,1.5,1,5.4,inf
07-19,Amazonas,Manaus,Norte,28.4,32.1,24.8,0.7,67,5.8,28.7,32.1,24.8,0.1,70,8.7,0.3,0.0,0.0,-0.6,3,2.9,-85.71
07-20,Amazonas,Manaus,Norte,28.5,32.0,25.5,0.0,67,6.0,29.3,33.1,25.4,0.2,67,7.7,0.8,1.1,-0.1,0.2,0,1.7,inf
07-21,Amazonas,Manaus,Norte,28.0,31.2,25.3,0.0,71,4.9,28.8,32.2,25.6,2.2,72,8.3,0.8,1.0,0.3,2.2,1,3.4,inf
07-22,Amazonas,Manaus,Norte,28.3,32.1,24.9,0.9,74,5.8,29.2,32.5,25.3,0.2,68,9.9,0.9,0.4,0.4,-0.7,-6,4.1,-77.78
07-23,Amazonas,Manaus,Norte,28.8,32.3,25.2,0.3,71,8.6,29.4,32.9,25.4,0.3,68,9.8,0.6,0.6,0.2,0.0,-3,1.2,0.0
07-24,Amazonas,Manaus,Norte,29.1,32.9,25.0,0.6,70,5.6,30.2,33.7,26.6,0.0,64,8.3,1.1,0.8,1.6,-0.6,-6,2.7,-100.0
07-25,Amazonas,Manaus,Norte,29.6,33.3,26.0,0.0,67,7.9,30.2,33.6,26.4,0.3,66,8.6,0.6,0.3,0.4,0.3,-1,0.7,inf
07-26,Amazonas,Manaus,Norte,28.8,32.8,25.8,1.2,71,8.9,29.5,32.7,26.3,1.8,68,6.2,0.7,-0.1,0.5,0.6,-3,-2.7,50.0
07-27,Amazonas,Manaus,Norte,28.8,31.6,26.1,2.2,73,9.1,29.4,32.8,25.2,0.7,69,4.5,0.6,1.2,-0.9,-1.5,-4,-4.6,-68.18
07-28,Amazonas,Manaus,Norte,29.8,33.7,25.7,0.0,65,8.6,28.3,31.4,25.2,4.1,74,4.3,-1.5,-2.3,-0.5,4.1,9,-4.3,inf
07-29,Amazonas,Manaus,Norte,29.8,33.7,25.9,0.0,63,7.1,29.8,33.5,25.4,0.4,67,9.0,0.0,-0.2,-0.5,0.4,4,1.9,inf
07-30,Amazonas,Manaus,Norte,29.3,32.7,25.9,0.4,68,4.6,30.2,33.2,26.8,0.1,65,10.8,0.9,0.5,0.9,-0.3,-3,6.2,-75.0
07-31,Amazonas,Manaus,Norte,29.1,33.0,25.8,0.8,68,7.0,30.0,33.3,26.0,1.6,63,9.1,0.9,0.3,0.2,0.8,-5,2.1,100.0
08-01,Amazonas,Manaus,Norte,27.3,30.8,25.8,6.2,81,7.3,30.0,33.6,26.0,0.4,62,9.6,2.7,2.8,0.2,-5.8,-19,2.3,-93.55
08-02,Amazonas,Manaus,Norte,27.4,29.8,25.3,2.6,79,7.4,30.0,33.2,26.1,0.3,61,11.0,2.6,3.4,0.8,-2.3,-18,3.6,-88.46
08-03,Amazonas,Manaus,Norte,28.4,32.0,24.6,0.0,73,7.2,30.1,33.4,26.0,0.0,59,9.3,1.7,1.4,1.4,0.0,-14,2.1,
08-04,Amazonas,Manaus,Norte,29.3,33.4,25.3,0.0,68,7.7,30.0,33.4,25.7,0.0,58,8.9,0.7,0.0,0.4,0.0,-10,1.2,
08-05,Amazonas,Manaus,Norte,29.9,33.6,26.8,0.0,64,6.9,29.9,33.9,25.5,0.3,59,8.5,0.0,0.3,-1.3,0.3,-5,1.6,inf
08-06,Amazonas,Manaus,Norte,28.0,31.5,24.9,3.5,76,5.9,30.2,33.7,26.0,0.3,60,8.9,2.2,2.2,1.1,-3.2,-16,3.0,-91.43
08-07,Amazonas,Manaus,Norte,27.2,30.1,25.1,1.6,80,6.1,30.3,34.0,26.5,0.1,60,8.4,3.1,3.9,1.4,-1.5,-20,2.3,-93.75
08-08,Amazonas,Manaus,Norte,26.1,29.1,24.3,7.9,83,6.4,30.5,34.0,26.1,0.0,60,8.8,4.4,4.9,1.8,-7.9,-23,2.4,-100.0
08-09,Amazonas,Manaus,Norte,26.8,30.7,23.7,0.4,80,6.2,30.4,33.6,26.5,0.0,61,10.7,3.6,2.9,2.8,-0.4,-19,4.5,-100.0
08-10,Amazonas,Manaus,Norte,26.2,29.1,23.3,25.2,83,5.4,30.8,34.2,27.1,0.1,58,10.3,4.6,5.1,3.8,-25.1,-25,4.9,-99.6
08-11,Amazonas,Manaus,Norte,27.3,30.3,24.9,0.7,82,4.2,30.8,34.8,26.6,0.0,58,7.9,3.5,4.5,1.7,-0.7,-24,3.7,-100.0
08-12,Amazonas,Manaus,Norte,27.6,31.1,24.4,0.7,80,5.0,29.4,32.8,26.4,0.2,65,7.1,1.8,1.7,2.0,-0.5,-15,2.1,-71.43
08-13,Amazonas,Manaus,Norte,28.2,32.1,25.2,0.1,77,5.0,30.1,33.5,26.7,0.7,65,5.2,1.9,1.4,1.5,0.6,-12,0.2,600.0
08-14,Amazonas,Manaus,Norte,28.2,31.4,24.8,1.4,77,5.1,30.7,34.4,26.2,0.0,63,7.7,2.5,3.0,1.4,-1.4,-14,2.6,-100.0
08-15,Amazonas,Manaus,Norte,27.2,32.4,24.9,1.1,78,5.5,30.8,34.7,26.8,0.2,58,8.6,3.6,2.3,1.9,-0.9,-20,3.1,-81.82
08-16,Amazonas,Manaus,Norte,27.8,31.7,24.5,0.8,78,5.2,30.6,34.2,27.0,0.4,60,10.9,2.8,2.5,2.5,-0.4,-18,5.7,-50.0
08-17,Amazonas,Manaus,Norte,28.7,32.6,24.9,0.9,72,5.9,30.2,33.6,26.2,0.2,63,11.2,1.5,1.0,1.3,-0.7,-9,5.3,-77.78
08-18,Amazonas,Manaus,Norte,27.5,30.3,24.1,4.5,81,4.1,30.6,34.9,26.0,0.0,58,12.8,3.1,4.6,1.9,-4.5,-23,8.7,-100.0
08-19,Amazonas,Manaus,Norte,29.8,34.2,25.5,0.0,69,5.8,31.1,34.6,27.3,0.0,56,11.6,1.3,0.4,1.8,0.0,-13,5.8,
06-01,Bahia,Salvador,Nordeste,25.1,26.8,23.2,6.2,83,15.8,24.8,26.1,23.2,2.9,83,7.8,-0.3,-0.7,0.0,-3.3,0,-8.0,-53.23
06-02,Bahia,Salvador,Nordeste,25.9,27.4,24.7,0.7,74,18.7,24.5,26.4,22.7,7.2,85,9.6,-1.4,-1.0,-2.0,6.5,11,-9.1,928.57
06-03,Bahia,Salvador,Nordeste,25.1,26.3,22.8,3.0,77,16.6,24.1,25.5,22.2,17.5,86,12.8,-1.0,-0.8,-0.6,14.5,9,-3.8,483.33
06-04,Bahia,Salvador,Nordeste,25.3,27.3,23.0,2.1,77,14.0,24.9,26.9,22.8,16.6,77,21.2,-0.4,-0.4,-0.2,14.5,0,7.2,690.48
06-05,Bahia,Salvador,Nordeste,25.1,26.7,23.7,3.0,79,12.8,25.1,26.1,23.1,8.2,68,27.1,0.0,-0.6,-0.6,5.2,-11,14.3,173.33
06-06,Bahia,Salvador,Nordeste,24.5,25.8,22.7,2.6,85,10.4,24.6,26.0,23.1,4.3,67,17.8,0.1,0.2,0.4,1.7,-18,7.4,65.38
06-07,Bahia,Salvador,Nordeste,25.0,27.4,23.0,1.6,79,9.0,24.0,25.8,21.5,6.7,76,8.9,-1.0,-1.6,-1.5,5.1,-3,-0.1,318.75
06-08,Bahia,Salvador,Nordeste,25.3,27.0,23.2,0.4,72,11.9,25.2,26.7,23.3,0.2,69,12.0,-0.1,-0.3,0.1,-0.2,-3,0.1,-50.0
06-09,Bahia,Salvador,Nordeste,24.6,26.8,22.4,0.0,80,8.1,25.4,27.1,24.1,0.0,65,11.4,0.8,0.3,1.7,0.0,-15,3.3,
06-10,Bahia,Salvador,Nordeste,25.0,27.1,22.7,1.7,86,8.1,24.8,26.5,23.3,0.0,71,7.5,-0.2,-0.6,0.6,-1.7,-15,-0.6,-100.0
06-11,Bahia,Salvador,Nordeste,25.0,27.0,22.9,0.7,87,8.1,25.3,27.0,23.8,0.0,69,8.9,0.3,0.0,0.9,-0.7,-18,0.8,-100.0
06-12,Bahia,Salvador,Nordeste,23.7,25.3,22.3,11.2,85,16.5,25.1,27.1,22.9,0.0,71,8.1,1.4,1.8,0.6,-11.2,-14,-8.4,-100.0
06-13,Bahia,Salvador,Nordeste,23.4,25.4,21.7,31.5,82,26.6,25.2,27.7,22.7,0.0,72,5.7,1.8,2.3,1.0,-31.5,-10,-20.9,-100.0
06-14,Bahia,Salvador,Nordeste,24.1,25.9,23.4,1.9,69,26.5,24.9,27.0,22.3,0.0,82,7.1,0.8,1.1,-1.1,-1.9,13,-19.4,-100.0
06-15,Bahia,Salvador,Nordeste,24.8,26.1,23.1,0.9,68,20.5,25.5,27.5,23.5,1.0,78,6.5,0.7,1.4,0.4,0.1,10,-14.0,11.11
06-16,Bahia,Salvador,Nordeste,23.9,25.6,22.3,9.4,82,17.2,25.7,27.3,24.3,3.7,81,8.2,1.8,1.7,2.0,-5.7,-1,-9.0,-60.64
06-17,Bahia,Salvador,Nordeste,24.4,25.1,23.3,6.6,77,20.3,25.4,28.0,23.3,1.8,84,8.4,1.0,2.9,0.0,-4.8,7,-11.9,-72.73
06-18,Bahia,Salvador,Nordeste,24.5,26.7,22.5,3.2,73,17.9,24.6,25.8,23.3,10.0,81,20.1,0.1,-0.9,0.8,6.8,8,2.2,212.5
06-19,Bahia,Salvador,Nordeste,24.1,25.1,22.9,2.8,75,14.5,24.5,25.8,23.4,4.7,72,23.7,0.4,0.7,0.5,1.9,-3,9.2,67.86
06-20,Bahia,Salvador,Nordeste,23.7,24.9,22.2,4.3,82,12.7,24.6,25.7,23.5,0.0,61,16.4,0.9,0.8,1.3,-4.3,-21,3.7,-100.0
06-21,Bahia,Salvador,Nordeste,23.8,25.4,21.9,1.7,83,5.8,24.1,26.2,21.8,0.0,69,8.5,0.3,0.8,-0.1,-1.7,-14,2.7,-100.0
06-22,Bahia,Salvador,Nordeste,24.3,26.5,22.1,0.4,79,6.8,24.1,26.4,21.9,0.2,71,7.3,-0.2,-0.1,-0.2,-0.2,-8,0.5,-50.0
06-23,Bahia,Salvador,Nordeste,24.5,26.2,23.0,1.3,77,9.5,23.9,25.7,21.4,3.3,82,9.4,-0.6,-0.5,-1.6,2.0,5,-0.1,153.85
06-24,Bahia,Salvador,Nordeste,23.6,24.8,22.3,6.4,88,11.5,24.6,26.5,22.2,1.8,80,7.5,1.0,1.7,-0.1,-4.6,-8,-4.0,-71.88
06-25,Bahia,Salvador,Nordeste,24.5,26.6,23.2,6.5,84,13.2,25.0,27.5,23.5,7.8,75,13.6,0.5,0.9,0.3,1.3,-9,0.4,20.0
06-26,Bahia,Salvador,Nordeste,24.2,26.0,22.9,13.2,83,17.8,25.3,27.3,23.4,11.0,77,20.7,1.1,1.3,0.5,-2.2,-6,2.9,-16.67
06-27,Bahia,Salvador,Nordeste,24.4,26.1,22.7,2.6,79,13.9,25.5,27.1,22.7,4.4,73,20.2,1.1,1.0,0.0,1.8,-6,6.3,69.23
06-28,Bahia,Salvador,Nordeste,24.5,26.2,22.9,3.3,76,19.1,24.7,26.9,22.2,12.7,79,18.9,0.2,0.7,-0.7,9.4,3,-0.2,284.85
06-29,Bahia,Salvador,Nordeste,24.8,27.2,23.4,1.6,69,14.8,25.5,26.8,24.3,1.5,70,16.4,0.7,-0.4,0.9,-0.1,1,1.6,-6.25
06-30,Bahia,Salvador,Nordeste,24.4,26.1,23.1,0.4,74,14.7,25.0,26.8,24.1,1.8,72,13.7,0.6,0.7,1.0,1.4,-2,-1.0,350.0
07-01,Bahia,Salvador,Nordeste,24.5,26.8,23.2,1.2,74,15.4,24.8,27.3,23.3,4.4,76,14.6,0.3,0.5,0.1,3.2,2,-0.8,266.67
07-02,Bahia,Salvador,Nordeste,24.0,26.3,22.2,1.7,76,15.2,25.1,27.0,23.0,4.0,72,14.2,1.1,0.7,0.8,2.3,-4,-1.0,135.29
07-03,Bahia,Salvador,Nordeste,23.6,24.9,21.8,3.1,76,17.1,24.9,26.7,22.9,2.5,72,14.9,1.3,1.8,1.1,-0.6,-4,-2.2,-19.35
07-04,Bahia,Salvador,Nordeste,23.4,24.5,21.0,2.5,79,13.1,24.1,25.9,22.7,6.8,78,12.2,0.7,1.4,1.7,4.3,-1,-0.9,172.0
07-05,Bahia,Salvador,Nordeste,23.2,24.8,21.6,12.7,80,19.1,23.9,25.0,22.5,9.9,83,11.3,0.7,0.2,0.9,-2.8,3,-7.8,-22.05
07-06,Bahia,Salvador,Nordeste,22.6,23.4,21.8,46.7,89,19.3,24.6,26.1,22.8,2.4,73,12.0,2.0,2.7,1.0,-44.3,-16,-7.3,-94.86
07-07,Bahia,Salvador,Nordeste,23.1,24.1,22.2,15.7,79,23.2,23.9,24.9,22.6,1.9,79,9.6,0.8,0.8,0.4,-13.8,0,-13.6,-87.9
07-08,Bahia,Salvador,Nordeste,23.7,25.1,22.5,1.3,69,18.9,24.3,27.1,21.8,1.2,83,6.1,0.6,2.0,-0.7,-0.1,14,-12.8,-7.69
07-09,Bahia,Salvador,Nordeste,23.5,24.8,22.1,1.6,72,12.8,24.3,26.8,22.0,0.7,79,7.2,0.8,2.0,-0.1,-0.9,7,-5.6,-56.25
07-10,Bahia,Salvador,Nordeste,23.2,24.2,22.0,2.7,76,14.2,24.3,25.9,23.0,2.1,77,7.5,1.1,1.7,1.0,-0.6,1,-6.7,-22.22
07-11,Bahia,Salvador,Nordeste,23.3,24.5,21.5,5.7,79,16.9,24.5,27.3,22.0,0.6,79,6.9,1.2,2.8,0.5,-5.1,0,-10.0,-89.47
07-12,Bahia,Salvador,Nordeste,23.6,25.1,21.9,2.3,71,21.7,24.5,27.5,21.9,1.3,80,8.2,0.9,2.4,0.0,-1.0,9,-13.5,-43.48
07-13,Bahia,Salvador,Nordeste,22.3,23.4,21.5,12.0,82,18.9,24.9,28.5,21.6,0.0,81,9.8,2.6,5.1,0.1,-12.0,-1,-9.1,-100.0
07-14,Bahia,Salvador,Nordeste,22.3,23.9,21.3,18.5,85,15.0,24.5,26.1,23.3,5.9,85,12.9,2.2,2.2,2.0,-12.6,0,-2.1,-68.11
07-15,Bahia,Salvador,Nordeste,22.9,24.3,20.7,3.9,79,11.6,23.9,25.1,22.6,8.1,73,26.9,1.0,0.8,1.9,4.2,-6,15.3,107.69
07-16,Bahia,Salvador,Nordeste,23.7,24.5,22.7,1.4,73,15.0,23.8,25.4,22.7,1.0,64,21.7,0.1,0.9,0.0,-0.4,-9,6.7,-28.57
07-17,Bahia,Salvador,Nordeste,23.2,24.3,22.4,5.6,78,14.4,24.0,25.8,23.0,2.9,68,21.9,0.8,1.5,0.6,-2.7,-10,7.5,-48.21
07-18,Bahia,Salvador,Nordeste,23.4,24.9,22.0,2.4,85,9.7,24.2,26.7,22.5,2.9,70,19.7,0.8,1.8,0.5,0.5,-15,10.0,20.83
07-19,Bahia,Salvador,Nordeste,24.3,26.2,22.7,0.5,78,9.8,24.4,26.0,23.3,2.6,69,19.7,0.1,-0.2,0.6,2.1,-9,9.9,420.0
07-20,Bahia,Salvador,Nordeste,24.1,25.9,22.1,1.0,75,13.4,24.6,26.3,23.2,1.6,70,13.8,0.5,0.4,1.1,0.6,-5,0.4,60.0
07-21,Bahia,Salvador,Nordeste,22.8,24.3,21.1,6.1,84,11.4,23.5,25.3,21.8,10.5,83,13.4,0.7,1.0,0.7,4.4,-1,2.0,72.13
07-22,Bahia,Salvador,Nordeste,24.1,25.9,22.7,1.9,77,11.5,24.0,26.4,21.7,6.7,81,11.2,-0.1,0.5,-1.0,4.8,4,-0.3,252.63
07-23,Bahia,Salvador,Nordeste,23.6,25.0,22.2,1.0,84,10.9,24.6,26.4,23.2,0.9,76,9.2,1.0,1.4,1.0,-0.1,-8,-1.7,-10.0
07-24,Bahia,Salvador,Nordeste,24.3,26.2,22.8,1.2,77,13.9,24.3,26.5,21.8,0.7,76,8.2,0.0,0.3,-1.0,-0.5,-1,-5.7,-41.67
07-25,Bahia,Salvador,Nordeste,23.5,25.9,22.0,3.6,78,15.1,25.2,27.0,23.5,0.0,70,10.0,1.7,1.1,1.5,-3.6,-8,-5.1,-100.0
07-26,Bahia,Salvador,Nordeste,23.3,25.4,21.5,2.2,78,11.2,24.5,26.8,22.0,1.3,77,7.4,1.2,1.4,0.5,-0.9,-1,-3.8,-40.91
07-27,Bahia,Salvador,Nordeste,24.6,26.7,23.3,0.1,65,13.5,24.6,26.3,23.2,0.2,72,10.7,0.0,-0.4,-0.1,0.1,7,-2.8,100.0
07-28,Bahia,Salvador,Nordeste,24.4,26.1,22.8,0.1,70,10.5,24.6,26.6,22.6,2.1,75,10.7,0.2,0.5,-0.2,2.0,5,0.2,2000.0
07-29,Bahia,Salvador,Nordeste,23.9,26.7,21.3,0.1,81,7.3,24.4,27.1,22.1,1.3,77,10.5,0.5,0.4,0.8,1.2,-4,3.2,1200.0
07-30,Bahia,Salvador,Nordeste,24.0,26.5,21.3,0.0,80,10.2,24.7,27.2,22.3,0.0,66,9.7,0.7,0.7,1.0,0.0,-14,-0.5,
07-31,Bahia,Salvador,Nordeste,23.9,24.9,22.4,3.2,77,15.1,24.6,26.1,23.4,2.6,67,18.8,0.7,1.2,1.0,-0.6,-10,3.7,-18.75
08-01,Bahia,Salvador,Nordeste,23.2,25.0,21.3,10.8,79,23.8,25.0,27.1,23.5,0.0,63,17.4,1.8,2.1,2.2,-10.8,-16,-6.4,-100.0
08-02,Bahia,Salvador,Nordeste,23.6,25.6,22.4,1.6,71,23.6,24.9,26.9,22.7,2.7,66,13.5,1.3,1.3,0.3,1.1,-5,-10.1,68.75
08-03,Bahia,Salvador,Nordeste,24.3,26.3,22.4,0.0,66,19.6,24.2,25.9,22.3,3.7,72,14.6,-0.1,-0.4,-0.1,3.7,6,-5.0,inf
08-04,Bahia,Salvador,Nordeste,24.4,26.5,23.1,0.0,62,15.6,24.4,26.4,21.0,2.5,70,12.8,0.0,-0.1,-2.1,2.5,8,-2.8,inf
08-05,Bahia,Salvador,Nordeste,23.9,25.4,22.3,2.4,74,14.4,24.2,25.8,22.3,1.2,75,10.4,0.3,0.4,0.0,-1.2,1,-4.0,-50.0
08-06,Bahia,Salvador,Nordeste,24.0,25.6,22.6,0.8,74,13.7,24.0,25.9,21.7,1.1,82,8.3,0.0,0.3,-0.9,0.3,8,-5.4,37.5
08-07,Bahia,Salvador,Nordeste,23.8,26.0,22.1,1.4,74,13.0,25.2,27.6,22.6,1.7,78,9.3,1.4,1.6,0.5,0.3,4,-3.7,21.43
08-08,Bahia,Salvador,Nordeste,24.2,26.1,22.8,0.2,72,9.7,25.7,29.1,23.0,0.4,78,13.4,1.5,3.0,0.2,0.2,6,3.7,100.0
08-09,Bahia,Salvador,Nordeste,24.2,27.0,21.9,0.4,83,9.2,25.6,28.2,23.3,2.3,76,11.4,1.4,1.2,1.4,1.9,-7,2.2,475.0
08-10,Bahia,Salvador,Nordeste,25.1,29.1,22.0,0.2,79,12.3,25.5,27.4,22.8,0.3,69,10.2,0.4,-1.7,0.8,0.1,-10,-2.1,50.0
08-11,Bahia,Salvador,Nordeste,25.3,27.3,24.1,1.3,76,13.5,25.4,26.9,24.1,2.3,68,20.0,0.1,-0.4,0.0,1.0,-8,6.5,76.92
08-12,Bahia,Salvador,Nordeste,25.1,27.0,23.4,0.7,72,11.3,24.4,25.3,22.8,6.2,75,20.9,-0.7,-1.7,-0.6,5.5,3,9.6,785.71
08-13,Bahia,Salvador,Nordeste,24.7,26.8,23.0,1.2,75,11.2,24.6,26.4,23.2,0.6,69,14.3,-0.1,-0.4,0.2,-0.6,-6,3.1,-50.0
08-14,Bahia,Salvador,Nordeste,25.0,27.2,23.2,0.4,73,10.7,24.6,27.2,21.6,0.0,74,6.7,-0.4,0.0,-1.6,-0.4,1,-4.0,-100.0
08-15,Bahia,Salvador,Nordeste,23.3,24.1,22.2,4.1,80,14.5,25.7,27.8,23.6,0.2,70,12.4,2.4,3.7,1.4,-3.9,-10,-2.1,-95.12
08-16,Bahia,Salvador,Nordeste,23.1,24.9,21.5,11.2,81,15.4,25.6,28.0,23.5,4.5,70,16.7,2.5,3.1,2.0,-6.7,-11,1.3,-59.82
08-17,Bahia,Salvador,Nordeste,22.4,23.4,21.3,19.0,85,18.7,24.3,25.4,22.8,8.9,76,23.5,1.9,2.0,1.5,-10.1,-9,4.8,-53.16
08-18,Bahia,Salvador,Nordeste,23.5,24.6,22.6,1.9,71,20.6,24.3,26.1,22.9,2.6,69,19.2,0.8,1.5,0.3,0.7,-2,-1.4,36.84
08-19,Bahia,Salvador,Nordeste,24.1,25.9,22.8,0.0,63,20.3,24.1,26.0,22.2,2.0,74,13.4,0.0,0.1,-0.6,2.0,11,-6.9,inf
06-01,Ceará,Fortaleza,Nordeste,26.4,29.2,23.3,6.8,79,14.3,27.0,30.3,24.8,5.4,83,7.5,0.6,1.1,1.5,-1.4,4,-6.8,-20.59
06-02,Ceará,Fortaleza,Nordeste,27.2,30.6,22.7,5.1,75,13.8,27.5,30.5,25.0,0.4,78,8.6,0.3,-0.1,2.3,-4.7,3,-5.2,-92.16
06-03,Ceará,Fortaleza,Nordeste,26.4,30.0,23.2,1.5,79,12.6,27.1,29.8,25.2,5.1,80,10.1,0.7,-0.2,2.0,3.6,1,-2.5,240.0
06-04,Ceará,Fortaleza,Nordeste,27.1,29.8,24.6,2.1,76,14.4,27.3,30.5,24.4,2.4,78,10.2,0.2,0.7,-0.2,0.3,2,-4.2,14.29
06-05,Ceará,Fortaleza,Nordeste,26.7,30.0,23.7,5.2,80,13.5,26.9,30.3,23.5,2.6,77,12.2,0.2,0.3,-0.2,-2.6,-3,-1.3,-50.0
06-06,Ceará,Fortaleza,Nordeste,26.4,29.6,23.4,5.3,82,13.6,26.9,30.3,23.6,3.4,79,11.2,0.5,0.7,0.2,-1.9,-3,-2.4,-35.85
06-07,Ceará,Fortaleza,Nordeste,27.4,29.8,25.7,1.2,77,14.8,26.3,29.5,23.0,8.3,81,13.9,-1.1,-0.3,-2.7,7.1,4,-0.9,591.67
06-08,Ceará,Fortaleza,Nordeste,27.5,30.3,24.8,2.4,77,15.3,27.1,30.8,24.0,0.8,76,14.4,-0.4,0.5,-0.8,-1.6,-1,-0.9,-66.67
06-09,Ceará,Fortaleza,Nordeste,26.2,29.4,23.2,4.3,81,13.5,26.9,30.8,23.5,0.9,78,14.2,0.7,1.4,0.3,-3.4,-3,0.7,-79.07
06-10,Ceará,Fortaleza,Nordeste,26.6,29.8,23.3,1.4,80,11.8,26.3,29.6,24.1,9.2,83,13.5,-0.3,-0.2,0.8,7.8,3,1.7,557.14
06-11,Ceará,Fortaleza,Nordeste,27.2,29.8,25.7,2.3,76,12.6,27.0,30.7,23.6,0.0,76,10.7,-0.2,0.9,-2.1,-2.3,0,-1.9,-100.0
06-12,Ceará,Fortaleza,Nordeste,27.0,30.0,24.2,0.8,74,10.5,27.2,29.6,25.1,0.7,77,14.4,0.2,-0.4,0.9,-0.1,3,3.9,-12.5
06-13,Ceará,Fortaleza,Nordeste,27.3,30.8,23.8,1.2,74,13.7,27.2,30.1,24.7,0.3,79,12.7,-0.1,-0.7,0.9,-0.9,5,-1.0,-75.0
06-14,Ceará,Fortaleza,Nordeste,27.5,31.0,24.4,2.1,68,17.7,26.3,29.0,24.8,9.0,83,11.9,-1.2,-2.0,0.4,6.9,15,-5.8,328.57
06-15,Ceará,Fortaleza,Nordeste,26.3,29.6,23.4,2.8,77,13.0,26.9,30.2,23.6,2.7,81,12.4,0.6,0.6,0.2,-0.1,4,-0.6,-3.57
06-16,Ceará,Fortaleza,Nordeste,26.4,30.6,23.2,1.6,76,10.8,27.1,29.9,24.3,0.4,77,13.4,0.7,-0.7,1.1,-1.2,1,2.6,-75.0
06-17,Ceará,Fortaleza,Nordeste,26.8,30.4,23.3,1.3,74,13.0,26.3,29.5,23.7,5.6,83,10.9,-0.5,-0.9,0.4,4.3,9,-2.1,330.77
06-18,Ceará,Fortaleza,Nordeste,26.9,29.1,24.9,0.7,73,16.7,26.7,30.5,22.6,2.4,81,9.7,-0.2,1.4,-2.3,1.7,8,-7.0,242.86
06-19,Ceará,Fortaleza,Nordeste,26.3,29.2,22.6,8.7,78,16.7,27.0,32.0,22.4,3.6,77,11.2,0.7,2.8,-0.2,-5.1,-1,-5.5,-58.62
06-20,Ceará,Fortaleza,Nordeste,24.9,27.5,22.6,28.2,88,13.8,26.2,29.9,22.6,5.9,77,11.1,1.3,2.4,0.0,-22.3,-11,-2.7,-79.08
06-21,Ceará,Fortaleza,Nordeste,25.2,28.3,23.4,24.9,86,15.5,26.9,30.3,23.8,1.7,79,10.0,1.7,2.0,0.4,-23.2,-7,-5.5,-93.17
06-22,Ceará,Fortaleza,Nordeste,25.5,28.6,22.7,8.2,85,14.0,27.3,30.4,24.4,1.2,77,13.4,1.8,1.8,1.7,-7.0,-8,-0.6,-85.37
06-23,Ceará,Fortaleza,Nordeste,26.6,29.3,23.8,0.4,79,15.6,27.5,30.9,24.4,2.5,76,14.1,0.9,1.6,0.6,2.1,-3,-1.5,525.0
06-24,Ceará,Fortaleza,Nordeste,26.5,28.6,24.2,2.1,83,12.9,27.9,31.7,24.7,2.1,71,15.1,1.4,3.1,0.5,0.0,-12,2.2,0.0
06-25,Ceará,Fortaleza,Nordeste,26.5,29.3,24.5,1.6,79,14.1,27.7,31.4,24.0,0.0,68,14.9,1.2,2.1,-0.5,-1.6,-11,0.8,-100.0
06-26,Ceará,Fortaleza,Nordeste,26.5,29.1,24.4,2.3,78,16.8,27.0,29.7,23.6,4.6,77,12.9,0.5,0.6,-0.8,2.3,-1,-3.9,100.0
06-27,Ceará,Fortaleza,Nordeste,26.1,29.0,22.9,4.1,79,12.7,26.7,30.1,23.6,6.2,79,12.0,0.6,1.1,0.7,2.1,0,-0.7,51.22
06-28,Ceará,Fortaleza,Nordeste,25.4,28.2,22.8,6.6,85,10.0,25.8,28.0,23.5,5.3,84,13.1,0.4,-0.2,0.7,-1.3,-1,3.1,-19.7
06-29,Ceará,Fortaleza,Nordeste,24.9,28.1,22.1,9.7,87,11.0,26.6,29.3,23.9,1.6,72,15.2,1.7,1.2,1.8,-8.1,-15,4.2,-83.51
06-30,Ceará,Fortaleza,Nordeste,25.8,28.4,23.1,2.0,83,12.0,27.4,30.2,24.8,1.6,73,16.6,1.6,1.8,1.7,-0.4,-10,4.6,-20.0
07-01,Ceará,Fortaleza,Nordeste,25.1,28.1,22.9,3.9,86,12.2,27.2,30.7,23.6,0.4,71,16.6,2.1,2.6,0.7,-3.5,-15,4.4,-89.74
07-02,Ceará,Fortaleza,Nordeste,25.1,29.4,21.9,12.7,85,12.4,27.1,30.9,23.5,0.0,67,16.5,2.0,1.5,1.6,-12.7,-18,4.1,-100.0
07-03,Ceará,Fortaleza,Nordeste,26.2,30.1,23.1,0.5,74,11.8,25.9,29.3,24.3,10.4,79,14.4,-0.3,-0.8,1.2,9.9,5,2.6,1980.0
07-04,Ceará,Fortaleza,Nordeste,26.2,29.8,23.1,0.7,76,11.9,24.5,25.3,23.5,18.6,91,14.3,-1.7,-4.5,0.4,17.9,15,2.4,2557.14
07-05,Ceará,Fortaleza,Nordeste,26.6,30.9,23.2,0.0,74,11.0,25.8,28.9,23.5,16.6,84,14.0,-0.8,-2.0,0.3,16.6,10,3.0,inf
07-06,Ceará,Fortaleza,Nordeste,26.2,30.0,22.9,5.7,79,10.5,26.9,30.1,24.3,1.0,79,11.2,0.7,0.1,1.4,-4.7,0,0.7,-82.46
07-07,Ceará,Fortaleza,Nordeste,25.7,29.6,22.1,6.3,83,9.5,26.9,30.3,24.4,0.8,77,12.2,1.2,0.7,2.3,-5.5,-6,2.7,-87.3
07-08,Ceará,Fortaleza,Nordeste,27.0,31.6,24.5,4.0,74,14.0,27.0,29.2,25.7,2.0,77,14.7,0.0,-2.4,1.2,-2.0,3,0.7,-50.0
07-09,Ceará,Fortaleza,Nordeste,26.8,31.2,23.8,3.9,73,14.1,25.8,28.8,22.5,6.2,84,14.2,-1.0,-2.4,-1.3,2.3,11,0.1,58.97
07-10,Ceará,Fortaleza,Nordeste,25.6,26.9,24.3,2.9,78,12.0,25.9,28.8,23.1,4.9,82,15.2,0.3,1.9,-1.2,2.0,4,3.2,68.97
07-11,Ceará,Fortaleza,Nordeste,26.1,29.7,23.5,1.0,75,16.9,26.7,28.9,24.6,2.1,78,15.7,0.6,-0.8,1.1,1.1,3,-1.2,110.0
07-12,Ceará,Fortaleza,Nordeste,26.2,30.5,23.2,0.0,74,15.3,26.9,29.2,24.6,0.1,77,16.4,0.7,-1.3,1.4,0.1,3,1.1,inf
07-13,Ceará,Fortaleza,Nordeste,26.3,30.6,23.2,0.6,73,13.2,27.0,29.1,24.6,3.5,78,12.9,0.7,-1.5,1.4,2.9,5,-0.3,483.33
07-14,Ceará,Fortaleza,Nordeste,26.8,31.1,23.8,0.3,75,13.0,27.0,29.3,24.6,1.3,77,10.6,0.2,-1.8,0.8,1.0,2,-2.4,333.33
07-15,Ceará,Fortaleza,Nordeste,26.7,31.0,24.1,1.5,75,12.4,26.7,29.3,23.8,3.4,78,13.8,0.0,-1.7,-0.3,1.9,3,1.4,126.67
07-16,Ceará,Fortaleza,Nordeste,27.1,31.6,23.9,0.0,70,13.2,26.7,30.6,23.6,2.4,74,17.2,-0.4,-1.0,-0.3,2.4,4,4.0,inf
07-17,Ceará,Fortaleza,Nordeste,26.8,31.2,23.7,1.5,72,14.7,27.0,31.4,23.5,0.5,71,17.7,0.2,0.2,-0.2,-1.0,-1,3.0,-66.67
07-18,Ceará,Fortaleza,Nordeste,26.8,29.9,23.6,2.2,74,15.0,26.9,29.8,24.9,3.4,74,18.8,0.1,-0.1,1.3,1.2,0,3.8,54.55
07-19,Ceará,Fortaleza,Nordeste,26.9,30.0,24.6,1.1,74,15.4,27.1,30.9,23.7,0.0,69,16.0,0.2,0.9,-0.9,-1.1,-5,0.6,-100.0
07-20,Ceará,Fortaleza,Nordeste,26.8,29.5,24.1,1.5,76,17.8,27.3,30.3,24.3,2.3,70,16.7,0.5,0.8,0.2,0.8,-6,-1.1,53.33
07-21,Ceará,Fortaleza,Nordeste,26.1,29.0,22.6,4.3,79,13.7,25.4,28.2,23.2,14.3,85,15.3,-0.7,-0.8,0.6,10.0,6,1.6,232.56
07-22,Ceará,Fortaleza,Nordeste,26.6,29.8,24.1,1.7,73,16.0,26.2,29.0,23.4,0.2,78,13.9,-0.4,-0.8,-0.7,-1.5,5,-2.1,-88.24
07-23,Ceará,Fortaleza,Nordeste,26.7,29.6,24.4,2.3,76,16.5,26.5,28.9,24.3,3.1,79,15.2,-0.2,-0.7,-0.1,0.8,3,-1.3,34.78
07-24,Ceará,Fortaleza,Nordeste,26.6,30.1,23.5,3.1,78,16.3,26.0,28.6,23.6,1.9,82,12.8,-0.6,-1.5,0.1,-1.2,4,-3.5,-38.71
07-25,Ceará,Fortaleza,Nordeste,26.7,29.7,24.1,0.1,70,16.8,27.0,30.2,24.2,0.2,76,12.2,0.3,0.5,0.1,0.1,6,-4.6,100.0
07-26,Ceará,Fortaleza,Nordeste,27.0,30.3,24.0,0.0,71,16.2,27.5,30.0,25.5,1.2,75,17.1,0.5,-0.3,1.5,1.2,4,0.9,inf
07-27,Ceará,Fortaleza,Nordeste,27.3,30.8,24.5,0.4,72,14.4,27.1,29.7,24.2,0.9,74,15.8,-0.2,-1.1,-0.3,0.5,2,1.4,125.0
07-28,Ceará,Fortaleza,Nordeste,27.0,29.9,24.5,1.4,76,16.2,27.3,30.0,25.0,0.7,74,16.6,0.3,0.1,0.5,-0.7,-2,0.4,-50.0
07-29,Ceará,Fortaleza,Nordeste,25.8,29.1,22.5,4.3,81,13.4,27.3,30.7,24.2,1.3,70,16.1,1.5,1.6,1.7,-3.0,-11,2.7,-69.77
07-30,Ceará,Fortaleza,Nordeste,26.3,28.7,24.5,1.5,78,14.3,27.5,30.7,25.2,0.3,69,15.9,1.2,2.0,0.7,-1.2,-9,1.6,-80.0
07-31,Ceará,Fortaleza,Nordeste,26.5,29.0,24.6,2.1,76,17.1,27.6,30.5,25.5,0.2,66,15.2,1.1,1.5,0.9,-1.9,-10,-1.9,-90.48
08-01,Ceará,Fortaleza,Nordeste,26.5,29.7,24.2,0.6,74,14.7,27.5,31.7,24.4,0.4,69,15.2,1.0,2.0,0.2,-0.2,-5,0.5,-33.33
08-02,Ceará,Fortaleza,Nordeste,26.7,31.4,23.3,0.8,74,14.8,27.2,31.1,23.8,0.0,63,17.3,0.5,-0.3,0.5,-0.8,-11,2.5,-100.0
08-03,Ceará,Fortaleza,Nordeste,26.9,30.2,24.0,1.1,68,16.4,26.9,29.9,23.6,0.9,72,15.0,0.0,-0.3,-0.4,-0.2,4,-1.4,-18.18
08-04,Ceará,Fortaleza,Nordeste,26.4,29.5,22.8,1.3,74,15.5,27.4,29.9,25.0,0.7,70,17.6,1.0,0.4,2.2,-0.6,-4,2.1,-46.15
08-05,Ceará,Fortaleza,Nordeste,27.0,31.5,22.9,0.4,70,14.9,27.7,31.3,24.6,0.5,68,16.3,0.7,-0.2,1.7,0.1,-2,1.4,25.0
08-06,Ceará,Fortaleza,Nordeste,27.3,31.8,24.5,0.8,71,14.6,27.6,30.6,25.7,0.2,69,17.7,0.3,-1.2,1.2,-0.6,-2,3.1,-75.0
08-07,Ceará,Fortaleza,Nordeste,27.5,31.8,24.9,0.9,68,16.1,27.3,30.1,25.0,1.3,72,17.0,-0.2,-1.7,0.1,0.4,4,0.9,44.44
08-08,Ceará,Fortaleza,Nordeste,27.0,30.5,24.3,0.3,70,15.0,27.4,29.7,25.6,1.4,72,16.9,0.4,-0.8,1.3,1.1,2,1.9,366.67
08-09,Ceará,Fortaleza,Nordeste,26.8,30.3,24.2,0.8,76,11.5,27.1,29.4,25.3,3.8,76,16.4,0.3,-0.9,1.1,3.0,0,4.9,375.0
08-10,Ceará,Fortaleza,Nordeste,27.0,30.6,23.9,0.5,75,12.9,27.0,29.7,24.9,2.3,76,16.1,0.0,-0.9,1.0,1.8,1,3.2,360.0
08-11,Ceará,Fortaleza,Nordeste,27.3,30.2,25.6,1.3,72,14.4,27.4,31.0,25.2,0.7,73,15.3,0.1,0.8,-0.4,-0.6,1,0.9,-46.15
08-12,Ceará,Fortaleza,Nordeste,26.3,29.2,22.7,1.9,75,13.7,27.0,30.9,23.4,0.4,71,15.1,0.7,1.7,0.7,-1.5,-4,1.4,-78.95
08-13,Ceará,Fortaleza,Nordeste,26.5,29.3,23.6,1.4,72,17.1,27.5,30.8,24.4,0.0,67,17.6,1.0,1.5,0.8,-1.4,-5,0.5,-100.0
08-14,Ceará,Fortaleza,Nordeste,27.1,30.9,24.0,0.0,68,16.4,27.9,31.2,25.0,0.0,65,16.7,0.8,0.3,1.0,0.0,-3,0.3,
08-15,Ceará,Fortaleza,Nordeste,26.7,28.6,24.3,2.8,76,18.4,27.7,30.4,25.7,0.4,70,18.1,1.0,1.8,1.4,-2.4,-6,-0.3,-85.71
08-16,Ceará,Fortaleza,Nordeste,26.2,29.6,23.5,1.1,75,15.6,27.9,31.5,25.2,0.5,65,20.4,1.7,1.9,1.7,-0.6,-10,4.8,-54.55
08-17,Ceará,Fortaleza,Nordeste,26.5,30.8,22.6,4.6,72,16.0,27.5,30.8,23.9,0.0,64,20.2,1.0,0.0,1.3,-4.6,-8,4.2,-100.0
08-18,Ceará,Fortaleza,Nordeste,26.9,30.9,23.3,0.2,62,18.2,27.9,31.2,24.8,0.0,64,20.0,1.0,0.3,1.5,-0.2,2,1.8,-100.0
08-19,Ceará,Fortaleza,Nordeste,27.1,31.0,23.4,0.0,62,19.1,27.9,31.5,24.9,1.2,67,18.4,0.8,0.5,1.5,1.2,5,-0.7,inf
06-01,Distrito Federal,Brasília,Centro-Oeste,21.0,24.9,17.4,0.7,72,9.8,20.8,25.8,17.9,1.1,68,3.8,-0.2,0.9,0.5,0.4,-4,-6.0,57.14
06-02,Distrito Federal,Brasília,Centro-Oeste,20.9,25.1,17.5,0.2,70,12.3,20.3,24.8,16.0,0.0,64,5.6,-0.6,-0.3,-1.5,-0.2,-6,-6.7,-100.0
06-03,Distrito Federal,Brasília,Centro-Oeste,20.5,25.0,17.0,0.2,73,11.3,20.3,25.0,16.8,0.0,65,9.5,-0.2,0.0,-0.2,-0.2,-8,-1.8,-100.0
06-04,Distrito Federal,Brasília,Centro-Oeste,20.5,25.6,16.5,0.0,70,9.3,19.1,24.1,15.0,0.0,68,13.2,-1.4,-1.5,-1.5,0.0,-2,3.9,
06-05,Distrito Federal,Brasília,Centro-Oeste,20.9,26.0,16.8,0.0,67,8.3,17.7,22.7,13.7,0.0,68,13.1,-3.2,-3.3,-3.1,0.0,1,4.8,
06-06,Distrito Federal,Brasília,Centro-Oeste,21.5,27.1,16.8,0.0,61,5.7,17.6,23.3,12.8,0.0,62,9.6,-3.9,-3.8,-4.0,0.0,1,3.9,
06-07,Distrito Federal,Brasília,Centro-Oeste,21.7,27.8,16.9,0.0,56,6.7,18.7,24.7,13.2,0.0,56,5.6,-3.0,-3.1,-3.7,0.0,0,-1.1,
06-08,Distrito Federal,Brasília,Centro-Oeste,22.1,28.5,17.1,0.0,47,6.9,20.1,25.7,15.0,0.2,59,3.4,-2.0,-2.8,-2.1,0.2,12,-3.5,inf
06-09,Distrito Federal,Brasília,Centro-Oeste,22.2,28.1,17.2,0.0,45,7.8,20.8,26.7,15.6,0.0,61,3.2,-1.4,-1.4,-1.6,0.0,16,-4.6,
06-10,Distrito Federal,Brasília,Centro-Oeste,21.1,26.6,16.4,0.3,63,4.8,21.4,26.7,16.4,0.5,61,4.8,0.3,0.1,0.0,0.2,-2,0.0,66.67
06-11,Distrito Federal,Brasília,Centro-Oeste,21.2,27.8,16.2,0.0,62,8.7,21.0,26.6,18.4,3.5,72,5.2,-0.2,-1.2,2.2,3.5,10,-3.5,inf
06-12,Distrito Federal,Brasília,Centro-Oeste,20.0,25.0,15.4,0.0,62,8.8,19.3,23.2,17.6,10.9,90,3.5,-0.7,-1.8,2.2,10.9,28,-5.3,inf
06-13,Distrito Federal,Brasília,Centro-Oeste,19.3,23.8,15.8,1.1,70,13.1,19.4,23.7,17.0,11.6,89,5.7,0.1,-0.1,1.2,10.5,19,-7.4,954.55
06-14,Distrito Federal,Brasília,Centro-Oeste,18.3,23.6,13.5,0.0,66,13.1,20.0,25.0,16.5,0.0,84,5.1,1.7,1.4,3.0,0.0,18,-8.0,
06-15,Distrito Federal,Brasília,Centro-Oeste,18.2,24.1,12.6,0.0,61,9.4,21.5,26.4,17.1,1.7,74,3.7,3.3,2.3,4.5,1.7,13,-5.7,inf
06-16,Distrito Federal,Brasília,Centro-Oeste,18.8,24.6,13.8,0.0,56,10.8,21.8,26.4,17.5,0.5,69,7.8,3.0,1.8,3.7,0.5,13,-3.0,inf
06-17,Distrito Federal,Brasília,Centro-Oeste,18.8,25.1,13.2,0.0,60,10.6,21.0,26.3,16.6,0.1,65,9.2,2.2,1.2,3.4,0.1,5,-1.4,inf
06-18,Distrito Federal,Brasília,Centro-Oeste,19.7,25.4,14.8,0.0,62,10.0,20.7,26.5,15.8,0.0,58,9.3,1.0,1.1,1.0,0.0,-4,-0.7,
06-19,Distrito Federal,Brasília,Centro-Oeste,19.7,24.1,15.8,0.4,62,10.2,20.5,26.9,15.6,0.0,68,8.8,0.8,2.8,-0.2,-0.4,6,-1.4,-100.0
06-20,Distrito Federal,Brasília,Centro-Oeste,19.8,24.2,15.1,0.0,53,5.9,21.0,26.1,16.3,0.4,67,4.5,1.2,1.9,1.2,0.4,14,-1.4,inf
06-21,Distrito Federal,Brasília,Centro-Oeste,21.0,27.0,15.6,0.0,48,4.3,20.9,24.6,17.3,0.0,70,3.3,-0.1,-2.4,1.7,0.0,22,-1.0,
06-22,Distrito Federal,Brasília,Centro-Oeste,21.4,27.9,15.4,0.0,51,4.0,21.2,26.2,17.0,0.0,61,7.2,-0.2,-1.7,1.6,0.0,10,3.2,
06-23,Distrito Federal,Brasília,Centro-Oeste,22.6,29.0,17.0,0.0,47,4.0,21.2,26.3,17.1,0.0,64,3.5,-1.4,-2.7,0.1,0.0,17,-0.5,
06-24,Distrito Federal,Brasília,Centro-Oeste,20.5,25.4,16.5,0.2,67,7.7,21.6,27.4,17.5,4.3,64,5.6,1.1,2.0,1.0,4.1,-3,-2.1,2050.0
06-25,Distrito Federal,Brasília,Centro-Oeste,19.6,25.3,14.5,0.1,72,11.1,20.4,26.3,15.6,0.1,70,10.0,0.8,1.0,1.1,0.0,-2,-1.1,0.0
06-26,Distrito Federal,Brasília,Centro-Oeste,20.3,25.4,15.8,0.0,62,11.5,19.8,24.5,16.0,0.0,65,13.7,-0.5,-0.9,0.2,0.0,3,2.2,
06-27,Distrito Federal,Brasília,Centro-Oeste,20.5,26.5,15.8,0.0,58,8.5,19.5,24.5,15.7,0.6,72,11.8,-1.0,-2.0,-0.1,0.6,14,3.3,inf
06-28,Distrito Federal,Brasília,Centro-Oeste,20.3,25.7,15.0,0.0,55,11.6,19.2,24.0,15.0,0.0,72,10.8,-1.1,-1.7,0.0,0.0,17,-0.8,
06-29,Distrito Federal,Brasília,Centro-Oeste,21.2,27.5,15.4,0.0,53,6.4,19.3,24.5,14.9,0.0,68,8.3,-1.9,-3.0,-0.5,0.0,15,1.9,
06-30,Distrito Federal,Brasília,Centro-Oeste,21.0,26.4,16.5,0.0,52,9.6,19.5,25.1,15.1,0.0,65,8.7,-1.5,-1.3,-1.4,0.0,13,-0.9,
07-01,Distrito Federal,Brasília,Centro-Oeste,20.4,26.0,15.5,0.0,47,9.3,19.4,24.7,15.3,0.0,58,10.1,-1.0,-1.3,-0.2,0.0,11,0.8,
07-02,Distrito Federal,Brasília,Centro-Oeste,20.2,25.9,15.1,0.0,49,11.3,19.2,24.4,14.7,0.0,65,11.0,-1.0,-1.5,-0.4,0.0,16,-0.3,
07-03,Distrito Federal,Brasília,Centro-Oeste,19.3,24.6,14.7,0.0,51,12.9,19.3,24.7,14.6,0.0,60,8.8,0.0,0.1,-0.1,0.0,9,-4.1,
07-04,Distrito Federal,Brasília,Centro-Oeste,18.8,23.9,14.1,0.0,55,12.4,20.1,25.9,15.3,0.0,59,5.8,1.3,2.0,1.2,0.0,4,-6.6,
07-05,Distrito Federal,Brasília,Centro-Oeste,18.7,23.8,13.8,0.0,55,9.8,20.8,25.8,16.0,0.0,58,5.3,2.1,2.0,2.2,0.0,3,-4.5,
07-06,Distrito Federal,Brasília,Centro-Oeste,19.1,24.3,13.8,0.0,53,7.2,21.3,26.6,16.4,0.0,53,4.8,2.2,2.3,2.6,0.0,0,-2.4,
07-07,Distrito Federal,Brasília,Centro-Oeste,19.6,25.5,14.4,0.0,46,8.5,21.7,27.7,16.7,0.0,48,3.5,2.1,2.2,2.3,0.0,2,-5.0,
07-08,Distrito Federal,Brasília,Centro-Oeste,19.6,24.9,14.2,0.0,48,8.6,20.7,26.3,15.8,0.0,51,5.5,1.1,1.4,1.6,0.0,3,-3.1,
07-09,Distrito Federal,Brasília,Centro-Oeste,19.6,25.0,14.4,0.0,45,9.4,21.2,26.7,16.4,0.0,53,6.3,1.6,1.7,2.0,0.0,8,-3.1,
07-10,Distrito Federal,Brasília,Centro-Oeste,19.1,24.5,14.0,0.0,46,11.9,21.4,26.7,16.6,0.0,54,4.8,2.3,2.2,2.6,0.0,8,-7.1,
07-11,Distrito Federal,Brasília,Centro-Oeste,18.5,23.0,14.0,0.2,53,11.7,22.1,27.5,17.2,0.0,51,5.0,3.6,4.5,3.2,-0.2,-2,-6.7,-100.0
07-12,Distrito Federal,Brasília,Centro-Oeste,18.5,23.5,13.6,1.0,57,12.2,22.8,27.7,18.3,0.0,47,7.0,4.3,4.2,4.7,-1.0,-10,-5.2,-100.0
07-13,Distrito Federal,Brasília,Centro-Oeste,18.4,23.2,13.7,0.2,58,11.6,22.3,27.1,18.1,0.4,57,8.6,3.9,3.9,4.4,0.2,-1,-3.0,100.0
07-14,Distrito Federal,Brasília,Centro-Oeste,18.6,23.0,14.4,0.0,54,9.3,20.3,25.7,15.5,0.0,66,7.9,1.7,2.7,1.1,0.0,12,-1.4,
07-15,Distrito Federal,Brasília,Centro-Oeste,18.9,24.3,14.0,0.0,49,9.7,19.9,25.3,15.0,0.3,62,11.6,1.0,1.0,1.0,0.3,13,1.9,inf
07-16,Distrito Federal,Brasília,Centro-Oeste,19.7,25.7,14.5,0.0,47,7.9,19.2,24.6,14.7,0.0,62,11.9,-0.5,-1.1,0.2,0.0,15,4.0,
07-17,Distrito Federal,Brasília,Centro-Oeste,19.5,25.0,14.1,0.0,48,7.3,17.4,22.9,12.4,0.0,54,12.9,-2.1,-2.1,-1.7,0.0,6,5.6,
07-18,Distrito Federal,Brasília,Centro-Oeste,20.1,25.9,14.5,0.0,43,5.0,18.0,23.8,12.8,0.0,59,10.5,-2.1,-2.1,-1.7,0.0,16,5.5,
07-19,Distrito Federal,Brasília,Centro-Oeste,20.7,26.7,14.8,0.0,41,5.6,19.2,25.6,13.8,0.0,58,8.9,-1.5,-1.1,-1.0,0.0,17,3.3,
07-20,Distrito Federal,Brasília,Centro-Oeste,21.1,27.0,15.9,0.0,40,5.4,19.6,25.3,14.4,0.0,56,8.0,-1.5,-1.7,-1.5,0.0,16,2.6,
07-21,Distrito Federal,Brasília,Centro-Oeste,21.3,26.9,16.0,0.0,46,8.4,20.7,26.5,15.2,0.0,51,5.5,-0.6,-0.4,-0.8,0.0,5,-2.9,
07-22,Distrito Federal,Brasília,Centro-Oeste,21.9,27.3,16.8,0.0,45,7.4,21.9,27.3,16.4,0.0,46,3.5,0.0,0.0,-0.4,0.0,1,-3.9,
07-23,Distrito Federal,Brasília,Centro-Oeste,22.0,27.5,16.5,0.0,44,6.5,22.7,28.4,16.7,0.0,43,4.6,0.7,0.9,0.2,0.0,-1,-1.9,
07-24,Distrito Federal,Brasília,Centro-Oeste,22.2,27.7,17.1,0.0,40,7.2,23.1,28.2,18.3,0.0,44,3.3,0.9,0.5,1.2,0.0,4,-3.9,
07-25,Distrito Federal,Brasília,Centro-Oeste,22.3,28.0,17.1,0.0,43,8.0,22.4,28.2,16.5,0.0,49,7.3,0.1,0.2,-0.6,0.0,6,-0.7,
07-26,Distrito Federal,Brasília,Centro-Oeste,22.4,27.9,17.3,0.0,41,8.3,21.6,26.6,17.0,0.0,56,7.4,-0.8,-1.3,-0.3,0.0,15,-0.9,
07-27,Distrito Federal,Brasília,Centro-Oeste,22.2,27.7,17.3,0.0,40,9.1,22.4,28.1,17.2,0.0,48,5.6,0.2,0.4,-0.1,0.0,8,-3.5,
07-28,Distrito Federal,Brasília,Centro-Oeste,23.0,29.5,16.8,0.0,39,6.7,23.0,29.0,17.4,0.0,43,6.0,0.0,-0.5,0.6,0.0,4,-0.7,
07-29,Distrito Federal,Brasília,Centro-Oeste,22.6,28.9,16.5,0.0,45,7.5,23.9,29.3,18.2,0.0,42,4.3,1.3,0.4,1.7,0.0,-3,-3.2,
07-30,Distrito Federal,Brasília,Centro-Oeste,21.6,28.5,15.0,0.0,45,8.1,24.3,30.2,19.2,0.0,37,8.5,2.7,1.7,4.2,0.0,-8,0.4,
07-31,Distrito Federal,Brasília,Centro-Oeste,21.9,28.1,16.9,0.0,39,11.1,22.0,27.2,17.5,0.0,39,13.6,0.1,-0.9,0.6,0.0,0,2.5,
08-01,Distrito Federal,Brasília,Centro-Oeste,21.6,27.6,16.1,0.0,54,11.7,20.7,26.7,15.2,0.0,45,11.7,-0.9,-0.9,-0.9,0.0,-9,0.0,
08-02,Distrito Federal,Brasília,Centro-Oeste,20.6,26.5,14.9,0.0,45,11.3,20.4,26.1,15.0,0.0,51,10.3,-0.2,-0.4,0.1,0.0,6,-1.0,
08-03,Distrito Federal,Brasília,Centro-Oeste,19.5,25.8,13.7,0.0,41,10.5,20.6,25.6,15.6,0.0,56,8.9,1.1,-0.2,1.9,0.0,15,-1.6,
08-04,Distrito Federal,Brasília,Centro-Oeste,21.1,27.6,15.0,0.0,40,6.6,21.2,25.1,17.7,0.0,52,8.6,0.1,-2.5,2.7,0.0,12,2.0,
08-05,Distrito Federal,Brasília,Centro-Oeste,21.7,26.9,16.7,0.0,45,5.8,22.0,27.0,16.8,0.0,45,4.9,0.3,0.1,0.1,0.0,0,-0.9,
08-06,Distrito Federal,Brasília,Centro-Oeste,21.6,27.1,15.8,0.0,46,8.8,23.3,29.1,17.4,0.0,39,6.4,1.7,2.0,1.6,0.0,-7,-2.4,
08-07,Distrito Federal,Brasília,Centro-Oeste,23.0,29.1,17.3,0.0,41,5.3,24.5,30.4,19.1,0.0,35,9.6,1.5,1.3,1.8,0.0,-6,4.3,
08-08,Distrito Federal,Brasília,Centro-Oeste,23.6,28.5,18.1,0.0,36,4.3,24.1,31.0,15.8,0.0,38,7.3,0.5,2.5,-2.3,0.0,2,3.0,
08-09,Distrito Federal,Brasília,Centro-Oeste,22.7,29.9,16.8,0.0,38,9.9,25.5,31.9,19.0,0.0,34,5.4,2.8,2.0,2.2,0.0,-4,-4.5,
08-10,Distrito Federal,Brasília,Centro-Oeste,21.3,28.8,14.3,0.0,39,9.5,26.4,32.6,21.7,0.0,31,8.7,5.1,3.8,7.4,0.0,-8,-0.8,
08-11,Distrito Federal,Brasília,Centro-Oeste,21.1,28.0,14.8,0.0,33,8.9,24.6,29.4,20.3,0.0,35,12.3,3.5,1.4,5.5,0.0,2,3.4,
08-12,Distrito Federal,Brasília,Centro-Oeste,20.6,28.3,13.5,0.0,25,6.9,22.9,28.5,17.7,0.0,47,9.5,2.3,0.2,4.2,0.0,22,2.6,
08-13,Distrito Federal,Brasília,Centro-Oeste,23.0,29.8,16.4,0.0,39,7.0,23.5,28.5,19.4,0.0,44,5.4,0.5,-1.3,3.0,0.0,5,-1.6,
08-14,Distrito Federal,Brasília,Centro-Oeste,24.0,29.7,18.6,0.0,43,7.6,24.4,29.8,18.7,0.0,36,5.4,0.4,0.1,0.1,0.0,-7,-2.2,
08-15,Distrito Federal,Brasília,Centro-Oeste,23.4,28.8,18.5,0.0,40,10.8,24.9,30.2,19.4,0.0,33,7.0,1.5,1.4,0.9,0.0,-7,-3.8,
08-16,Distrito Federal,Brasília,Centro-Oeste,22.1,27.7,16.5,0.0,40,12.6,24.1,29.8,19.4,0.0,40,12.4,2.0,2.1,2.9,0.0,0,-0.2,
08-17,Distrito Federal,Brasília,Centro-Oeste,22.0,28.0,16.1,0.0,38,11.4,22.9,27.8,17.8,0.0,49,14.2,0.9,-0.2,1.7,0.0,11,2.8,
08-18,Distrito Federal,Brasília,Centro-Oeste,22.7,28.6,17.5,0.0,37,10.4,22.6,28.9,16.7,0.0,51,11.1,-0.1,0.3,-0.8,0.0,14,0.7,
08-19,Distrito Federal,Brasília,Centro-Oeste,22.6,28.5,17.1,0.0,35,10.2,23.1,29.2,17.6,0.0,41,7.5,0.5,0.7,0.5,0.0,6,-2.7,
06-01,Espírito Santo,Vitória,Sudeste,23.0,26.5,20.7,4.9,89,5.4,22.3,26.1,19.0,0.3,81,6.7,-0.7,-0.4,-1.7,-4.6,-8,1.3,-93.88
06-02,Espírito Santo,Vitória,Sudeste,22.4,24.8,20.9,2.7,88,14.8,22.0,24.9,19.9,2.5,82,11.8,-0.4,0.1,-1.0,-0.2,-6,-3.0,-7.41
06-03,Espírito Santo,Vitória,Sudeste,22.3,25.8,20.8,6.0,91,5.7,22.2,25.3,19.9,0.2,75,15.0,-0.1,-0.5,-0.9,-5.8,-16,9.3,-96.67
06-04,Espírito Santo,Vitória,Sudeste,23.6,29.1,19.5,0.1,84,9.5,20.5,22.6,19.1,16.9,85,15.7,-3.1,-6.5,-0.4,16.8,1,6.2,16800.0
06-05,Espírito Santo,Vitória,Sudeste,23.7,29.8,19.3,0.0,78,8.5,19.2,21.5,17.8,5.0,84,14.5,-4.5,-8.3,-1.5,5.0,6,6.0,inf
06-06,Espírito Santo,Vitória,Sudeste,22.7,27.4,18.8,1.2,87,6.5,19.2,22.4,16.6,0.7,79,8.3,-3.5,-5.0,-2.2,-0.5,-8,1.8,-41.67
06-07,Espírito Santo,Vitória,Sudeste,22.6,25.1,20.8,0.5,85,8.8,19.5,25.2,14.7,0.0,77,5.6,-3.1,0.1,-6.1,-0.5,-8,-3.2,-100.0
06-08,Espírito Santo,Vitória,Sudeste,22.9,27.0,19.2,0.1,86,10.5,19.7,24.8,14.8,0.0,80,4.2,-3.2,-2.2,-4.4,-0.1,-6,-6.3,-100.0
06-09,Espírito Santo,Vitória,Sudeste,22.5,26.0,19.6,1.1,85,10.4,20.9,26.1,16.1,0.0,80,10.3,-1.6,0.1,-3.5,-1.1,-5,-0.1,-100.0
06-10,Espírito Santo,Vitória,Sudeste,21.7,25.6,20.1,6.4,89,10.2,21.1,25.2,17.5,0.0,81,6.1,-0.6,-0.4,-2.6,-6.4,-8,-4.1,-100.0
06-11,Espírito Santo,Vitória,Sudeste,20.6,23.1,19.0,1.9,80,15.9,21.9,26.1,17.9,0.0,81,7.2,1.3,3.0,-1.1,-1.9,1,-8.7,-100.0
06-12,Espírito Santo,Vitória,Sudeste,19.0,21.8,17.1,0.3,70,21.6,23.7,28.4,20.1,3.9,77,14.0,4.7,6.6,3.0,3.6,7,-7.6,1200.0
06-13,Espírito Santo,Vitória,Sudeste,18.7,21.2,16.7,1.4,76,12.1,23.8,30.1,20.8,0.1,80,11.7,5.1,8.9,4.1,-1.3,4,-0.4,-92.86
06-14,Espírito Santo,Vitória,Sudeste,19.0,22.4,15.9,1.3,78,6.2,22.4,25.2,20.1,0.5,85,7.3,3.4,2.8,4.2,-0.8,7,1.1,-61.54
06-15,Espírito Santo,Vitória,Sudeste,19.5,23.5,15.5,0.1,86,4.7,23.5,28.8,19.4,0.2,85,7.3,4.0,5.3,3.9,0.1,-1,2.6,100.0
06-16,Espírito Santo,Vitória,Sudeste,20.0,24.1,16.6,0.4,87,4.9,22.3,24.8,20.5,5.5,90,12.0,2.3,0.7,3.9,5.1,3,7.1,1275.0
06-17,Espírito Santo,Vitória,Sudeste,20.8,25.1,17.1,0.9,83,4.3,21.7,24.0,19.6,0.1,79,13.8,0.9,-1.1,2.5,-0.8,-4,9.5,-88.89
06-18,Espírito Santo,Vitória,Sudeste,21.3,25.4,17.8,1.4,84,5.0,20.6,23.3,18.5,0.0,70,16.3,-0.7,-2.1,0.7,-1.4,-14,11.3,-100.0
06-19,Espírito Santo,Vitória,Sudeste,20.9,24.7,16.9,0.5,84,7.1,20.4,24.4,17.4,0.0,76,7.2,-0.5,-0.3,0.5,-0.5,-8,0.1,-100.0
06-20,Espírito Santo,Vitória,Sudeste,21.4,26.6,17.6,0.0,80,9.1,21.0,26.5,15.9,0.0,73,8.7,-0.4,-0.1,-1.7,0.0,-7,-0.4,
06-21,Espírito Santo,Vitória,Sudeste,22.0,29.1,16.3,0.0,73,9.2,21.6,27.9,16.8,0.0,69,10.7,-0.4,-1.2,0.5,0.0,-4,1.5,
06-22,Espírito Santo,Vitória,Sudeste,22.3,28.1,17.8,0.0,82,9.3,22.0,25.4,19.2,0.6,80,7.0,-0.3,-2.7,1.4,0.6,-2,-2.3,inf
06-23,Espírito Santo,Vitória,Sudeste,23.3,28.2,20.4,0.0,81,15.9,22.8,28.2,18.2,0.0,69,13.4,-0.5,0.0,-2.2,0.0,-12,-2.5,
06-24,Espírito Santo,Vitória,Sudeste,23.6,30.2,19.5,0.2,77,16.2,22.1,27.1,17.6,0.0,79,9.5,-1.5,-3.1,-1.9,-0.2,2,-6.7,-100.0
06-25,Espírito Santo,Vitória,Sudeste,20.2,22.0,18.9,0.0,72,17.4,21.9,25.3,18.7,1.2,83,9.8,1.7,3.3,-0.2,1.2,11,-7.6,inf
06-26,Espírito Santo,Vitória,Sudeste,21.2,26.0,16.7,0.0,75,6.2,21.7,24.3,20.2,0.4,87,6.0,0.5,-1.7,3.5,0.4,12,-0.2,inf
06-27,Espírito Santo,Vitória,Sudeste,22.3,26.7,18.4,0.0,84,8.1,22.0,25.6,19.2,0.2,87,4.0,-0.3,-1.1,0.8,0.2,3,-4.1,inf
06-28,Espírito Santo,Vitória,Sudeste,21.8,25.4,19.0,0.2,88,5.9,21.8,25.3,18.6,0.1,85,5.1,0.0,-0.1,-0.4,-0.1,-3,-0.8,-50.0
06-29,Espírito Santo,Vitória,Sudeste,22.3,28.0,18.2,0.0,79,11.5,22.6,27.1,19.0,0.0,82,8.9,0.3,-0.9,0.8,0.0,3,-2.6,
06-30,Espírito Santo,Vitória,Sudeste,21.8,28.2,16.8,0.0,79,8.8,22.0,25.3,18.5,1.5,87,8.1,0.2,-2.9,1.7,1.5,8,-0.7,inf
07-01,Espírito Santo,Vitória,Sudeste,21.2,24.7,18.2,1.0,87,4.4,22.5,26.7,18.9,0.0,81,8.4,1.3,2.0,0.7,-1.0,-6,4.0,-100.0
07-02,Espírito Santo,Vitória,Sudeste,21.4,25.4,19.1,0.2,83,13.1,22.4,27.5,17.6,0.0,80,9.0,1.0,2.1,-1.5,-0.2,-3,-4.1,-100.0
07-03,Espírito Santo,Vitória,Sudeste,19.2,19.6,18.8,23.0,94,19.6,22.8,27.0,19.7,0.0,80,11.0,3.6,7.4,0.9,-23.0,-14,-8.6,-100.0
07-04,Espírito Santo,Vitória,Sudeste,19.7,22.3,17.5,0.5,80,21.8,21.9,25.7,18.2,0.1,82,7.3,2.2,3.4,0.7,-0.4,2,-14.5,-80.0
07-05,Espírito Santo,Vitória,Sudeste,19.2,22.6,16.6,0.0,76,16.2,21.5,24.1,19.0,0.7,83,12.1,2.3,1.5,2.4,0.7,7,-4.1,inf
07-06,Espírito Santo,Vitória,Sudeste,18.7,22.2,15.5,0.0,79,9.8,21.3,24.5,19.0,0.1,78,12.7,2.6,2.3,3.5,0.1,-1,2.9,inf
07-07,Espírito Santo,Vitória,Sudeste,19.4,22.7,16.4,0.0,76,12.6,21.7,27.7,16.4,0.0,80,8.0,2.3,5.0,0.0,0.0,4,-4.6,
07-08,Espírito Santo,Vitória,Sudeste,19.4,22.2,17.6,0.8,85,6.1,21.5,24.0,19.5,0.0,80,13.5,2.1,1.8,1.9,-0.8,-5,7.4,-100.0
07-09,Espírito Santo,Vitória,Sudeste,19.6,23.0,16.6,4.2,88,8.1,21.1,23.7,19.5,0.0,76,11.0,1.5,0.7,2.9,-4.2,-12,2.9,-100.0
07-10,Espírito Santo,Vitória,Sudeste,19.9,21.8,18.4,1.6,85,14.9,22.0,28.7,16.3,0.0,76,9.2,2.1,6.9,-2.1,-1.6,-9,-5.7,-100.0
07-11,Espírito Santo,Vitória,Sudeste,20.2,22.9,18.3,3.4,86,10.0,21.5,26.4,16.7,0.0,76,7.2,1.3,3.5,-1.6,-3.4,-10,-2.8,-100.0
07-12,Espírito Santo,Vitória,Sudeste,20.1,22.3,18.6,0.8,83,9.5,24.5,32.3,18.9,0.0,66,11.9,4.4,10.0,0.3,-0.8,-17,2.4,-100.0
07-13,Espírito Santo,Vitória,Sudeste,20.0,22.4,18.1,0.2,74,13.5,21.1,23.3,19.2,1.3,75,18.7,1.1,0.9,1.1,1.1,1,5.2,550.0
07-14,Espírito Santo,Vitória,Sudeste,19.7,23.2,16.7,0.0,81,9.4,20.1,23.0,17.8,0.0,65,20.5,0.4,-0.2,1.1,0.0,-16,11.1,
07-15,Espírito Santo,Vitória,Sudeste,19.7,24.6,15.4,0.0,84,4.7,19.6,22.7,17.3,0.4,70,7.2,-0.1,-1.9,1.9,0.4,-14,2.5,inf
07-16,Espírito Santo,Vitória,Sudeste,19.7,23.1,16.4,0.0,84,7.0,20.1,24.8,15.9,0.1,71,5.3,0.4,1.7,-0.5,0.1,-13,-1.7,inf
07-17,Espírito Santo,Vitória,Sudeste,19.6,24.7,15.3,0.0,81,5.9,21.2,25.1,17.2,0.1,70,8.8,1.6,0.4,1.9,0.1,-11,2.9,inf
07-18,Espírito Santo,Vitória,Sudeste,21.7,28.3,16.6,0.0,74,11.2,21.1,24.9,17.4,1.5,84,9.2,-0.6,-3.4,0.8,1.5,10,-2.0,inf
07-19,Espírito Santo,Vitória,Sudeste,21.0,24.1,18.1,0.0,79,13.5,21.6,24.9,18.8,2.7,86,9.6,0.6,0.8,0.7,2.7,7,-3.9,inf
07-20,Espírito Santo,Vitória,Sudeste,20.6,24.1,18.0,0.0,75,12.7,21.5,24.9,18.3,1.6,82,8.2,0.9,0.8,0.3,1.6,7,-4.5,inf
07-21,Espírito Santo,Vitória,Sudeste,20.2,24.0,17.3,0.2,83,6.3,21.6,24.6,19.8,0.7,84,9.7,1.4,0.6,2.5,0.5,1,3.4,250.0
07-22,Espírito Santo,Vitória,Sudeste,21.2,26.9,16.4,0.0,81,10.4,22.4,27.0,19.1,0.1,79,13.3,1.2,0.1,2.7,0.1,-2,2.9,inf
07-23,Espírito Santo,Vitória,Sudeste,22.1,28.5,17.5,0.4,81,9.5,23.7,29.8,19.8,0.0,78,13.7,1.6,1.3,2.3,-0.4,-3,4.2,-100.0
07-24,Espírito Santo,Vitória,Sudeste,21.6,25.0,19.6,0.2,78,12.4,22.5,24.8,20.4,3.4,84,10.5,0.9,-0.2,0.8,3.2,6,-1.9,1600.0
07-25,Espírito Santo,Vitória,Sudeste,21.4,25.2,17.9,1.4,83,6.5,22.7,26.7,20.7,7.2,88,6.9,1.3,1.5,2.8,5.8,5,0.4,414.29
07-26,Espírito Santo,Vitória,Sudeste,21.1,25.4,18.4,5.5,87,6.1,21.7,24.4,20.0,2.0,83,12.9,0.6,-1.0,1.6,-3.5,-4,6.8,-63.64
07-27,Espírito Santo,Vitória,Sudeste,21.6,26.2,17.8,0.7,84,11.8,21.6,25.3,18.4,0.0,78,6.8,0.0,-0.9,0.6,-0.7,-6,-5.0,-100.0
07-28,Espírito Santo,Vitória,Sudeste,23.0,28.8,19.5,0.0,74,16.9,21.9,27.2,17.2,0.0,80,13.2,-1.1,-1.6,-2.3,0.0,6,-3.7,
07-29,Espírito Santo,Vitória,Sudeste,22.0,25.4,20.0,0.1,76,16.8,23.5,29.5,19.2,0.0,78,15.4,1.5,4.1,-0.8,-0.1,2,-1.4,-100.0
07-30,Espírito Santo,Vitória,Sudeste,20.1,22.8,18.2,0.0,65,16.7,22.3,26.6,17.9,0.0,74,12.3,2.2,3.8,-0.3,0.0,9,-4.4,
07-31,Espírito Santo,Vitória,Sudeste,19.6,23.4,16.6,0.0,67,15.1,22.1,24.8,19.8,0.8,76,15.3,2.5,1.4,3.2,0.8,9,0.2,inf
08-01,Espírito Santo,Vitória,Sudeste,19.6,23.1,16.2,0.0,71,9.7,21.6,24.7,19.2,0.4,74,6.3,2.0,1.6,3.0,0.4,3,-3.4,inf
08-02,Espírito Santo,Vitória,Sudeste,19.3,23.4,15.7,1.5,81,4.5,21.5,26.5,17.4,0.4,77,8.8,2.2,3.1,1.7,-1.1,-4,4.3,-73.33
08-03,Espírito Santo,Vitória,Sudeste,20.2,24.1,16.0,0.5,81,6.7,21.4,26.5,16.6,0.0,78,7.9,1.2,2.4,0.6,-0.5,-3,1.2,-100.0
08-04,Espírito Santo,Vitória,Sudeste,21.3,26.2,17.5,0.0,80,9.2,22.4,27.3,17.9,0.0,80,10.6,1.1,1.1,0.4,0.0,0,1.4,
08-05,Espírito Santo,Vitória,Sudeste,21.4,26.0,18.4,1.1,81,7.1,22.7,26.2,19.6,1.6,80,13.4,1.3,0.2,1.2,0.5,-1,6.3,45.45
08-06,Espírito Santo,Vitória,Sudeste,21.2,24.3,19.2,0.4,77,12.5,23.8,29.4,19.9,0.0,74,16.0,2.6,5.1,0.7,-0.4,-3,3.5,-100.0
08-07,Espírito Santo,Vitória,Sudeste,20.8,24.9,17.0,0.2,82,6.1,25.3,32.1,20.2,0.1,75,16.4,4.5,7.2,3.2,-0.1,-7,10.3,-50.0
08-08,Espírito Santo,Vitória,Sudeste,22.2,28.9,17.4,0.0,76,11.9,25.0,29.5,21.4,0.0,81,13.8,2.8,0.6,4.0,0.0,5,1.9,
08-09,Espírito Santo,Vitória,Sudeste,21.8,27.0,18.2,0.0,80,13.5,25.8,31.5,21.8,0.0,77,16.5,4.0,4.5,3.6,0.0,-3,3.0,
08-10,Espírito Santo,Vitória,Sudeste,20.7,22.5,19.3,1.4,73,16.9,23.7,26.6,21.3,3.8,84,16.6,3.0,4.1,2.0,2.4,11,-0.3,171.43
08-11,Espírito Santo,Vitória,Sudeste,19.6,22.6,17.3,0.8,74,17.0,20.5,22.2,19.4,12.1,91,16.6,0.9,-0.4,2.1,11.3,17,-0.4,1412.5
08-12,Espírito Santo,Vitória,Sudeste,19.4,22.7,17.5,0.1,77,12.1,20.5,22.3,18.7,1.2,86,7.5,1.1,-0.4,1.2,1.1,9,-4.6,1100.0
08-13,Espírito Santo,Vitória,Sudeste,20.1,24.4,16.6,0.0,78,6.5,23.2,29.1,18.4,0.0,76,10.3,3.1,4.7,1.8,0.0,-2,3.8,
08-14,Espírito Santo,Vitória,Sudeste,21.7,27.5,17.6,0.0,77,10.5,22.9,26.1,19.8,0.1,84,14.0,1.2,-1.4,2.2,0.1,7,3.5,inf
08-15,Espírito Santo,Vitória,Sudeste,21.0,24.3,19.0,0.2,72,16.6,21.9,23.4,21.1,7.7,89,9.8,0.9,-0.9,2.1,7.5,17,-6.8,3750.0
08-16,Espírito Santo,Vitória,Sudeste,20.3,23.2,17.8,1.5,77,8.5,21.2,22.9,20.1,12.2,89,11.1,0.9,-0.3,2.3,10.7,12,2.6,713.33
08-17,Espírito Santo,Vitória,Sudeste,20.8,23.5,17.8,0.1,77,5.2,21.1,24.2,19.4,5.3,82,7.7,0.3,0.7,1.6,5.2,5,2.5,5200.0
08-18,Espírito Santo,Vitória,Sudeste,21.0,23.7,19.3,1.6,75,6.6,21.2,24.8,17.7,0.1,78,11.9,0.2,1.1,-1.6,-1.5,3,5.3,-93.75
08-19,Espírito Santo,Vitória,Sudeste,20.0,23.8,16.9,2.5,76,6.5,21.8,27.3,17.9,0.0,79,14.1,1.8,3.5,1.0,-2.5,3,7.6,-100.0
06-01,Goiás,Goiânia,Centro-Oeste,23.5,28.6,18.8,0.5,63,8.3,23.1,28.9,18.2,0.5,55,6.8,-0.4,0.3,-0.6,0.0,-8,-1.5,0.0
06-02,Goiás,Goiânia,Centro-Oeste,23.5,27.8,19.4,0.2,64,9.1,21.7,27.8,15.6,0.0,46,7.7,-1.8,0.0,-3.8,-0.2,-18,-1.4,-100.0
06-03,Goiás,Goiânia,Centro-Oeste,23.5,28.5,18.8,0.2,64,7.4,22.3,29.0,15.6,0.0,49,7.8,-1.2,0.5,-3.2,-0.2,-15,0.4,-100.0
06-04,Goiás,Goiânia,Centro-Oeste,24.2,29.4,19.4,0.0,56,7.6,22.6,28.3,17.5,0.0,53,10.1,-1.6,-1.1,-1.9,0.0,-3,2.5,
06-05,Goiás,Goiânia,Centro-Oeste,24.0,28.9,19.2,0.0,57,6.1,21.0,26.7,15.9,0.0,55,10.0,-3.0,-2.2,-3.3,0.0,-2,3.9,
06-06,Goiás,Goiânia,Centro-Oeste,23.5,28.6,17.9,0.0,62,3.8,20.4,26.7,14.3,0.0,51,7.4,-3.1,-1.9,-3.6,0.0,-11,3.6,
06-07,Goiás,Goiânia,Centro-Oeste,23.9,29.4,18.6,0.0,51,5.5,21.4,28.0,14.5,0.0,46,5.9,-2.5,-1.4,-4.1,0.0,-5,0.4,
06-08,Goiás,Goiânia,Centro-Oeste,24.0,29.8,17.9,0.0,45,5.8,22.5,28.4,15.6,0.0,45,4.7,-1.5,-1.4,-2.3,0.0,0,-1.1,
06-09,Goiás,Goiânia,Centro-Oeste,23.1,28.1,18.1,0.0,51,6.1,22.8,29.2,15.9,0.0,46,3.0,-0.3,1.1,-2.2,0.0,-5,-3.1,
06-10,Goiás,Goiânia,Centro-Oeste,22.0,27.1,17.8,0.3,70,6.4,24.1,30.4,17.9,0.0,45,5.4,2.1,3.3,0.1,-0.3,-25,-1.0,-100.0
06-11,Goiás,Goiânia,Centro-Oeste,21.4,26.7,16.7,0.0,68,8.2,24.0,27.7,20.2,0.3,55,4.4,2.6,1.0,3.5,0.3,-13,-3.8,inf
06-12,Goiás,Goiânia,Centro-Oeste,21.3,27.6,15.3,0.0,57,7.1,22.6,26.7,20.4,6.8,73,3.8,1.3,-0.9,5.1,6.8,16,-3.3,inf
06-13,Goiás,Goiânia,Centro-Oeste,22.5,28.2,17.6,0.0,56,8.7,21.9,28.5,18.3,5.2,80,4.6,-0.6,0.3,0.7,5.2,24,-4.1,inf
06-14,Goiás,Goiânia,Centro-Oeste,22.2,27.5,17.3,0.0,53,10.8,22.4,28.7,17.9,3.1,75,6.3,0.2,1.2,0.6,3.1,22,-4.5,inf
06-15,Goiás,Goiânia,Centro-Oeste,22.4,27.9,16.8,0.0,49,7.9,23.8,30.0,17.8,0.4,66,4.2,1.4,2.1,1.0,0.4,17,-3.7,inf
06-16,Goiás,Goiânia,Centro-Oeste,22.2,27.8,17.3,0.0,47,9.8,23.3,27.8,18.9,0.4,68,9.0,1.1,0.0,1.6,0.4,21,-0.8,inf
06-17,Goiás,Goiânia,Centro-Oeste,21.8,27.5,16.0,0.0,45,8.9,22.0,27.8,16.9,0.0,65,8.1,0.2,0.3,0.9,0.0,20,-0.8,
06-18,Goiás,Goiânia,Centro-Oeste,23.0,28.1,17.8,0.0,47,7.7,22.2,29.4,14.8,0.0,51,6.9,-0.8,1.3,-3.0,0.0,4,-0.8,
06-19,Goiás,Goiânia,Centro-Oeste,23.5,28.1,18.8,0.0,48,7.0,24.0,30.6,17.8,0.0,51,5.8,0.5,2.5,-1.0,0.0,3,-1.2,
06-20,Goiás,Goiânia,Centro-Oeste,23.3,28.1,17.7,0.0,45,5.0,23.6,28.5,18.7,0.1,58,4.9,0.3,0.4,1.0,0.1,13,-0.1,inf
06-21,Goiás,Goiânia,Centro-Oeste,24.3,29.6,19.4,0.0,36,5.0,22.7,28.3,17.4,0.0,67,3.4,-1.6,-1.3,-2.0,0.0,31,-1.6,
06-22,Goiás,Goiânia,Centro-Oeste,24.2,29.5,18.1,0.0,39,5.6,24.1,29.2,18.9,0.0,55,5.4,-0.1,-0.3,0.8,0.0,16,-0.2,
06-23,Goiás,Goiânia,Centro-Oeste,24.7,30.6,18.6,0.0,46,8.4,24.2,29.4,18.2,0.4,59,4.8,-0.5,-1.2,-0.4,0.4,13,-3.6,inf
06-24,Goiás,Goiânia,Centro-Oeste,19.5,22.9,15.6,7.6,79,8.2,21.0,27.8,16.0,2.1,76,8.2,1.5,4.9,0.4,-5.5,-3,0.0,-72.37
06-25,Goiás,Goiânia,Centro-Oeste,20.1,27.6,13.7,0.0,73,8.1,20.7,27.3,15.3,0.5,71,8.2,0.6,-0.3,1.6,0.5,-2,0.1,inf
06-26,Goiás,Goiânia,Centro-Oeste,22.5,27.9,18.5,0.0,63,7.7,22.3,28.0,17.5,0.0,64,10.0,-0.2,0.1,-1.0,0.0,1,2.3,
06-27,Goiás,Goiânia,Centro-Oeste,22.3,28.1,17.5,0.0,58,6.0,23.2,29.6,17.7,0.0,56,9.1,0.9,1.5,0.2,0.0,-2,3.1,
06-28,Goiás,Goiânia,Centro-Oeste,22.1,27.9,16.7,0.0,55,9.4,23.6,29.4,18.5,0.0,54,8.6,1.5,1.5,1.8,0.0,-1,-0.8,
06-29,Goiás,Goiânia,Centro-Oeste,23.0,28.3,17.9,0.0,49,5.3,23.7,29.8,18.3,0.0,53,6.8,0.7,1.5,0.4,0.0,4,1.5,
06-30,Goiás,Goiânia,Centro-Oeste,23.1,28.6,17.4,0.0,46,7.1,23.4,29.6,17.4,0.0,50,7.0,0.3,1.0,0.0,0.0,4,-0.1,
07-01,Goiás,Goiânia,Centro-Oeste,21.1,26.8,15.5,0.0,61,9.5,23.5,28.9,18.1,0.0,43,9.8,2.4,2.1,2.6,0.0,-18,0.3,
07-02,Goiás,Goiânia,Centro-Oeste,21.3,27.9,15.1,0.0,59,8.9,22.9,28.7,17.0,0.0,46,8.1,1.6,0.8,1.9,0.0,-13,-0.8,
07-03,Goiás,Goiânia,Centro-Oeste,21.5,27.3,15.6,0.0,50,9.2,23.1,28.6,17.7,0.0,49,8.0,1.6,1.3,2.1,0.0,-1,-1.2,
07-04,Goiás,Goiânia,Centro-Oeste,21.2,26.5,15.9,0.0,49,9.5,23.5,29.8,17.0,0.0,40,5.1,2.3,3.3,1.1,0.0,-9,-4.4,
07-05,Goiás,Goiânia,Centro-Oeste,21.0,26.4,15.7,0.0,48,8.1,23.6,29.8,16.3,0.0,42,5.3,2.6,3.4,0.6,0.0,-6,-2.8,
07-06,Goiás,Goiânia,Centro-Oeste,21.4,26.6,15.9,0.0,44,6.9,23.8,29.7,17.1,0.0,42,4.8,2.4,3.1,1.2,0.0,-2,-2.1,
07-07,Goiás,Goiânia,Centro-Oeste,21.6,27.2,15.8,0.0,43,5.7,23.5,30.2,16.7,0.0,42,6.2,1.9,3.0,0.9,0.0,-1,0.5,
07-08,Goiás,Goiânia,Centro-Oeste,21.9,27.4,15.8,0.0,42,6.2,23.4,30.1,16.4,0.0,47,5.8,1.5,2.7,0.6,0.0,5,-0.4,
07-09,Goiás,Goiânia,Centro-Oeste,22.5,27.8,16.6,0.0,38,7.5,24.5,31.0,18.2,0.0,41,6.3,2.0,3.2,1.6,0.0,3,-1.2,
07-10,Goiás,Goiânia,Centro-Oeste,22.2,27.4,17.2,0.0,36,10.1,25.0,31.0,19.2,0.0,39,4.9,2.8,3.6,2.0,0.0,3,-5.2,
07-11,Goiás,Goiânia,Centro-Oeste,21.8,26.2,17.0,0.0,42,10.3,25.1,31.0,18.8,0.0,40,5.0,3.3,4.8,1.8,0.0,-2,-5.3,
07-12,Goiás,Goiânia,Centro-Oeste,21.8,26.6,16.4,0.0,45,9.0,24.8,29.9,19.2,0.0,44,5.3,3.0,3.3,2.8,0.0,-1,-3.7,
07-13,Goiás,Goiânia,Centro-Oeste,22.0,26.6,17.8,0.0,44,9.0,23.8,28.3,20.2,0.1,59,7.6,1.8,1.7,2.4,0.1,15,-1.4,inf
07-14,Goiás,Goiânia,Centro-Oeste,22.7,26.7,17.9,0.0,41,6.7,22.0,28.8,15.0,0.0,49,7.9,-0.7,2.1,-2.9,0.0,8,1.2,
07-15,Goiás,Goiânia,Centro-Oeste,22.7,27.1,17.6,0.0,34,8.2,23.6,30.5,17.3,0.0,42,8.4,0.9,3.4,-0.3,0.0,8,0.2,
07-16,Goiás,Goiânia,Centro-Oeste,22.7,27.8,17.4,0.0,37,6.4,24.2,30.4,18.8,0.0,47,9.8,1.5,2.6,1.4,0.0,10,3.4,
07-17,Goiás,Goiânia,Centro-Oeste,22.8,28.1,17.2,0.0,36,5.5,22.2,28.6,16.4,0.0,39,10.7,-0.6,0.5,-0.8,0.0,3,5.2,
07-18,Goiás,Goiânia,Centro-Oeste,22.7,28.1,16.9,0.0,35,5.1,21.7,27.9,15.8,0.0,41,9.7,-1.0,-0.2,-1.1,0.0,6,4.6,
07-19,Goiás,Goiânia,Centro-Oeste,22.2,28.1,15.7,0.0,41,6.8,23.0,28.5,17.2,0.0,42,9.5,0.8,0.4,1.5,0.0,1,2.7,
07-20,Goiás,Goiânia,Centro-Oeste,23.1,28.9,16.4,0.0,35,5.6,24.0,30.0,17.7,0.0,41,6.3,0.9,1.1,1.3,0.0,6,0.7,
07-21,Goiás,Goiânia,Centro-Oeste,24.0,29.4,17.9,0.0,38,5.6,24.5,30.3,18.1,0.0,37,5.7,0.5,0.9,0.2,0.0,-1,0.1,
07-22,Goiás,Goiânia,Centro-Oeste,24.8,30.0,19.1,0.0,40,3.9,25.0,30.2,18.4,0.0,34,4.4,0.2,0.2,-0.7,0.0,-6,0.5,
07-23,Goiás,Goiânia,Centro-Oeste,25.1,30.3,19.3,0.0,36,4.8,25.6,31.8,18.3,0.0,35,3.4,0.5,1.5,-1.0,0.0,-1,-1.4,
07-24,Goiás,Goiânia,Centro-Oeste,25.4,30.7,19.7,0.0,34,5.3,26.1,31.7,19.7,0.0,36,5.9,0.7,1.0,0.0,0.0,2,0.6,
07-25,Goiás,Goiânia,Centro-Oeste,25.4,30.8,19.9,0.0,35,4.9,24.8,30.7,18.6,0.0,44,7.0,-0.6,-0.1,-1.3,0.0,9,2.1,
07-26,Goiás,Goiânia,Centro-Oeste,25.4,31.0,19.6,0.0,35,5.3,24.8,30.9,18.5,0.0,47,7.8,-0.6,-0.1,-1.1,0.0,12,2.5,
07-27,Goiás,Goiânia,Centro-Oeste,25.3,30.6,19.7,0.0,34,5.8,25.5,31.8,18.8,0.0,39,5.6,0.2,1.2,-0.9,0.0,5,-0.2,
07-28,Goiás,Goiânia,Centro-Oeste,25.2,31.3,19.0,0.0,36,7.6,26.2,33.0,19.3,0.0,33,5.2,1.0,1.7,0.3,0.0,-3,-2.4,
07-29,Goiás,Goiânia,Centro-Oeste,21.8,27.4,17.1,0.0,59,8.3,26.8,32.1,21.1,0.0,34,5.1,5.0,4.7,4.0,0.0,-25,-3.2,
07-30,Goiás,Goiânia,Centro-Oeste,21.3,28.8,14.1,0.0,38,8.1,27.1,33.6,21.2,0.0,34,7.9,5.8,4.8,7.1,0.0,-4,-0.2,
07-31,Goiás,Goiânia,Centro-Oeste,23.6,30.7,16.6,0.0,29,8.0,25.3,31.3,19.6,0.0,36,12.4,1.7,0.6,3.0,0.0,7,4.4,
08-01,Goiás,Goiânia,Centro-Oeste,25.4,31.4,20.1,0.0,41,10.1,24.3,30.7,18.2,0.0,35,8.9,-1.1,-0.7,-1.9,0.0,-6,-1.2,
08-02,Goiás,Goiânia,Centro-Oeste,24.4,30.4,19.0,0.0,35,10.2,24.2,30.6,18.0,0.0,35,7.3,-0.2,0.2,-1.0,0.0,0,-2.9,
08-03,Goiás,Goiânia,Centro-Oeste,23.5,29.7,17.4,0.0,27,9.7,24.2,29.9,18.6,0.0,40,9.2,0.7,0.2,1.2,0.0,13,-0.5,
08-04,Goiás,Goiânia,Centro-Oeste,23.7,29.5,17.7,0.0,28,7.2,24.8,29.8,20.3,0.0,43,7.7,1.1,0.3,2.6,0.0,15,0.5,
08-05,Goiás,Goiânia,Centro-Oeste,23.6,29.5,19.3,0.0,34,6.3,25.6,30.9,19.7,0.0,41,5.2,2.0,1.4,0.4,0.0,7,-1.1,
08-06,Goiás,Goiânia,Centro-Oeste,23.9,30.4,17.6,0.0,43,6.8,25.8,32.0,18.8,0.0,37,6.4,1.9,1.6,1.2,0.0,-6,-0.4,
08-07,Goiás,Goiânia,Centro-Oeste,25.2,31.2,19.0,0.0,35,6.6,25.6,32.1,19.3,0.0,39,8.4,0.4,0.9,0.3,0.0,4,1.8,
08-08,Goiás,Goiânia,Centro-Oeste,25.8,31.1,21.0,0.0,29,6.0,26.5,32.9,19.6,0.0,39,8.2,0.7,1.8,-1.4,0.0,10,2.2,
08-09,Goiás,Goiânia,Centro-Oeste,21.6,26.7,17.1,0.0,49,10.0,27.8,34.4,20.4,0.0,34,4.4,6.2,7.7,3.3,0.0,-15,-5.6,
08-10,Goiás,Goiânia,Centro-Oeste,21.0,28.7,14.4,0.0,37,8.4,28.7,35.5,22.3,0.0,28,6.0,7.7,6.8,7.9,0.0,-9,-2.4,
08-11,Goiás,Goiânia,Centro-Oeste,20.5,27.1,14.5,0.0,29,8.2,27.9,33.7,21.7,0.0,25,9.7,7.4,6.6,7.2,0.0,-4,1.5,
08-12,Goiás,Goiânia,Centro-Oeste,20.2,27.7,12.5,0.0,24,7.0,26.6,32.3,21.1,0.0,33,10.3,6.4,4.6,8.6,0.0,9,3.3,
08-13,Goiás,Goiânia,Centro-Oeste,23.5,31.6,14.9,0.0,24,6.1,27.4,33.0,21.7,0.0,31,6.8,3.9,1.4,6.8,0.0,7,0.7,
08-14,Goiás,Goiânia,Centro-Oeste,25.4,32.2,17.9,0.0,29,6.1,27.4,33.4,20.8,0.0,28,4.2,2.0,1.2,2.9,0.0,-1,-1.9,
08-15,Goiás,Goiânia,Centro-Oeste,26.3,32.0,19.7,0.0,28,8.4,27.7,33.8,21.2,0.0,25,6.0,1.4,1.8,1.5,0.0,-3,-2.4,
08-16,Goiás,Goiânia,Centro-Oeste,26.3,31.6,20.7,0.0,31,9.3,28.0,33.9,22.3,0.0,28,10.1,1.7,2.3,1.6,0.0,-3,0.8,
08-17,Goiás,Goiânia,Centro-Oeste,26.0,31.8,20.1,0.0,27,10.0,26.5,31.8,21.4,0.0,37,12.6,0.5,0.0,1.3,0.0,10,2.6,
08-18,Goiás,Goiânia,Centro-Oeste,26.2,32.0,20.5,0.0,25,9.7,26.5,32.4,20.2,0.0,38,8.8,0.3,0.4,-0.3,0.0,13,-0.9,
08-19,Goiás,Goiânia,Centro-Oeste,26.6,32.2,21.2,0.0,27,9.2,27.4,33.6,20.9,0.0,33,6.0,0.8,1.4,-0.3,0.0,6,-3.2,
06-01,Maranhão,São Luís,Nordeste,27.0,30.3,24.1,5.3,82,10.7,27.1,30.8,25.1,8.3,84,6.5,0.1,0.5,1.0,3.0,2,-4.2,56.6
06-02,Maranhão,São Luís,Nordeste,26.2,30.7,23.2,6.5,85,8.3,27.1,31.3,24.2,8.2,83,9.5,0.9,0.6,1.0,1.7,-2,1.2,26.15
06-03,Maranhão,São Luís,Nordeste,26.5,30.8,22.5,6.8,83,11.1,27.5,31.0,25.3,2.8,80,10.7,1.0,0.2,2.8,-4.0,-3,-0.4,-58.82
06-04,Maranhão,São Luís,Nordeste,27.1,30.6,25.2,5.7,80,12.4,27.4,31.3,25.0,8.4,81,8.7,0.3,0.7,-0.2,2.7,1,-3.7,47.37
06-05,Maranhão,São Luís,Nordeste,27.6,32.1,25.3,0.5,77,11.3,28.0,32.4,24.8,0.8,78,8.8,0.4,0.3,-0.5,0.3,1,-2.5,60.0
06-06,Maranhão,São Luís,Nordeste,27.1,30.9,24.3,8.4,82,9.1,27.1,30.9,24.1,5.0,84,7.1,0.0,0.0,-0.2,-3.4,2,-2.0,-40.48
06-07,Maranhão,São Luís,Nordeste,27.8,31.8,24.5,0.4,79,9.3,27.0,30.9,23.6,3.2,82,7.3,-0.8,-0.9,-0.9,2.8,3,-2.0,700.0
06-08,Maranhão,São Luís,Nordeste,28.0,31.4,23.7,6.3,78,11.0,27.9,32.5,25.0,0.4,79,9.6,-0.1,1.1,1.3,-5.9,1,-1.4,-93.65
06-09,Maranhão,São Luís,Nordeste,27.3,31.1,23.7,5.1,80,11.2,28.1,32.8,24.9,0.6,77,9.5,0.8,1.7,1.2,-4.5,-3,-1.7,-88.24
06-10,Maranhão,São Luís,Nordeste,27.8,31.2,25.1,0.5,76,11.3,27.8,32.0,25.4,3.3,79,10.9,0.0,0.8,0.3,2.8,3,-0.4,560.0
06-11,Maranhão,São Luís,Nordeste,27.3,31.2,24.6,4.1,80,8.9,27.2,31.2,24.5,0.7,81,9.5,-0.1,0.0,-0.1,-3.4,1,0.6,-82.93
06-12,Maranhão,São Luís,Nordeste,26.5,30.4,23.5,5.0,83,9.6,27.7,31.3,25.3,1.6,80,10.1,1.2,0.9,1.8,-3.4,-3,0.5,-68.0
06-13,Maranhão,São Luís,Nordeste,26.6,29.6,25.0,7.0,83,8.2,27.8,31.1,25.6,1.1,80,13.9,1.2,1.5,0.6,-5.9,-3,5.7,-84.29
06-14,Maranhão,São Luís,Nordeste,26.5,29.3,24.9,3.8,83,9.0,27.9,32.3,25.2,0.6,78,11.7,1.4,3.0,0.3,-3.2,-5,2.7,-84.21
06-15,Maranhão,São Luís,Nordeste,26.8,30.5,23.6,1.7,81,9.2,28.2,32.3,25.5,0.6,79,11.4,1.4,1.8,1.9,-1.1,-2,2.2,-64.71
06-16,Maranhão,São Luís,Nordeste,26.9,30.7,24.3,0.7,77,9.8,28.1,31.7,25.6,3.3,80,9.9,1.2,1.0,1.3,2.6,3,0.1,371.43
06-17,Maranhão,São Luís,Nordeste,27.1,30.6,24.3,0.7,80,10.0,27.4,30.8,24.4,2.8,79,11.5,0.3,0.2,0.1,2.1,-1,1.5,300.0
06-18,Maranhão,São Luís,Nordeste,27.6,31.5,24.5,0.3,80,9.0,27.2,30.9,24.9,2.4,81,9.5,-0.4,-0.6,0.4,2.1,1,0.5,700.0
06-19,Maranhão,São Luís,Nordeste,27.0,32.0,23.0,8.8,80,9.1,26.6,29.8,24.9,6.2,84,5.8,-0.4,-2.2,1.9,-2.6,4,-3.3,-29.55
06-20,Maranhão,São Luís,Nordeste,27.1,31.3,24.5,1.5,80,12.9,26.1,31.0,22.8,21.1,86,5.7,-1.0,-0.3,-1.7,19.6,6,-7.2,1306.67
06-21,Maranhão,São Luís,Nordeste,26.5,28.9,24.4,3.7,82,13.2,26.8,31.0,23.1,0.1,82,9.8,0.3,2.1,-1.3,-3.6,0,-3.4,-97.3
06-22,Maranhão,São Luís,Nordeste,26.9,31.6,24.0,2.1,79,12.3,27.7,31.6,25.3,2.9,79,9.7,0.8,0.0,1.3,0.8,0,-2.6,38.1
06-23,Maranhão,São Luís,Nordeste,27.9,32.5,25.0,0.2,77,11.3,27.2,31.1,24.5,3.4,84,7.3,-0.7,-1.4,-0.5,3.2,7,-4.0,1600.0
06-24,Maranhão,São Luís,Nordeste,27.5,30.4,23.7,4.8,81,11.3,26.3,30.4,23.6,8.5,87,6.2,-1.2,0.0,-0.1,3.7,6,-5.1,77.08
06-25,Maranhão,São Luís,Nordeste,27.5,30.9,25.2,1.4,79,13.3,27.1,29.8,25.1,4.3,86,6.4,-0.4,-1.1,-0.1,2.9,7,-6.9,207.14
06-26,Maranhão,São Luís,Nordeste,27.5,30.8,25.4,1.8,78,13.3,27.8,31.8,25.5,1.5,77,12.5,0.3,1.0,0.1,-0.3,-1,-0.8,-16.67
06-27,Maranhão,São Luís,Nordeste,27.5,30.8,25.3,0.8,78,11.6,27.4,30.7,25.1,3.4,79,10.6,-0.1,-0.1,-0.2,2.6,1,-1.0,325.0
06-28,Maranhão,São Luís,Nordeste,27.6,31.2,25.3,0.5,75,11.6,26.5,31.4,24.1,7.3,87,9.3,-1.1,0.2,-1.2,6.8,12,-2.3,1360.0
06-29,Maranhão,São Luís,Nordeste,26.6,30.7,23.8,14.1,80,8.5,27.2,30.7,24.8,1.1,80,10.5,0.6,0.0,1.0,-13.0,0,2.0,-92.2
06-30,Maranhão,São Luís,Nordeste,25.6,29.2,22.6,11.6,86,9.2,27.7,32.5,24.8,0.2,77,10.3,2.1,3.3,2.2,-11.4,-9,1.1,-98.28
07-01,Maranhão,São Luís,Nordeste,26.9,29.7,25.1,1.9,80,11.0,27.8,31.9,25.0,0.8,80,9.4,0.9,2.2,-0.1,-1.1,0,-1.6,-57.89
07-02,Maranhão,São Luís,Nordeste,26.7,29.9,24.5,1.1,82,9.2,27.6,31.9,24.8,0.6,78,8.7,0.9,2.0,0.3,-0.5,-4,-0.5,-45.45
07-03,Maranhão,São Luís,Nordeste,26.2,30.2,22.9,4.5,86,7.7,27.6,32.5,24.3,0.9,78,8.3,1.4,2.3,1.4,-3.6,-8,0.6,-80.0
07-04,Maranhão,São Luís,Nordeste,27.0,31.3,23.0,0.2,79,7.4,27.0,30.8,24.1,9.2,82,10.8,0.0,-0.5,1.1,9.0,3,3.4,4500.0
07-05,Maranhão,São Luís,Nordeste,26.5,30.2,24.1,1.3,82,6.0,27.0,30.6,24.7,2.2,81,12.3,0.5,0.4,0.6,0.9,-1,6.3,69.23
07-06,Maranhão,São Luís,Nordeste,26.7,30.1,24.7,3.5,81,6.7,27.4,31.4,25.2,1.1,81,9.1,0.7,1.3,0.5,-2.4,0,2.4,-68.57
07-07,Maranhão,São Luís,Nordeste,26.8,29.9,24.9,3.9,82,7.3,27.1,30.0,25.1,2.6,83,9.5,0.3,0.1,0.2,-1.3,1,2.2,-33.33
07-08,Maranhão,São Luís,Nordeste,25.7,28.3,22.9,8.4,88,6.5,27.1,30.3,24.8,5.2,81,11.8,1.4,2.0,1.9,-3.2,-7,5.3,-38.1
07-09,Maranhão,São Luís,Nordeste,26.6,29.5,24.6,3.4,85,7.8,27.5,31.2,25.2,1.3,79,14.0,0.9,1.7,0.6,-2.1,-6,6.2,-61.76
07-10,Maranhão,São Luís,Nordeste,26.7,29.8,24.8,2.8,83,8.6,27.4,30.7,25.3,2.6,78,14.4,0.7,0.9,0.5,-0.2,-5,5.8,-7.14
07-11,Maranhão,São Luís,Nordeste,27.4,31.3,24.9,0.9,80,8.5,27.5,31.4,25.0,0.7,79,13.7,0.1,0.1,0.1,-0.2,-1,5.2,-22.22
07-12,Maranhão,São Luís,Nordeste,27.6,32.0,24.5,0.7,78,8.8,27.6,31.1,25.3,4.0,80,11.3,0.0,-0.9,0.8,3.3,2,2.5,471.43
07-13,Maranhão,São Luís,Nordeste,26.9,31.6,24.2,1.1,79,7.2,27.3,30.3,25.5,4.6,82,12.2,0.4,-1.3,1.3,3.5,3,5.0,318.18
07-14,Maranhão,São Luís,Nordeste,26.8,30.8,23.0,0.9,80,6.5,27.0,29.9,24.9,2.2,81,13.2,0.2,-0.9,1.9,1.3,1,6.7,144.44
07-15,Maranhão,São Luís,Nordeste,26.8,29.9,24.5,1.6,82,6.4,26.9,30.2,25.2,1.7,80,11.8,0.1,0.3,0.7,0.1,-2,5.4,6.25
07-16,Maranhão,São Luís,Nordeste,26.9,30.1,24.3,1.5,83,5.4,27.0,30.8,24.1,2.8,81,9.8,0.1,0.7,-0.2,1.3,-2,4.4,86.67
07-17,Maranhão,São Luís,Nordeste,26.6,30.0,24.3,2.4,83,6.8,27.4,32.1,24.5,0.1,78,9.5,0.8,2.1,0.2,-2.3,-5,2.7,-95.83
07-18,Maranhão,São Luís,Nordeste,27.0,30.7,24.0,0.8,81,8.5,27.6,31.6,24.8,1.0,80,9.6,0.6,0.9,0.8,0.2,-1,1.1,25.0
07-19,Maranhão,São Luís,Nordeste,27.3,30.9,24.6,0.3,82,8.8,27.6,31.9,25.0,0.3,78,10.7,0.3,1.0,0.4,0.0,-4,1.9,0.0
07-20,Maranhão,São Luís,Nordeste,27.2,30.6,24.5,1.4,83,7.0,27.7,32.0,25.0,1.0,77,12.1,0.5,1.4,0.5,-0.4,-6,5.1,-28.57
07-21,Maranhão,São Luís,Nordeste,27.5,30.9,25.1,2.7,80,11.5,26.8,29.9,24.2,7.4,81,13.8,-0.7,-1.0,-0.9,4.7,1,2.3,174.07
07-22,Maranhão,São Luís,Nordeste,27.0,30.1,25.3,2.1,80,11.7,27.3,30.7,24.7,0.5,79,11.7,0.3,0.6,-0.6,-1.6,-1,0.0,-76.19
07-23,Maranhão,São Luís,Nordeste,27.8,32.1,25.1,0.3,77,9.9,27.8,31.5,25.4,0.9,79,12.5,0.0,-0.6,0.3,0.6,2,2.6,200.0
07-24,Maranhão,São Luís,Nordeste,27.8,31.6,25.5,1.0,79,11.4,27.5,30.7,25.9,4.7,78,14.9,-0.3,-0.9,0.4,3.7,-1,3.5,370.0
07-25,Maranhão,São Luís,Nordeste,27.5,30.8,25.9,4.9,80,11.9,27.3,30.7,24.8,3.2,80,10.3,-0.2,-0.1,-1.1,-1.7,0,-1.6,-34.69
07-26,Maranhão,São Luís,Nordeste,27.6,31.8,25.1,0.0,77,12.4,27.5,31.2,25.0,3.2,81,11.0,-0.1,-0.6,-0.1,3.2,4,-1.4,inf
07-27,Maranhão,São Luís,Nordeste,27.7,31.4,25.2,0.8,77,11.1,27.2,30.6,24.4,3.4,80,13.3,-0.5,-0.8,-0.8,2.6,3,2.2,325.0
07-28,Maranhão,São Luís,Nordeste,27.3,30.9,23.6,2.0,80,8.0,27.4,30.1,25.9,8.0,78,13.4,0.1,-0.8,2.3,6.0,-2,5.4,300.0
07-29,Maranhão,São Luís,Nordeste,26.1,30.4,22.4,3.8,85,9.0,27.7,31.8,25.2,1.0,79,13.4,1.6,1.4,2.8,-2.8,-6,4.4,-73.68
07-30,Maranhão,São Luís,Nordeste,26.1,29.5,23.3,14.1,83,11.0,27.5,30.9,25.5,3.7,80,13.7,1.4,1.4,2.2,-10.4,-3,2.7,-73.76
07-31,Maranhão,São Luís,Nordeste,26.6,30.1,24.0,4.7,83,14.1,27.3,30.6,25.4,4.7,77,13.4,0.7,0.5,1.4,0.0,-6,-0.7,0.0
08-01,Maranhão,São Luís,Nordeste,27.2,30.3,25.1,2.0,76,15.5,27.1,30.2,24.7,5.3,79,8.9,-0.1,-0.1,-0.4,3.3,3,-6.6,165.0
08-02,Maranhão,São Luís,Nordeste,27.1,31.4,24.2,0.4,76,10.4,27.4,31.9,24.5,3.0,80,8.9,0.3,0.5,0.3,2.6,4,-1.5,650.0
08-03,Maranhão,São Luís,Nordeste,26.5,31.3,23.7,4.9,81,7.2,27.4,32.5,24.6,0.8,77,10.7,0.9,1.2,0.9,-4.1,-4,3.5,-83.67
08-04,Maranhão,São Luís,Nordeste,26.6,29.8,23.2,2.1,83,7.5,27.5,32.1,24.4,1.3,78,10.8,0.9,2.3,1.2,-0.8,-5,3.3,-38.1
08-05,Maranhão,São Luís,Nordeste,27.2,32.1,24.3,1.0,80,9.5,27.8,31.8,25.5,1.1,76,12.5,0.6,-0.3,1.2,0.1,-4,3.0,10.0
08-06,Maranhão,São Luís,Nordeste,27.6,31.5,25.4,1.5,81,9.7,27.8,31.4,25.6,3.1,76,13.0,0.2,-0.1,0.2,1.6,-5,3.3,106.67
08-07,Maranhão,São Luís,Nordeste,27.3,31.8,24.3,2.8,81,10.3,27.8,31.4,25.6,2.0,77,14.0,0.5,-0.4,1.3,-0.8,-4,3.7,-28.57
08-08,Maranhão,São Luís,Nordeste,27.6,31.4,25.4,0.1,76,13.8,27.8,30.9,25.5,1.6,77,14.3,0.2,-0.5,0.1,1.5,1,0.5,1500.0
08-09,Maranhão,São Luís,Nordeste,27.2,30.5,25.2,2.9,78,13.2,27.6,31.0,25.5,1.8,78,14.2,0.4,0.5,0.3,-1.1,0,1.0,-37.93
08-10,Maranhão,São Luís,Nordeste,27.2,31.0,24.9,0.0,77,10.8,27.8,32.1,25.4,1.5,78,12.8,0.6,1.1,0.5,1.5,1,2.0,inf
08-11,Maranhão,São Luís,Nordeste,26.5,29.2,24.1,7.4,79,6.6,27.5,31.3,25.5,7.4,80,11.6,1.0,2.1,1.4,0.0,1,5.0,0.0
08-12,Maranhão,São Luís,Nordeste,26.0,29.1,23.4,2.6,81,8.7,27.2,30.8,25.1,2.8,82,10.1,1.2,1.7,1.7,0.2,1,1.4,7.69
08-13,Maranhão,São Luís,Nordeste,26.6,29.5,24.3,3.1,79,11.6,27.4,31.5,24.7,2.1,82,9.6,0.8,2.0,0.4,-1.0,3,-2.0,-32.26
08-14,Maranhão,São Luís,Nordeste,27.4,31.8,25.0,0.6,76,11.8,27.2,30.6,24.9,6.6,81,11.2,-0.2,-1.2,-0.1,6.0,5,-0.6,1000.0
08-15,Maranhão,São Luís,Nordeste,27.7,31.4,25.2,2.3,79,13.9,27.6,31.1,25.3,3.0,79,14.3,-0.1,-0.3,0.1,0.7,0,0.4,30.43
08-16,Maranhão,São Luís,Nordeste,26.5,30.1,24.0,12.1,82,10.3,28.4,33.7,25.8,0.0,74,15.0,1.9,3.6,1.8,-12.1,-8,4.7,-100.0
08-17,Maranhão,São Luís,Nordeste,26.8,30.0,24.2,4.0,81,9.9,28.3,32.9,25.8,0.5,72,14.1,1.5,2.9,1.6,-3.5,-9,4.2,-87.5
08-18,Maranhão,São Luís,Nordeste,27.6,31.9,25.3,0.7,76,9.3,28.2,33.7,25.0,0.3,74,12.3,0.6,1.8,-0.3,-0.4,-2,3.0,-57.14
08-19,Maranhão,São Luís,Nordeste,27.3,31.8,24.7,0.5,79,9.0,28.4,34.0,25.3,0.8,73,11.9,1.1,2.2,0.6,0.3,-6,2.9,60.0
06-01,Mato Grosso,Cuiabá,Centro-Oeste,21.7,26.4,17.4,0.0,80,7.9,26.3,32.4,20.8,0.0,63,5.3,4.6,6.0,3.4,0.0,-17,-2.6,
06-02,Mato Grosso,Cuiabá,Centro-Oeste,22.9,28.4,18.3,0.0,82,4.7,26.6,33.1,21.3,0.0,59,6.8,3.7,4.7,3.0,0.0,-23,2.1,
06-03,Mato Grosso,Cuiabá,Centro-Oeste,25.2,30.9,20.2,0.0,81,3.3,26.0,32.9,20.2,0.0,53,7.2,0.8,2.0,0.0,0.0,-28,3.9,
06-04,Mato Grosso,Cuiabá,Centro-Oeste,27.1,32.2,22.8,0.0,69,9.7,25.7,33.2,18.8,0.0,52,7.4,-1.4,1.0,-4.0,0.0,-17,-2.3,
06-05,Mato Grosso,Cuiabá,Centro-Oeste,26.6,31.9,21.9,0.0,67,7.3,26.3,33.3,19.3,0.0,52,7.4,-0.3,1.4,-2.6,0.0,-15,0.1,
06-06,Mato Grosso,Cuiabá,Centro-Oeste,25.4,31.6,20.1,0.0,74,2.9,25.1,32.2,18.3,0.0,51,4.8,-0.3,0.6,-1.8,0.0,-23,1.9,
06-07,Mato Grosso,Cuiabá,Centro-Oeste,25.6,32.2,20.0,0.0,73,4.4,25.0,32.3,17.4,0.0,52,4.0,-0.6,0.1,-2.6,0.0,-21,-0.4,
06-08,Mato Grosso,Cuiabá,Centro-Oeste,25.9,31.6,20.7,0.0,70,5.4,25.9,33.7,17.9,0.0,52,3.8,0.0,2.1,-2.8,0.0,-18,-1.6,
06-09,Mato Grosso,Cuiabá,Centro-Oeste,23.4,27.2,21.7,1.3,84,10.9,26.2,33.0,20.2,0.0,52,3.6,2.8,5.8,-1.5,-1.3,-32,-7.3,-100.0
06-10,Mato Grosso,Cuiabá,Centro-Oeste,21.8,26.5,18.0,0.0,79,9.0,25.6,28.2,23.2,0.3,64,3.8,3.8,1.7,5.2,0.3,-15,-5.2,inf
06-11,Mato Grosso,Cuiabá,Centro-Oeste,22.4,27.0,18.8,0.0,77,8.5,25.5,30.6,21.7,1.4,74,3.5,3.1,3.6,2.9,1.4,-3,-5.0,inf
06-12,Mato Grosso,Cuiabá,Centro-Oeste,22.8,29.0,17.4,0.0,77,4.3,26.9,32.8,21.7,1.9,72,5.2,4.1,3.8,4.3,1.9,-5,0.9,inf
06-13,Mato Grosso,Cuiabá,Centro-Oeste,25.6,32.4,19.9,0.0,68,6.8,28.2,33.7,23.1,5.8,63,7.1,2.6,1.3,3.2,5.8,-5,0.3,inf
06-14,Mato Grosso,Cuiabá,Centro-Oeste,27.6,33.1,23.1,0.0,60,9.8,29.2,34.8,24.7,0.5,60,9.5,1.6,1.7,1.6,0.5,0,-0.3,inf
06-15,Mato Grosso,Cuiabá,Centro-Oeste,26.9,31.6,23.5,0.8,66,7.5,23.0,25.0,20.1,0.0,75,12.4,-3.9,-6.6,-3.4,-0.8,9,4.9,-100.0
06-16,Mato Grosso,Cuiabá,Centro-Oeste,27.0,31.8,23.1,0.0,59,10.6,23.0,27.7,19.8,0.0,76,11.2,-4.0,-4.1,-3.3,0.0,17,0.6,
06-17,Mato Grosso,Cuiabá,Centro-Oeste,26.1,31.4,21.6,0.0,56,7.6,24.1,29.5,19.5,0.0,76,9.9,-2.0,-1.9,-2.1,0.0,20,2.3,
06-18,Mato Grosso,Cuiabá,Centro-Oeste,26.0,32.1,20.7,0.0,55,6.2,26.8,33.4,20.7,0.0,65,7.2,0.8,1.3,0.0,0.0,10,1.0,
06-19,Mato Grosso,Cuiabá,Centro-Oeste,26.1,32.7,20.7,0.0,62,5.7,26.2,32.6,22.1,6.4,67,9.6,0.1,-0.1,1.4,6.4,5,3.9,inf
06-20,Mato Grosso,Cuiabá,Centro-Oeste,22.8,26.7,19.5,0.0,77,9.3,20.7,24.3,17.8,3.6,85,8.8,-2.1,-2.4,-1.7,3.6,8,-0.5,inf
06-21,Mato Grosso,Cuiabá,Centro-Oeste,23.4,30.0,17.9,0.0,77,2.9,23.1,30.3,17.1,0.1,81,5.2,-0.3,0.3,-0.8,0.1,4,2.3,inf
06-22,Mato Grosso,Cuiabá,Centro-Oeste,26.7,33.3,20.7,0.0,58,11.7,25.8,30.2,22.8,1.7,76,7.1,-0.9,-3.1,2.1,1.7,18,-4.6,inf
06-23,Mato Grosso,Cuiabá,Centro-Oeste,25.1,30.3,17.9,36.0,72,12.9,20.3,22.4,17.6,7.7,85,13.4,-4.8,-7.9,-0.3,-28.3,13,0.5,-78.61
06-24,Mato Grosso,Cuiabá,Centro-Oeste,17.5,19.9,15.1,1.9,81,11.7,15.4,17.1,14.1,16.2,83,12.9,-2.1,-2.8,-1.0,14.3,2,1.2,752.63
06-25,Mato Grosso,Cuiabá,Centro-Oeste,21.1,28.1,15.5,0.0,84,2.9,16.9,20.9,13.8,1.1,90,7.2,-4.2,-7.2,-1.7,1.1,6,4.3,inf
06-26,Mato Grosso,Cuiabá,Centro-Oeste,25.1,30.0,21.2,0.0,80,4.7,20.3,25.6,16.2,0.1,87,5.6,-4.8,-4.4,-5.0,0.1,7,0.9,inf
06-27,Mato Grosso,Cuiabá,Centro-Oeste,25.3,30.6,20.8,0.0,82,4.0,23.7,31.2,17.9,0.0,78,4.3,-1.6,0.6,-2.9,0.0,-4,0.3,
06-28,Mato Grosso,Cuiabá,Centro-Oeste,25.7,32.2,21.2,0.0,72,5.9,25.6,31.4,20.7,0.0,72,6.1,-0.1,-0.8,-0.5,0.0,0,0.2,
06-29,Mato Grosso,Cuiabá,Centro-Oeste,25.5,31.1,21.6,0.0,69,6.7,25.8,32.0,21.5,0.0,75,4.4,0.3,0.9,-0.1,0.0,6,-2.3,
06-30,Mato Grosso,Cuiabá,Centro-Oeste,18.5,22.0,14.9,0.1,81,15.7,25.8,31.9,21.3,0.0,72,5.8,7.3,9.9,6.4,-0.1,-9,-9.9,-100.0
07-01,Mato Grosso,Cuiabá,Centro-Oeste,15.8,18.9,14.0,0.0,82,12.2,25.6,31.8,20.8,0.0,68,6.5,9.8,12.9,6.8,0.0,-14,-5.7,
07-02,Mato Grosso,Cuiabá,Centro-Oeste,16.9,22.2,13.3,0.0,84,9.7,24.7,31.4,20.0,0.0,70,7.6,7.8,9.2,6.7,0.0,-14,-2.1,
07-03,Mato Grosso,Cuiabá,Centro-Oeste,18.1,23.5,13.5,0.0,82,9.6,18.0,20.1,16.2,0.0,83,14.3,-0.1,-3.4,2.7,0.0,1,4.7,
07-04,Mato Grosso,Cuiabá,Centro-Oeste,20.3,26.1,15.4,0.0,85,5.7,18.6,22.9,16.3,0.0,83,8.9,-1.7,-3.2,0.9,0.0,-2,3.2,
07-05,Mato Grosso,Cuiabá,Centro-Oeste,22.2,28.9,16.9,0.0,77,4.5,19.5,25.3,15.2,0.0,86,4.9,-2.7,-3.6,-1.7,0.0,9,0.4,
07-06,Mato Grosso,Cuiabá,Centro-Oeste,22.1,28.8,16.2,0.0,71,2.9,22.0,28.6,16.5,0.0,79,7.6,-0.1,-0.2,0.3,0.0,8,4.7,
07-07,Mato Grosso,Cuiabá,Centro-Oeste,22.2,29.5,16.2,0.0,67,4.0,19.7,23.6,16.1,0.0,81,10.5,-2.5,-5.9,-0.1,0.0,14,6.5,
07-08,Mato Grosso,Cuiabá,Centro-Oeste,22.3,29.6,16.6,0.0,66,5.1,20.5,27.0,15.2,0.0,84,4.0,-1.8,-2.6,-1.4,0.0,18,-1.1,
07-09,Mato Grosso,Cuiabá,Centro-Oeste,22.1,29.1,16.0,0.0,69,4.7,24.1,31.0,18.0,0.0,75,3.5,2.0,1.9,2.0,0.0,6,-1.2,
07-10,Mato Grosso,Cuiabá,Centro-Oeste,22.4,30.2,15.9,0.0,68,3.8,25.2,31.8,19.5,0.0,69,3.7,2.8,1.6,3.6,0.0,1,-0.1,
07-11,Mato Grosso,Cuiabá,Centro-Oeste,22.5,30.6,15.8,0.0,62,5.0,26.2,32.3,20.9,1.9,64,6.3,3.7,1.7,5.1,1.9,2,1.3,inf
07-12,Mato Grosso,Cuiabá,Centro-Oeste,22.6,31.0,15.5,0.0,60,4.1,24.7,28.4,22.0,0.3,77,7.6,2.1,-2.6,6.5,0.3,17,3.5,inf
07-13,Mato Grosso,Cuiabá,Centro-Oeste,23.1,30.9,15.9,0.0,59,4.3,23.5,26.5,21.8,0.1,82,8.8,0.4,-4.4,5.9,0.1,23,4.5,inf
07-14,Mato Grosso,Cuiabá,Centro-Oeste,24.0,32.3,16.8,0.0,59,4.6,24.0,30.3,18.6,0.0,76,5.0,0.0,-2.0,1.8,0.0,17,0.4,
07-15,Mato Grosso,Cuiabá,Centro-Oeste,25.3,32.6,19.3,0.0,48,7.7,26.3,33.7,19.7,0.1,68,4.1,1.0,1.1,0.4,0.1,20,-3.6,inf
07-16,Mato Grosso,Cuiabá,Centro-Oeste,25.6,32.9,19.4,0.0,45,7.3,28.6,34.4,23.4,0.0,55,11.4,3.0,1.5,4.0,0.0,10,4.1,
07-17,Mato Grosso,Cuiabá,Centro-Oeste,23.8,31.7,17.7,0.0,60,8.5,29.2,33.9,24.8,0.0,55,15.3,5.4,2.2,7.1,0.0,-5,6.8,
07-18,Mato Grosso,Cuiabá,Centro-Oeste,20.3,25.7,15.9,0.0,68,10.1,29.2,34.2,24.4,0.0,41,15.7,8.9,8.5,8.5,0.0,-27,5.6,
07-19,Mato Grosso,Cuiabá,Centro-Oeste,22.7,31.3,15.6,0.0,64,4.2,29.2,34.6,24.0,0.0,41,14.9,6.5,3.3,8.4,0.0,-23,10.7,
07-20,Mato Grosso,Cuiabá,Centro-Oeste,24.9,32.4,17.6,0.0,58,3.1,29.5,34.5,24.7,0.0,43,11.8,4.6,2.1,7.1,0.0,-15,8.7,
07-21,Mato Grosso,Cuiabá,Centro-Oeste,25.5,34.2,17.2,0.0,49,5.2,29.8,35.5,24.5,0.0,41,12.1,4.3,1.3,7.3,0.0,-8,6.9,
07-22,Mato Grosso,Cuiabá,Centro-Oeste,26.6,35.1,19.4,0.0,42,5.2,29.2,35.2,23.4,0.0,43,8.2,2.6,0.1,4.0,0.0,1,3.0,
07-23,Mato Grosso,Cuiabá,Centro-Oeste,26.7,34.9,18.6,0.0,44,3.5,27.0,32.2,21.9,0.0,62,9.6,0.3,-2.7,3.3,0.0,18,6.1,
07-24,Mato Grosso,Cuiabá,Centro-Oeste,27.5,35.7,19.3,0.0,42,6.1,27.6,34.3,21.3,0.0,61,6.1,0.1,-1.4,2.0,0.0,19,0.0,
07-25,Mato Grosso,Cuiabá,Centro-Oeste,28.3,36.3,21.4,0.0,41,5.7,29.0,35.2,22.8,0.0,52,4.7,0.7,-1.1,1.4,0.0,11,-1.0,
07-26,Mato Grosso,Cuiabá,Centro-Oeste,29.1,36.4,21.9,0.0,36,8.1,29.7,36.9,22.8,0.0,49,5.3,0.6,0.5,0.9,0.0,13,-2.8,
07-27,Mato Grosso,Cuiabá,Centro-Oeste,29.2,36.3,22.7,0.0,38,9.4,30.4,37.0,24.1,0.0,40,8.4,1.2,0.7,1.4,0.0,2,-1.0,
07-28,Mato Grosso,Cuiabá,Centro-Oeste,27.1,32.3,22.0,0.1,49,10.9,30.6,37.0,24.4,0.0,36,10.8,3.5,4.7,2.4,-0.1,-13,-0.1,-100.0
07-29,Mato Grosso,Cuiabá,Centro-Oeste,20.4,24.4,17.4,0.0,70,12.4,30.6,35.8,25.6,0.0,47,9.5,10.2,11.4,8.2,0.0,-23,-2.9,
07-30,Mato Grosso,Cuiabá,Centro-Oeste,23.4,31.2,16.9,0.0,63,5.4,29.3,35.7,24.4,1.0,57,7.0,5.9,4.5,7.5,1.0,-6,1.6,inf
07-31,Mato Grosso,Cuiabá,Centro-Oeste,27.2,35.6,19.1,0.0,52,6.5,28.1,35.4,21.6,0.0,62,4.8,0.9,-0.2,2.5,0.0,10,-1.7,
08-01,Mato Grosso,Cuiabá,Centro-Oeste,29.8,37.5,22.8,0.0,34,9.7,29.0,36.2,22.8,0.0,48,8.2,-0.8,-1.3,0.0,0.0,14,-1.5,
08-02,Mato Grosso,Cuiabá,Centro-Oeste,30.4,36.0,25.6,0.0,42,11.6,28.4,34.4,23.2,0.3,57,7.2,-2.0,-1.6,-2.4,0.3,15,-4.4,inf
08-03,Mato Grosso,Cuiabá,Centro-Oeste,29.2,34.8,24.8,0.9,50,6.8,27.5,33.2,23.8,0.0,63,5.9,-1.7,-1.6,-1.0,-0.9,13,-0.9,-100.0
08-04,Mato Grosso,Cuiabá,Centro-Oeste,24.7,29.6,20.9,7.9,78,11.1,28.5,35.8,21.7,0.0,53,4.6,3.8,6.2,0.8,-7.9,-25,-6.5,-100.0
08-05,Mato Grosso,Cuiabá,Centro-Oeste,22.3,26.7,19.0,0.1,78,9.9,29.3,36.8,22.2,0.0,38,7.2,7.0,10.1,3.2,-0.1,-40,-2.7,-100.0
08-06,Mato Grosso,Cuiabá,Centro-Oeste,22.9,28.2,18.3,0.0,76,7.0,30.4,36.9,24.3,0.0,34,11.1,7.5,8.7,6.0,0.0,-42,4.1,
08-07,Mato Grosso,Cuiabá,Centro-Oeste,24.7,31.7,18.4,0.0,69,4.8,30.7,36.7,24.5,0.0,39,11.7,6.0,5.0,6.1,0.0,-30,6.9,
08-08,Mato Grosso,Cuiabá,Centro-Oeste,24.3,29.8,19.8,0.0,67,11.4,31.4,37.1,25.5,0.0,40,13.0,7.1,7.3,5.7,0.0,-27,1.6,
08-09,Mato Grosso,Cuiabá,Centro-Oeste,19.9,23.8,16.5,0.0,55,15.8,32.0,37.5,26.3,0.0,40,7.5,12.1,13.7,9.8,0.0,-15,-8.3,
08-10,Mato Grosso,Cuiabá,Centro-Oeste,19.8,26.5,13.8,0.0,49,9.6,31.4,37.7,24.9,0.0,40,7.4,11.6,11.2,11.1,0.0,-9,-2.2,
08-11,Mato Grosso,Cuiabá,Centro-Oeste,21.7,28.8,15.1,0.0,48,10.0,25.4,30.9,19.7,0.0,59,13.2,3.7,2.1,4.6,0.0,11,3.2,
08-12,Mato Grosso,Cuiabá,Centro-Oeste,22.1,29.6,15.0,0.0,45,7.1,28.4,36.0,20.7,0.0,48,9.1,6.3,6.4,5.7,0.0,3,2.0,
08-13,Mato Grosso,Cuiabá,Centro-Oeste,23.5,33.0,14.9,0.0,47,3.9,30.3,36.4,23.5,0.0,31,8.4,6.8,3.4,8.6,0.0,-16,4.5,
08-14,Mato Grosso,Cuiabá,Centro-Oeste,24.3,33.4,16.5,0.0,41,7.7,29.8,37.2,21.9,0.0,31,6.3,5.5,3.8,5.4,0.0,-10,-1.4,
08-15,Mato Grosso,Cuiabá,Centro-Oeste,25.2,34.3,16.9,0.0,39,8.5,30.7,38.3,22.9,0.0,31,9.3,5.5,4.0,6.0,0.0,-8,0.8,
08-16,Mato Grosso,Cuiabá,Centro-Oeste,27.2,37.8,18.0,0.0,39,3.9,32.1,38.1,25.2,0.0,29,12.1,4.9,0.3,7.2,0.0,-10,8.2,
08-17,Mato Grosso,Cuiabá,Centro-Oeste,29.9,38.5,21.8,0.0,35,3.5,32.1,38.3,23.9,0.0,29,12.3,2.2,-0.2,2.1,0.0,-6,8.8,
08-18,Mato Grosso,Cuiabá,Centro-Oeste,31.6,39.1,26.4,0.0,29,8.5,31.8,37.6,25.8,0.0,27,10.5,0.2,-1.5,-0.6,0.0,-2,2.0,
08-19,Mato Grosso,Cuiabá,Centro-Oeste,30.9,38.5,24.4,0.0,30,11.3,29.8,36.8,23.7,0.0,34,8.0,-1.1,-1.7,-0.7,0.0,4,-3.3,
06-01,Mato Grosso do Sul,Campo Grande,Centro-Oeste,19.6,25.6,15.0,0.0,70,8.6,21.2,27.1,16.6,0.0,71,10.0,1.6,1.5,1.6,0.0,1,1.4,
06-02,Mato Grosso do Sul,Campo Grande,Centro-Oeste,20.7,27.8,16.8,2.3,67,12.8,20.4,26.9,16.1,0.0,64,12.8,-0.3,-0.9,-0.7,-2.3,-3,0.0,-100.0
06-03,Mato Grosso do Sul,Campo Grande,Centro-Oeste,21.5,27.6,17.3,0.6,77,11.8,18.0,23.9,13.1,0.0,66,13.8,-3.5,-3.7,-4.2,-0.6,-11,2.0,-100.0
06-04,Mato Grosso do Sul,Campo Grande,Centro-Oeste,23.8,28.6,19.7,0.6,73,12.7,20.1,27.7,14.5,0.0,63,10.8,-3.7,-0.9,-5.2,-0.6,-10,-1.9,-100.0
06-05,Mato Grosso do Sul,Campo Grande,Centro-Oeste,23.9,27.9,21.6,1.2,74,11.9,21.0,27.0,16.5,0.0,64,12.7,-2.9,-0.9,-5.1,-1.2,-10,0.8,-100.0
06-06,Mato Grosso do Sul,Campo Grande,Centro-Oeste,22.9,26.9,19.0,3.2,79,6.7,20.5,26.2,16.1,0.0,62,10.7,-2.4,-0.7,-2.9,-3.2,-17,4.0,-100.0
06-07,Mato Grosso do Sul,Campo Grande,Centro-Oeste,22.7,28.1,18.4,0.1,76,6.4,20.0,26.2,15.2,0.0,61,9.7,-2.7,-1.9,-3.2,-0.1,-15,3.3,-100.0
06-08,Mato Grosso do Sul,Campo Grande,Centro-Oeste,19.6,22.2,17.5,32.1,90,6.8,20.4,26.7,15.9,0.0,60,8.5,0.8,4.5,-1.6,-32.1,-30,1.7,-100.0
06-09,Mato Grosso do Sul,Campo Grande,Centro-Oeste,18.5,22.0,14.9,0.3,82,9.8,21.6,27.2,17.3,0.0,61,6.0,3.1,5.2,2.4,-0.3,-21,-3.8,-100.0
06-10,Mato Grosso do Sul,Campo Grande,Centro-Oeste,15.7,21.9,10.9,0.0,72,9.9,20.6,23.6,18.7,5.7,74,7.8,4.9,1.7,7.8,5.7,2,-2.1,inf
06-11,Mato Grosso do Sul,Campo Grande,Centro-Oeste,16.4,21.6,13.3,0.0,72,10.9,21.0,25.8,17.6,4.7,78,10.2,4.6,4.2,4.3,4.7,6,-0.7,inf
06-12,Mato Grosso do Sul,Campo Grande,Centro-Oeste,15.9,21.0,12.0,0.0,69,19.6,19.8,23.2,17.6,17.0,91,13.3,3.9,2.2,5.6,17.0,22,-6.3,inf
06-13,Mato Grosso do Sul,Campo Grande,Centro-Oeste,18.1,24.3,13.3,0.0,68,19.8,19.2,23.6,17.0,62.0,93,5.6,1.1,-0.7,3.7,62.0,25,-14.2,inf
06-14,Mato Grosso do Sul,Campo Grande,Centro-Oeste,22.4,28.5,17.8,0.2,65,18.5,20.1,23.0,18.4,20.0,94,10.0,-2.3,-5.5,0.6,19.8,29,-8.5,9900.0
06-15,Mato Grosso do Sul,Campo Grande,Centro-Oeste,20.6,24.6,17.8,12.7,85,9.6,18.5,21.2,16.6,0.1,88,6.3,-2.1,-3.4,-1.2,-12.6,3,-3.3,-99.21
06-16,Mato Grosso do Sul,Campo Grande,Centro-Oeste,22.4,27.7,18.3,2.4,76,13.4,18.4,22.5,15.0,0.6,88,5.6,-4.0,-5.2,-3.3,-1.8,12,-7.8,-75.0
06-17,Mato Grosso do Sul,Campo Grande,Centro-Oeste,22.9,27.6,19.7,0.0,61,12.6,19.3,24.4,16.0,0.5,83,9.8,-3.6,-3.2,-3.7,0.5,22,-2.8,inf
06-18,Mato Grosso do Sul,Campo Grande,Centro-Oeste,22.4,27.8,18.1,0.0,57,11.6,19.6,25.0,15.8,0.0,75,16.2,-2.8,-2.8,-2.3,0.0,18,4.6,
06-19,Mato Grosso do Sul,Campo Grande,Centro-Oeste,22.7,27.9,19.0,0.0,62,8.5,19.8,26.3,17.3,25.5,80,15.0,-2.9,-1.6,-1.7,25.5,18,6.5,inf
06-20,Mato Grosso do Sul,Campo Grande,Centro-Oeste,19.6,24.7,16.4,0.0,86,5.6,15.6,19.0,12.3,1.3,85,8.3,-4.0,-5.7,-4.1,1.3,-1,2.7,inf
06-21,Mato Grosso do Sul,Campo Grande,Centro-Oeste,19.7,25.1,14.8,0.0,83,6.4,18.7,25.4,11.7,0.0,74,10.7,-1.0,0.3,-3.1,0.0,-9,4.3,
06-22,Mato Grosso do Sul,Campo Grande,Centro-Oeste,22.6,26.9,19.1,0.0,64,16.9,20.8,25.1,15.8,9.2,85,15.3,-1.8,-1.8,-3.3,9.2,21,-1.6,inf
06-23,Mato Grosso do Sul,Campo Grande,Centro-Oeste,17.2,22.5,11.5,23.2,86,19.0,12.3,15.0,9.7,3.8,86,12.9,-4.9,-7.5,-1.8,-19.4,0,-6.1,-83.62
06-24,Mato Grosso do Sul,Campo Grande,Centro-Oeste,10.2,15.3,6.0,0.0,66,12.6,10.6,13.9,8.7,5.4,81,9.9,0.4,-1.4,2.7,5.4,15,-2.7,inf
06-25,Mato Grosso do Sul,Campo Grande,Centro-Oeste,15.2,23.5,7.7,0.0,69,16.0,13.2,18.8,9.1,0.3,78,13.9,-2.0,-4.7,1.4,0.3,9,-2.1,inf
06-26,Mato Grosso do Sul,Campo Grande,Centro-Oeste,21.9,25.4,19.3,1.1,75,14.9,17.9,24.2,13.4,0.2,82,10.7,-4.0,-1.2,-5.9,-0.9,7,-4.2,-81.82
06-27,Mato Grosso do Sul,Campo Grande,Centro-Oeste,21.1,27.0,16.7,1.6,84,7.3,21.7,27.8,17.0,0.0,76,13.1,0.6,0.8,0.3,-1.6,-8,5.8,-100.0
06-28,Mato Grosso do Sul,Campo Grande,Centro-Oeste,23.4,28.6,19.6,0.0,71,13.6,23.0,27.8,19.0,0.0,69,11.0,-0.4,-0.8,-0.6,0.0,-2,-2.6,
06-29,Mato Grosso do Sul,Campo Grande,Centro-Oeste,22.3,27.1,17.9,2.3,74,11.5,22.9,27.1,18.4,0.0,73,6.3,0.6,0.0,0.5,-2.3,-1,-5.2,-100.0
06-30,Mato Grosso do Sul,Campo Grande,Centro-Oeste,14.4,17.0,11.4,0.0,80,13.3,23.0,28.0,18.2,0.6,74,8.3,8.6,11.0,6.8,0.6,-6,-5.0,inf
07-01,Mato Grosso do Sul,Campo Grande,Centro-Oeste,13.3,18.6,9.4,0.0,75,11.8,23.8,29.0,19.9,0.0,62,8.6,10.5,10.4,10.5,0.0,-13,-3.2,
07-02,Mato Grosso do Sul,Campo Grande,Centro-Oeste,14.6,21.4,9.1,0.0,76,11.6,22.5,28.5,18.0,0.0,70,7.4,7.9,7.1,8.9,0.0,-6,-4.2,
07-03,Mato Grosso do Sul,Campo Grande,Centro-Oeste,17.0,22.4,12.7,0.0,77,13.7,16.9,20.9,14.5,0.0,84,10.8,-0.1,-1.5,1.8,0.0,7,-2.9,
07-04,Mato Grosso do Sul,Campo Grande,Centro-Oeste,17.5,23.2,12.9,0.0,74,17.2,17.8,24.6,12.9,0.0,81,7.8,0.3,1.4,0.0,0.0,7,-9.4,
07-05,Mato Grosso do Sul,Campo Grande,Centro-Oeste,19.2,25.5,14.2,0.0,66,11.9,20.5,26.6,15.7,0.0,70,8.4,1.3,1.1,1.5,0.0,4,-3.5,
07-06,Mato Grosso do Sul,Campo Grande,Centro-Oeste,19.8,25.7,14.8,0.0,56,10.7,20.3,25.4,16.3,0.0,70,7.6,0.5,-0.3,1.5,0.0,14,-3.1,
07-07,Mato Grosso do Sul,Campo Grande,Centro-Oeste,19.9,25.9,15.2,0.0,58,10.1,16.9,22.7,12.0,0.0,82,8.7,-3.0,-3.2,-3.2,0.0,24,-1.4,
07-08,Mato Grosso do Sul,Campo Grande,Centro-Oeste,19.9,25.2,15.2,0.0,56,7.8,19.4,26.5,14.0,0.0,71,9.6,-0.5,1.3,-1.2,0.0,15,1.8,
07-09,Mato Grosso do Sul,Campo Grande,Centro-Oeste,19.5,25.0,14.3,0.0,54,10.3,22.4,29.2,17.0,0.0,65,11.4,2.9,4.2,2.7,0.0,11,1.1,
07-10,Mato Grosso do Sul,Campo Grande,Centro-Oeste,20.2,26.9,15.0,0.0,53,11.7,23.6,28.9,19.2,0.1,61,10.8,3.4,2.0,4.2,0.1,8,-0.9,inf
07-11,Mato Grosso do Sul,Campo Grande,Centro-Oeste,21.2,27.5,16.3,0.0,48,11.0,24.0,28.8,19.8,0.9,59,10.3,2.8,1.3,3.5,0.9,11,-0.7,inf
07-12,Mato Grosso do Sul,Campo Grande,Centro-Oeste,21.5,26.9,16.4,0.0,43,12.2,20.6,24.4,18.5,3.5,85,7.2,-0.9,-2.5,2.1,3.5,42,-5.0,inf
07-13,Mato Grosso do Sul,Campo Grande,Centro-Oeste,21.6,27.4,17.0,0.0,44,11.6,16.6,23.0,11.1,0.0,68,11.3,-5.0,-4.4,-5.9,0.0,24,-0.3,
07-14,Mato Grosso do Sul,Campo Grande,Centro-Oeste,22.0,28.4,16.8,0.0,49,11.3,16.9,23.8,11.5,0.0,64,15.2,-5.1,-4.6,-5.3,0.0,15,3.9,
07-15,Mato Grosso do Sul,Campo Grande,Centro-Oeste,23.0,29.0,18.2,0.0,41,11.3,20.4,28.9,13.7,0.0,56,15.1,-2.6,-0.1,-4.5,0.0,15,3.8,
07-16,Mato Grosso do Sul,Campo Grande,Centro-Oeste,23.1,28.6,18.1,0.0,38,11.2,24.5,31.3,18.9,0.0,51,17.6,1.4,2.7,0.8,0.0,13,6.4,
07-17,Mato Grosso do Sul,Campo Grande,Centro-Oeste,21.2,26.5,15.0,0.0,50,10.4,25.9,29.6,23.2,0.6,58,19.0,4.7,3.1,8.2,0.6,8,8.6,inf
07-18,Mato Grosso do Sul,Campo Grande,Centro-Oeste,15.6,22.9,10.1,0.0,54,12.6,25.5,29.7,22.6,0.0,50,17.7,9.9,6.8,12.5,0.0,-4,5.1,
07-19,Mato Grosso do Sul,Campo Grande,Centro-Oeste,18.0,26.3,11.2,0.0,52,10.2,25.3,29.7,21.9,0.0,47,18.7,7.3,3.4,10.7,0.0,-5,8.5,
07-20,Mato Grosso do Sul,Campo Grande,Centro-Oeste,21.6,27.8,16.4,0.0,47,10.0,25.8,29.7,22.5,0.0,51,16.9,4.2,1.9,6.1,0.0,4,6.9,
07-21,Mato Grosso do Sul,Campo Grande,Centro-Oeste,23.1,28.8,18.8,0.0,43,9.7,26.2,30.0,23.5,0.0,49,17.0,3.1,1.2,4.7,0.0,6,7.3,
07-22,Mato Grosso do Sul,Campo Grande,Centro-Oeste,23.2,29.8,16.4,0.0,44,6.2,24.2,28.3,19.8,4.9,63,15.4,1.0,-1.5,3.4,4.9,19,9.2,inf
07-23,Mato Grosso do Sul,Campo Grande,Centro-Oeste,24.0,30.4,18.4,0.0,42,7.6,20.9,26.1,16.7,4.3,84,9.6,-3.1,-4.3,-1.7,4.3,42,2.0,inf
07-24,Mato Grosso do Sul,Campo Grande,Centro-Oeste,25.0,31.1,19.9,0.0,36,12.1,22.8,27.7,18.5,2.4,76,9.0,-2.2,-3.4,-1.4,2.4,40,-3.1,inf
07-25,Mato Grosso do Sul,Campo Grande,Centro-Oeste,23.5,31.2,16.8,0.0,45,11.0,23.6,28.9,19.3,4.2,71,8.6,0.1,-2.3,2.5,4.2,26,-2.4,inf
07-26,Mato Grosso do Sul,Campo Grande,Centro-Oeste,25.7,32.4,20.0,0.0,38,13.9,24.9,31.1,19.7,0.3,60,11.4,-0.8,-1.3,-0.3,0.3,22,-2.5,inf
07-27,Mato Grosso do Sul,Campo Grande,Centro-Oeste,26.8,32.5,21.8,0.2,38,17.0,26.3,32.3,20.9,0.0,53,13.5,-0.5,-0.2,-0.9,-0.2,15,-3.5,-100.0
07-28,Mato Grosso do Sul,Campo Grande,Centro-Oeste,18.6,22.0,13.8,25.9,80,10.6,27.4,32.0,22.7,0.0,44,13.3,8.8,10.0,8.9,-25.9,-36,2.7,-100.0
07-29,Mato Grosso do Sul,Campo Grande,Centro-Oeste,14.2,19.8,10.1,0.0,75,14.7,26.2,30.4,21.8,2.3,54,12.9,12.0,10.6,11.7,2.3,-21,-1.8,inf
07-30,Mato Grosso do Sul,Campo Grande,Centro-Oeste,16.4,23.7,10.8,0.0,58,15.6,21.3,25.8,17.4,39.8,77,15.8,4.9,2.1,6.6,39.8,19,0.2,inf
07-31,Mato Grosso do Sul,Campo Grande,Centro-Oeste,19.4,27.0,13.8,0.0,43,19.1,23.0,29.4,18.5,0.0,68,17.4,3.6,2.4,4.7,0.0,25,-1.7,
08-01,Mato Grosso do Sul,Campo Grande,Centro-Oeste,24.3,32.5,17.1,0.0,36,16.9,25.4,30.7,21.2,0.0,51,14.5,1.1,-1.8,4.1,0.0,15,-2.4,
08-02,Mato Grosso do Sul,Campo Grande,Centro-Oeste,26.7,32.1,22.2,0.0,39,13.2,23.7,28.5,20.9,0.0,63,7.1,-3.0,-3.6,-1.3,0.0,24,-6.1,
08-03,Mato Grosso do Sul,Campo Grande,Centro-Oeste,25.3,30.6,20.9,2.1,53,10.9,22.7,27.6,20.6,0.1,64,11.2,-2.6,-3.0,-0.3,-2.0,11,0.3,-95.24
08-04,Mato Grosso do Sul,Campo Grande,Centro-Oeste,20.0,23.6,16.0,6.8,84,7.6,23.1,28.2,19.2,2.1,64,9.4,3.1,4.6,3.2,-4.7,-20,1.8,-69.12
08-05,Mato Grosso do Sul,Campo Grande,Centro-Oeste,18.1,22.7,14.4,0.0,83,9.7,23.4,28.4,19.8,1.5,61,10.2,5.3,5.7,5.4,1.5,-22,0.5,inf
08-06,Mato Grosso do Sul,Campo Grande,Centro-Oeste,19.0,24.5,14.5,0.0,73,10.9,24.5,29.8,19.6,0.2,55,15.3,5.5,5.3,5.1,0.2,-18,4.4,inf
08-07,Mato Grosso do Sul,Campo Grande,Centro-Oeste,20.5,26.3,15.9,0.0,67,9.8,24.8,28.1,22.0,2.3,63,18.3,4.3,1.8,6.1,2.3,-4,8.5,inf
08-08,Mato Grosso do Sul,Campo Grande,Centro-Oeste,17.6,22.3,12.7,0.2,77,12.1,25.6,30.6,20.7,0.1,65,19.2,8.0,8.3,8.0,-0.1,-12,7.1,-50.0
08-09,Mato Grosso do Sul,Campo Grande,Centro-Oeste,12.2,17.4,8.0,0.0,64,11.3,26.6,30.5,23.3,2.0,60,14.4,14.4,13.1,15.3,2.0,-4,3.1,inf
08-10,Mato Grosso do Sul,Campo Grande,Centro-Oeste,13.0,20.6,6.6,0.0,55,9.4,24.3,29.5,20.3,4.6,78,9.4,11.3,8.9,13.7,4.6,23,0.0,inf
08-11,Mato Grosso do Sul,Campo Grande,Centro-Oeste,15.6,22.8,9.1,0.0,42,11.2,22.4,28.1,19.2,0.0,80,12.6,6.8,5.3,10.1,0.0,38,1.4,
08-12,Mato Grosso do Sul,Campo Grande,Centro-Oeste,17.0,24.1,10.7,0.0,46,11.3,24.4,30.8,19.3,0.6,63,14.1,7.4,6.7,8.6,0.6,17,2.8,inf
08-13,Mato Grosso do Sul,Campo Grande,Centro-Oeste,19.4,27.6,13.0,0.0,42,10.6,25.8,30.9,21.4,0.1,54,8.8,6.4,3.3,8.4,0.1,12,-1.8,inf
08-14,Mato Grosso do Sul,Campo Grande,Centro-Oeste,21.0,28.6,14.7,0.0,34,9.1,25.5,31.3,19.2,0.0,55,7.1,4.5,2.7,4.5,0.0,21,-2.0,
08-15,Mato Grosso do Sul,Campo Grande,Centro-Oeste,21.4,28.6,15.4,0.0,37,10.3,27.0,33.4,21.1,0.0,46,9.4,5.6,4.8,5.7,0.0,9,-0.9,
08-16,Mato Grosso do Sul,Campo Grande,Centro-Oeste,23.7,32.4,17.6,0.0,37,13.6,27.8,34.7,21.9,0.0,38,11.3,4.1,2.3,4.3,0.0,1,-2.3,
08-17,Mato Grosso do Sul,Campo Grande,Centro-Oeste,25.8,33.1,20.3,0.0,40,12.0,29.2,34.6,24.2,0.0,28,13.2,3.4,1.5,3.9,0.0,-12,1.2,
08-18,Mato Grosso do Sul,Campo Grande,Centro-Oeste,26.9,33.9,21.2,0.0,34,16.4,28.7,33.7,24.0,0.0,33,12.9,1.8,-0.2,2.8,0.0,-1,-3.5,
08-19,Mato Grosso do Sul,Campo Grande,Centro-Oeste,28.4,33.7,23.5,0.0,28,21.2,26.0,31.9,20.5,0.6,50,10.6,-2.4,-1.8,-3.0,0.6,22,-10.6,inf
06-01,Minas Gerais,Belo Horizonte,Sudeste,20.7,25.8,16.1,0.1,70,6.4,19.3,24.5,15.7,0.9,71,6.1,-1.4,-1.3,-0.4,0.8,1,-0.3,800.0
06-02,Minas Gerais,Belo Horizonte,Sudeste,19.7,24.1,16.0,0.0,71,10.2,18.4,22.7,15.7,2.7,76,8.8,-1.3,-1.4,-0.3,2.7,5,-1.4,inf
06-03,Minas Gerais,Belo Horizonte,Sudeste,19.0,23.7,16.1,1.4,75,8.7,18.0,22.4,14.9,1.7,77,9.1,-1.0,-1.3,-1.2,0.3,2,0.4,21.43
06-04,Minas Gerais,Belo Horizonte,Sudeste,19.4,24.8,14.3,0.0,71,4.8,17.3,22.5,13.8,0.0,71,10.9,-2.1,-2.3,-0.5,0.0,0,6.1,
06-05,Minas Gerais,Belo Horizonte,Sudeste,20.3,25.2,15.6,0.0,64,5.7,16.3,21.6,13.0,0.0,66,10.1,-4.0,-3.6,-2.6,0.0,2,4.4,
06-06,Minas Gerais,Belo Horizonte,Sudeste,20.6,24.9,16.1,0.0,63,5.0,15.2,20.2,9.7,0.0,66,4.4,-5.4,-4.7,-6.4,0.0,3,-0.6,
06-07,Minas Gerais,Belo Horizonte,Sudeste,20.4,24.4,16.1,0.5,70,6.3,16.5,21.7,11.4,0.0,58,3.2,-3.9,-2.7,-4.7,-0.5,-12,-3.1,-100.0
06-08,Minas Gerais,Belo Horizonte,Sudeste,20.6,25.4,16.1,1.4,66,7.8,17.3,22.7,11.6,0.0,57,5.4,-3.3,-2.7,-4.5,-1.4,-9,-2.4,-100.0
06-09,Minas Gerais,Belo Horizonte,Sudeste,20.4,24.3,16.7,0.0,58,5.6,18.2,24.5,12.7,0.0,58,7.3,-2.2,0.2,-4.0,0.0,0,1.7,
06-10,Minas Gerais,Belo Horizonte,Sudeste,19.6,23.8,15.7,0.2,68,6.3,19.6,25.4,13.9,0.0,58,5.3,0.0,1.6,-1.8,-0.2,-10,-1.0,-100.0
06-11,Minas Gerais,Belo Horizonte,Sudeste,18.0,23.8,13.7,0.2,67,8.4,17.6,20.2,15.6,5.2,83,5.2,-0.4,-3.6,1.9,5.0,16,-3.2,2500.0
06-12,Minas Gerais,Belo Horizonte,Sudeste,14.9,20.7,10.7,0.0,56,12.4,17.7,24.1,13.9,0.4,83,4.7,2.8,3.4,3.2,0.4,27,-7.7,inf
06-13,Minas Gerais,Belo Horizonte,Sudeste,14.4,19.6,9.8,0.0,63,11.6,18.2,22.0,15.6,0.5,85,5.3,3.8,2.4,5.8,0.5,22,-6.3,inf
06-14,Minas Gerais,Belo Horizonte,Sudeste,14.6,19.7,11.0,0.0,64,12.0,18.4,21.6,15.6,2.8,85,4.4,3.8,1.9,4.6,2.8,21,-7.6,inf
06-15,Minas Gerais,Belo Horizonte,Sudeste,15.6,21.0,10.7,0.0,57,7.8,20.1,25.1,16.4,0.7,76,5.8,4.5,4.1,5.7,0.7,19,-2.0,inf
06-16,Minas Gerais,Belo Horizonte,Sudeste,16.4,22.3,11.4,0.0,61,8.2,20.0,24.7,16.4,0.2,73,6.2,3.6,2.4,5.0,0.2,12,-2.0,inf
06-17,Minas Gerais,Belo Horizonte,Sudeste,16.8,21.9,12.0,0.0,66,10.6,18.2,23.5,13.8,0.0,70,6.1,1.4,1.6,1.8,0.0,4,-4.5,
06-18,Minas Gerais,Belo Horizonte,Sudeste,17.4,23.5,12.4,0.0,72,9.8,16.5,21.7,12.3,0.0,71,9.5,-0.9,-1.8,-0.1,0.0,-1,-0.3,
06-19,Minas Gerais,Belo Horizonte,Sudeste,18.4,23.7,14.0,0.0,65,8.9,16.1,21.1,12.0,0.0,69,8.6,-2.3,-2.6,-2.0,0.0,4,-0.3,
06-20,Minas Gerais,Belo Horizonte,Sudeste,18.4,23.7,13.5,0.0,58,7.8,16.5,22.3,11.2,0.0,66,6.3,-1.9,-1.4,-2.3,0.0,8,-1.5,
06-21,Minas Gerais,Belo Horizonte,Sudeste,19.9,25.4,14.7,0.0,56,5.7,18.4,24.1,13.6,0.0,66,4.8,-1.5,-1.3,-1.1,0.0,10,-0.9,
06-22,Minas Gerais,Belo Horizonte,Sudeste,20.2,25.6,15.4,0.0,48,6.6,19.1,23.7,15.3,0.0,64,5.7,-1.1,-1.9,-0.1,0.0,16,-0.9,
06-23,Minas Gerais,Belo Horizonte,Sudeste,21.0,27.1,15.5,0.0,54,7.4,19.2,24.9,14.0,0.0,66,5.1,-1.8,-2.2,-1.5,0.0,12,-2.3,
06-24,Minas Gerais,Belo Horizonte,Sudeste,20.0,25.8,16.2,0.0,64,9.1,19.9,25.5,15.0,0.0,65,6.1,-0.1,-0.3,-1.2,0.0,1,-3.0,
06-25,Minas Gerais,Belo Horizonte,Sudeste,17.8,23.5,13.2,0.2,69,9.8,19.3,24.6,16.2,0.0,69,10.8,1.5,1.1,3.0,-0.2,0,1.0,-100.0
06-26,Minas Gerais,Belo Horizonte,Sudeste,18.7,24.5,14.3,0.0,70,9.8,19.1,23.9,15.6,0.0,73,10.3,0.4,-0.6,1.3,0.0,3,0.5,
06-27,Minas Gerais,Belo Horizonte,Sudeste,19.7,26.1,14.1,0.0,60,6.3,19.6,24.4,15.8,0.0,69,10.0,-0.1,-1.7,1.7,0.0,9,3.7,
06-28,Minas Gerais,Belo Horizonte,Sudeste,19.2,24.5,15.0,0.0,60,10.6,18.9,24.0,15.4,0.0,68,9.8,-0.3,-0.5,0.4,0.0,8,-0.8,
06-29,Minas Gerais,Belo Horizonte,Sudeste,19.9,26.1,13.9,0.0,60,6.5,18.6,24.2,13.8,0.0,65,7.6,-1.3,-1.9,-0.1,0.0,5,1.1,
06-30,Minas Gerais,Belo Horizonte,Sudeste,20.2,26.5,14.5,0.0,47,7.5,19.1,25.2,14.0,0.0,69,8.7,-1.1,-1.3,-0.5,0.0,22,1.2,
07-01,Minas Gerais,Belo Horizonte,Sudeste,19.2,24.9,14.4,0.0,48,8.8,19.6,25.4,14.8,0.0,72,9.1,0.4,0.5,0.4,0.0,24,0.3,
07-02,Minas Gerais,Belo Horizonte,Sudeste,17.8,22.6,13.1,0.0,63,10.0,19.6,25.6,14.5,0.0,64,6.9,1.8,3.0,1.4,0.0,1,-3.1,
07-03,Minas Gerais,Belo Horizonte,Sudeste,17.2,22.5,13.1,0.0,68,10.9,19.8,25.9,13.5,0.0,55,4.6,2.6,3.4,0.4,0.0,-13,-6.3,
07-04,Minas Gerais,Belo Horizonte,Sudeste,16.0,19.9,13.2,1.1,74,9.5,20.3,26.2,15.1,0.0,62,7.6,4.3,6.3,1.9,-1.1,-12,-1.9,-100.0
07-05,Minas Gerais,Belo Horizonte,Sudeste,16.6,22.4,11.3,0.0,61,6.7,19.4,24.4,15.2,0.0,67,7.3,2.8,2.0,3.9,0.0,6,0.6,
07-06,Minas Gerais,Belo Horizonte,Sudeste,17.1,22.5,11.9,0.0,56,5.7,19.2,24.2,14.9,0.2,68,6.3,2.1,1.7,3.0,0.2,12,0.6,inf
07-07,Minas Gerais,Belo Horizonte,Sudeste,16.2,21.6,11.3,0.0,61,8.9,20.3,25.6,15.8,0.0,59,8.6,4.1,4.0,4.5,0.0,-2,-0.3,
07-08,Minas Gerais,Belo Horizonte,Sudeste,16.3,21.3,11.4,0.0,55,5.8,19.9,25.0,14.8,0.0,50,6.4,3.6,3.7,3.4,0.0,-5,0.6,
07-09,Minas Gerais,Belo Horizonte,Sudeste,16.8,21.9,12.2,0.0,54,8.8,19.3,25.2,13.8,0.0,53,5.8,2.5,3.3,1.6,0.0,-1,-3.0,
07-10,Minas Gerais,Belo Horizonte,Sudeste,16.7,21.8,12.1,0.0,63,10.2,19.8,26.4,13.8,0.0,54,7.4,3.1,4.6,1.7,0.0,-9,-2.8,
07-11,Minas Gerais,Belo Horizonte,Sudeste,16.9,21.4,12.0,0.2,67,9.6,21.2,27.8,14.5,0.0,43,4.7,4.3,6.4,2.5,-0.2,-24,-4.9,-100.0
07-12,Minas Gerais,Belo Horizonte,Sudeste,16.8,21.4,12.5,0.2,72,9.9,21.8,27.2,17.0,0.0,45,7.2,5.0,5.8,4.5,-0.2,-27,-2.7,-100.0
07-13,Minas Gerais,Belo Horizonte,Sudeste,17.0,21.8,12.8,0.0,59,8.5,20.6,24.8,15.1,2.2,61,8.2,3.6,3.0,2.3,2.2,2,-0.3,inf
07-14,Minas Gerais,Belo Horizonte,Sudeste,16.4,20.8,11.1,0.0,53,5.7,16.2,22.4,11.5,0.0,60,11.6,-0.2,1.6,0.4,0.0,7,5.9,
07-15,Minas Gerais,Belo Horizonte,Sudeste,18.2,22.7,13.6,0.0,43,5.4,15.5,21.2,11.8,0.0,62,11.6,-2.7,-1.5,-1.8,0.0,19,6.2,
07-16,Minas Gerais,Belo Horizonte,Sudeste,17.7,22.6,12.7,0.0,47,7.6,14.4,19.7,10.2,0.0,66,11.9,-3.3,-2.9,-2.5,0.0,19,4.3,
07-17,Minas Gerais,Belo Horizonte,Sudeste,17.5,23.1,12.5,0.0,50,6.4,15.2,21.0,10.4,0.0,67,11.7,-2.3,-2.1,-2.1,0.0,17,5.3,
07-18,Minas Gerais,Belo Horizonte,Sudeste,18.5,24.3,12.5,0.0,47,6.8,16.8,22.8,11.5,0.0,63,11.2,-1.7,-1.5,-1.0,0.0,16,4.4,
07-19,Minas Gerais,Belo Horizonte,Sudeste,20.1,25.5,14.8,0.0,44,5.0,18.0,23.6,13.8,0.1,66,10.3,-2.1,-1.9,-1.0,0.1,22,5.3,inf
07-20,Minas Gerais,Belo Horizonte,Sudeste,18.4,23.4,13.3,0.0,62,8.8,18.0,23.9,12.9,0.0,63,8.1,-0.4,0.5,-0.4,0.0,1,-0.7,
07-21,Minas Gerais,Belo Horizonte,Sudeste,18.5,24.3,13.8,0.0,62,7.9,18.6,23.4,13.5,0.6,70,8.0,0.1,-0.9,-0.3,0.6,8,0.1,inf
07-22,Minas Gerais,Belo Horizonte,Sudeste,19.6,27.1,13.7,0.0,54,6.2,19.9,26.0,14.6,0.0,64,7.3,0.3,-1.1,0.9,0.0,10,1.1,
07-23,Minas Gerais,Belo Horizonte,Sudeste,20.8,26.7,15.5,0.0,51,6.1,21.7,28.5,15.8,0.0,54,6.3,0.9,1.8,0.3,0.0,3,0.2,
07-24,Minas Gerais,Belo Horizonte,Sudeste,19.8,25.5,15.1,0.0,58,9.3,21.5,27.0,17.4,2.9,57,7.8,1.7,1.5,2.3,2.9,-1,-1.5,inf
07-25,Minas Gerais,Belo Horizonte,Sudeste,18.8,24.3,14.4,3.0,64,10.4,19.3,24.8,14.7,1.1,70,7.7,0.5,0.5,0.3,-1.9,6,-2.7,-63.33
07-26,Minas Gerais,Belo Horizonte,Sudeste,18.9,24.2,14.5,0.0,64,6.4,20.0,25.5,15.1,0.0,64,5.0,1.1,1.3,0.6,0.0,0,-1.4,
07-27,Minas Gerais,Belo Horizonte,Sudeste,18.8,24.4,14.4,0.0,64,8.8,20.2,26.5,15.2,0.0,63,7.7,1.4,2.1,0.8,0.0,-1,-1.1,
07-28,Minas Gerais,Belo Horizonte,Sudeste,20.2,26.7,14.2,0.1,54,8.4,21.2,27.1,15.4,0.0,56,6.9,1.0,0.4,1.2,-0.1,2,-1.5,-100.0
07-29,Minas Gerais,Belo Horizonte,Sudeste,18.8,23.6,15.9,0.0,62,9.8,22.2,28.6,15.8,0.0,48,5.3,3.4,5.0,-0.1,0.0,-14,-4.5,
07-30,Minas Gerais,Belo Horizonte,Sudeste,17.1,24.4,11.0,0.0,45,6.6,22.1,29.5,16.3,0.2,50,7.7,5.0,5.1,5.3,0.2,5,1.1,inf
07-31,Minas Gerais,Belo Horizonte,Sudeste,15.9,21.8,10.3,0.0,54,10.4,19.0,23.8,14.9,0.0,62,10.9,3.1,2.0,4.6,0.0,8,0.5,
08-01,Minas Gerais,Belo Horizonte,Sudeste,16.8,22.7,12.0,0.0,61,10.5,17.9,23.3,13.6,0.0,65,9.7,1.1,0.6,1.6,0.0,4,-0.8,
08-02,Minas Gerais,Belo Horizonte,Sudeste,16.8,22.6,11.5,0.0,56,9.5,18.9,25.3,13.1,0.0,60,7.6,2.1,2.7,1.6,0.0,4,-1.9,
08-03,Minas Gerais,Belo Horizonte,Sudeste,16.8,22.7,11.7,0.0,57,11.0,19.4,25.3,14.3,0.0,52,8.6,2.6,2.6,2.6,0.0,-5,-2.4,
08-04,Minas Gerais,Belo Horizonte,Sudeste,17.5,23.6,12.1,0.0,57,8.8,19.6,25.5,14.3,0.0,52,9.4,2.1,1.9,2.2,0.0,-5,0.6,
08-05,Minas Gerais,Belo Horizonte,Sudeste,17.2,20.9,13.7,0.0,56,8.4,20.6,26.3,15.2,0.0,52,7.6,3.4,5.4,1.5,0.0,-4,-0.8,
08-06,Minas Gerais,Belo Horizonte,Sudeste,18.0,23.3,13.5,0.0,59,8.8,21.6,28.3,15.1,0.0,51,6.9,3.6,5.0,1.6,0.0,-8,-1.9,
08-07,Minas Gerais,Belo Horizonte,Sudeste,19.7,26.2,13.9,0.0,53,8.0,23.3,29.7,16.6,0.0,46,8.5,3.6,3.5,2.7,0.0,-7,0.5,
08-08,Minas Gerais,Belo Horizonte,Sudeste,21.4,28.3,15.1,0.0,48,8.7,25.1,31.4,18.2,0.0,38,7.3,3.7,3.1,3.1,0.0,-10,-1.4,
08-09,Minas Gerais,Belo Horizonte,Sudeste,21.4,26.3,17.4,0.0,47,9.9,26.2,32.7,20.0,0.0,34,6.1,4.8,6.4,2.6,0.0,-13,-3.8,
08-10,Minas Gerais,Belo Horizonte,Sudeste,19.1,24.5,14.1,0.0,39,8.1,25.0,31.8,19.3,0.0,46,10.6,5.9,7.3,5.2,0.0,7,2.5,
08-11,Minas Gerais,Belo Horizonte,Sudeste,17.1,24.1,11.0,0.0,53,8.8,20.1,23.4,17.5,0.9,71,11.3,3.0,-0.7,6.5,0.9,18,2.5,inf
08-12,Minas Gerais,Belo Horizonte,Sudeste,16.7,23.0,11.9,0.1,65,10.0,20.4,27.0,15.6,0.0,68,9.1,3.7,4.0,3.7,-0.1,3,-0.9,-100.0
08-13,Minas Gerais,Belo Horizonte,Sudeste,19.1,25.7,13.7,0.0,62,8.2,22.3,28.8,15.5,0.0,58,6.5,3.2,3.1,1.8,0.0,-4,-1.7,
08-14,Minas Gerais,Belo Horizonte,Sudeste,20.3,28.1,13.5,0.0,56,7.6,24.2,30.2,18.7,0.0,47,4.6,3.9,2.1,5.2,0.0,-9,-3.0,
08-15,Minas Gerais,Belo Horizonte,Sudeste,18.2,23.4,13.1,0.0,64,11.7,21.9,28.2,18.1,0.9,66,9.9,3.7,4.8,5.0,0.9,2,-1.8,inf
08-16,Minas Gerais,Belo Horizonte,Sudeste,18.1,24.5,13.1,0.0,61,10.6,20.6,25.4,17.1,0.7,71,12.0,2.5,0.9,4.0,0.7,10,1.4,inf
08-17,Minas Gerais,Belo Horizonte,Sudeste,19.5,26.7,13.6,0.0,53,8.0,19.9,25.0,16.2,0.0,68,12.3,0.4,-1.7,2.6,0.0,15,4.3,
08-18,Minas Gerais,Belo Horizonte,Sudeste,19.8,26.2,14.9,0.0,56,10.9,19.4,25.6,14.2,0.0,63,9.6,-0.4,-0.6,-0.7,0.0,7,-1.3,
08-19,Minas Gerais,Belo Horizonte,Sudeste,18.6,24.6,14.0,0.0,63,12.7,21.2,28.7,14.5,0.0,48,7.1,2.6,4.1,0.5,0.0,-15,-5.6,
06-01,Pará,Belém,Norte,27.3,32.5,24.0,1.5,78,8.3,26.8,31.7,24.8,6.3,84,6.9,-0.5,-0.8,0.8,4.8,6,-1.4,320.0
06-02,Pará,Belém,Norte,26.5,32.3,23.7,3.5,83,6.7,26.8,32.3,24.0,12.0,86,5.3,0.3,0.0,0.3,8.5,3,-1.4,242.86
06-03,Pará,Belém,Norte,26.1,32.1,23.5,2.9,85,7.1,26.9,31.6,24.1,3.1,85,6.3,0.8,-0.5,0.6,0.2,0,-0.8,6.9
06-04,Pará,Belém,Norte,26.5,31.7,23.7,1.8,83,10.2,26.8,32.3,23.6,16.8,85,7.7,0.3,0.6,-0.1,15.0,2,-2.5,833.33
06-05,Pará,Belém,Norte,26.4,31.0,23.5,1.8,84,8.7,26.9,32.2,24.0,3.7,85,6.7,0.5,1.2,0.5,1.9,1,-2.0,105.56
06-06,Pará,Belém,Norte,26.8,32.1,23.8,1.1,83,7.6,26.7,31.9,24.1,4.5,86,6.7,-0.1,-0.2,0.3,3.4,3,-0.9,309.09
06-07,Pará,Belém,Norte,26.6,32.2,23.7,4.7,84,6.2,26.8,31.8,23.7,3.2,84,7.1,0.2,-0.4,0.0,-1.5,0,0.9,-31.91
06-08,Pará,Belém,Norte,27.0,32.0,24.2,9.3,84,5.4,26.7,31.6,24.1,7.8,87,6.8,-0.3,-0.4,-0.1,-1.5,3,1.4,-16.13
06-09,Pará,Belém,Norte,26.8,32.0,23.6,1.4,83,7.4,27.1,32.7,23.8,6.1,83,7.3,0.3,0.7,0.2,4.7,0,-0.1,335.71
06-10,Pará,Belém,Norte,27.2,32.5,23.8,0.5,79,7.8,26.8,32.2,24.2,3.2,85,7.2,-0.4,-0.3,0.4,2.7,6,-0.6,540.0
06-11,Pará,Belém,Norte,27.2,32.7,23.8,3.5,79,6.3,26.9,31.8,23.5,3.0,83,7.9,-0.3,-0.9,-0.3,-0.5,4,1.6,-14.29
06-12,Pará,Belém,Norte,25.6,29.1,23.7,7.7,89,5.7,27.0,32.1,23.6,3.8,83,8.4,1.4,3.0,-0.1,-3.9,-6,2.7,-50.65
06-13,Pará,Belém,Norte,25.3,29.4,23.4,9.1,89,5.7,27.2,32.0,23.9,2.5,82,10.6,1.9,2.6,0.5,-6.6,-7,4.9,-72.53
06-14,Pará,Belém,Norte,25.6,30.4,23.2,10.0,88,7.1,27.2,32.5,22.9,1.3,77,10.8,1.6,2.1,-0.3,-8.7,-11,3.7,-87.0
06-15,Pará,Belém,Norte,26.6,31.2,23.5,1.4,80,8.4,27.4,32.4,24.0,2.4,82,7.4,0.8,1.2,0.5,1.0,2,-1.0,71.43
06-16,Pará,Belém,Norte,26.4,31.4,23.4,2.0,81,8.3,27.2,32.2,23.5,4.4,84,6.7,0.8,0.8,0.1,2.4,3,-1.6,120.0
06-17,Pará,Belém,Norte,27.0,31.9,23.3,0.6,77,8.5,25.5,31.0,23.0,16.5,88,5.8,-1.5,-0.9,-0.3,15.9,11,-2.7,2650.0
06-18,Pará,Belém,Norte,26.6,32.4,23.2,9.8,81,7.9,26.7,32.2,23.0,0.9,82,6.2,0.1,-0.2,-0.2,-8.9,1,-1.7,-90.82
06-19,Pará,Belém,Norte,26.1,31.1,23.6,1.9,84,8.1,26.1,31.3,23.4,7.2,85,5.2,0.0,0.2,-0.2,5.3,1,-2.9,278.95
06-20,Pará,Belém,Norte,26.0,30.7,23.5,2.8,85,9.7,26.3,30.8,23.4,3.4,85,5.5,0.3,0.1,-0.1,0.6,0,-4.2,21.43
06-21,Pará,Belém,Norte,25.6,29.5,23.3,4.0,87,9.1,27.1,32.6,23.3,1.7,80,8.1,1.5,3.1,0.0,-2.3,-7,-1.0,-57.5
06-22,Pará,Belém,Norte,25.5,30.1,23.0,7.4,87,7.4,27.6,32.4,23.8,2.3,78,7.9,2.1,2.3,0.8,-5.1,-9,0.5,-68.92
06-23,Pará,Belém,Norte,26.5,31.4,22.8,0.8,83,7.6,27.2,32.3,23.5,3.6,82,6.1,0.7,0.9,0.7,2.8,-1,-1.5,350.0
06-24,Pará,Belém,Norte,26.3,30.5,23.7,2.7,84,5.7,26.7,30.8,24.3,4.5,85,3.3,0.4,0.3,0.6,1.8,1,-2.4,66.67
06-25,Pará,Belém,Norte,27.0,31.9,23.7,1.0,81,8.3,26.6,32.0,23.8,2.8,85,4.2,-0.4,0.1,0.1,1.8,4,-4.1,180.0
06-26,Pará,Belém,Norte,26.2,31.7,23.3,4.7,84,7.7,27.1,32.1,23.9,1.4,82,9.2,0.9,0.4,0.6,-3.3,-2,1.5,-70.21
06-27,Pará,Belém,Norte,25.8,31.1,23.6,4.9,85,7.3,27.1,31.0,23.9,0.1,79,9.7,1.3,-0.1,0.3,-4.8,-6,2.4,-97.96
06-28,Pará,Belém,Norte,26.4,31.7,23.0,2.1,82,8.4,26.9,31.5,24.2,7.6,79,8.1,0.5,-0.2,1.2,5.5,-3,-0.3,261.9
06-29,Pará,Belém,Norte,26.0,31.9,23.1,4.1,83,6.6,25.8,31.4,23.9,14.5,88,8.4,-0.2,-0.5,0.8,10.4,5,1.8,253.66
06-30,Pará,Belém,Norte,25.7,31.0,22.8,10.8,85,6.3,27.2,32.4,23.3,1.4,80,8.0,1.5,1.4,0.5,-9.4,-5,1.7,-87.04
07-01,Pará,Belém,Norte,26.3,31.3,23.2,2.9,83,7.6,27.6,32.6,23.7,6.0,80,8.6,1.3,1.3,0.5,3.1,-3,1.0,106.9
07-02,Pará,Belém,Norte,26.3,31.9,23.0,3.0,82,8.8,27.7,33.3,23.7,4.5,77,9.6,1.4,1.4,0.7,1.5,-5,0.8,50.0
07-03,Pará,Belém,Norte,25.4,30.4,23.1,5.3,86,6.6,27.9,32.7,24.1,3.9,79,8.5,2.5,2.3,1.0,-1.4,-7,1.9,-26.42
07-04,Pará,Belém,Norte,25.5,31.1,22.8,8.4,86,5.8,27.3,33.4,23.8,7.1,81,8.3,1.8,2.3,1.0,-1.3,-5,2.5,-15.48
07-05,Pará,Belém,Norte,25.6,30.4,22.3,3.1,84,4.3,26.7,32.8,24.0,8.9,84,9.6,1.1,2.4,1.7,5.8,0,5.3,187.1
07-06,Pará,Belém,Norte,26.4,30.7,23.2,1.3,83,5.0,27.5,32.3,23.3,0.9,79,7.7,1.1,1.6,0.1,-0.4,-4,2.7,-30.77
07-07,Pará,Belém,Norte,26.8,32.4,23.0,4.5,79,6.3,28.0,33.7,24.3,0.8,76,6.6,1.2,1.3,1.3,-3.7,-3,0.3,-82.22
07-08,Pará,Belém,Norte,25.3,31.3,22.2,17.6,86,5.9,27.4,33.3,24.0,4.0,79,6.7,2.1,2.0,1.8,-13.6,-7,0.8,-77.27
07-09,Pará,Belém,Norte,25.7,31.2,22.8,4.9,85,6.2,27.3,32.7,24.0,2.1,80,9.5,1.6,1.5,1.2,-2.8,-5,3.3,-57.14
07-10,Pará,Belém,Norte,26.2,31.5,23.3,3.1,84,8.0,27.5,32.8,24.1,1.1,75,11.9,1.3,1.3,0.8,-2.0,-9,3.9,-64.52
07-11,Pará,Belém,Norte,25.6,30.8,23.0,5.0,86,7.2,27.4,32.4,23.5,2.4,76,10.2,1.8,1.6,0.5,-2.6,-10,3.0,-52.0
07-12,Pará,Belém,Norte,26.2,31.6,23.4,8.0,83,4.4,27.3,33.0,23.9,5.1,79,8.3,1.1,1.4,0.5,-2.9,-4,3.9,-36.25
07-13,Pará,Belém,Norte,26.6,30.9,23.9,1.7,81,5.6,27.4,32.6,23.9,2.3,80,6.3,0.8,1.7,0.0,0.6,-1,0.7,35.29
07-14,Pará,Belém,Norte,27.5,32.9,23.1,0.0,73,5.8,27.6,32.3,24.2,3.1,77,8.7,0.1,-0.6,1.1,3.1,4,2.9,inf
07-15,Pará,Belém,Norte,27.2,32.4,23.4,0.6,73,7.3,27.7,32.5,23.9,0.9,74,8.4,0.5,0.1,0.5,0.3,1,1.1,50.0
07-16,Pará,Belém,Norte,27.1,32.9,23.6,0.9,77,5.5,27.3,32.1,23.7,1.2,76,9.7,0.2,-0.8,0.1,0.3,-1,4.2,33.33
07-17,Pará,Belém,Norte,26.8,31.8,23.3,3.3,79,6.1,26.9,32.0,23.8,2.5,80,9.2,0.1,0.2,0.5,-0.8,1,3.1,-24.24
07-18,Pará,Belém,Norte,27.3,33.0,22.9,0.0,73,6.3,27.2,32.5,23.5,3.5,77,8.8,-0.1,-0.5,0.6,3.5,4,2.5,inf
07-19,Pará,Belém,Norte,27.5,33.2,23.2,0.6,74,6.8,27.3,31.9,24.1,2.3,79,9.6,-0.2,-1.3,0.9,1.7,5,2.8,283.33
07-20,Pará,Belém,Norte,26.6,31.5,23.6,2.4,80,5.8,27.4,32.2,24.2,2.0,76,9.6,0.8,0.7,0.6,-0.4,-4,3.8,-16.67
07-21,Pará,Belém,Norte,26.8,32.6,23.8,2.6,80,6.5,26.9,31.5,24.1,2.9,80,10.3,0.1,-1.1,0.3,0.3,0,3.8,11.54
07-22,Pará,Belém,Norte,28.1,33.3,23.4,0.4,71,9.1,27.2,32.3,23.4,3.4,78,9.2,-0.9,-1.0,0.0,3.0,7,0.1,750.0
07-23,Pará,Belém,Norte,27.1,32.4,23.7,3.8,77,6.6,27.3,32.8,23.5,2.3,81,8.1,0.2,0.4,-0.2,-1.5,4,1.5,-39.47
07-24,Pará,Belém,Norte,27.1,32.9,23.5,1.1,79,6.9,26.9,31.3,24.1,3.4,82,9.8,-0.2,-1.6,0.6,2.3,3,2.9,209.09
07-25,Pará,Belém,Norte,26.6,33.0,23.7,3.4,82,6.8,27.2,32.7,23.1,0.4,76,8.5,0.6,-0.3,-0.6,-3.0,-6,1.7,-88.24
07-26,Pará,Belém,Norte,27.0,32.3,23.2,2.2,80,8.9,27.2,32.9,23.7,7.4,78,6.9,0.2,0.6,0.5,5.2,-2,-2.0,236.36
07-27,Pará,Belém,Norte,27.5,32.5,23.0,0.4,73,8.6,27.0,32.1,23.2,9.0,81,6.9,-0.5,-0.4,0.2,8.6,8,-1.7,2150.0
07-28,Pará,Belém,Norte,27.7,33.2,23.3,0.7,71,7.2,27.3,32.5,24.1,2.4,79,8.2,-0.4,-0.7,0.8,1.7,8,1.0,242.86
07-29,Pará,Belém,Norte,26.6,32.3,23.4,3.0,79,6.3,27.5,32.9,23.4,3.9,76,8.8,0.9,0.6,0.0,0.9,-3,2.5,30.0
07-30,Pará,Belém,Norte,26.5,30.9,23.5,1.7,82,6.4,27.6,33.1,23.8,2.6,78,9.1,1.1,2.2,0.3,0.9,-4,2.7,52.94
07-31,Pará,Belém,Norte,25.6,30.8,23.9,23.7,85,7.9,27.0,31.6,23.9,5.5,80,9.0,1.4,0.8,0.0,-18.2,-5,1.1,-76.79
08-01,Pará,Belém,Norte,26.5,31.9,22.8,0.6,77,10.3,27.3,32.3,23.4,0.5,79,7.7,0.8,0.4,0.6,-0.1,2,-2.6,-16.67
08-02,Pará,Belém,Norte,27.0,32.5,22.3,0.2,70,8.4,27.1,32.8,22.9,7.7,78,8.0,0.1,0.3,0.6,7.5,8,-0.4,3750.0
08-03,Pará,Belém,Norte,27.2,32.7,22.5,1.1,70,6.2,27.2,32.8,22.8,2.9,79,7.8,0.0,0.1,0.3,1.8,9,1.6,163.64
08-04,Pará,Belém,Norte,26.2,32.7,23.6,6.8,79,5.8,27.6,33.1,23.3,0.9,76,7.2,1.4,0.4,-0.3,-5.9,-3,1.4,-86.76
08-05,Pará,Belém,Norte,26.1,31.6,23.4,4.7,84,6.6,27.4,32.7,24.0,3.8,78,8.4,1.3,1.1,0.6,-0.9,-6,1.8,-19.15
08-06,Pará,Belém,Norte,26.5,30.7,23.8,2.5,83,6.3,27.2,32.2,23.8,2.9,81,7.0,0.7,1.5,0.0,0.4,-2,0.7,16.0
08-07,Pará,Belém,Norte,25.6,31.3,23.3,5.1,86,6.1,27.6,33.4,23.3,4.7,78,9.5,2.0,2.1,0.0,-0.4,-8,3.4,-7.84
08-08,Pará,Belém,Norte,25.5,30.5,23.6,14.4,87,5.3,26.9,31.3,23.7,3.4,82,8.0,1.4,0.8,0.1,-11.0,-5,2.7,-76.39
08-09,Pará,Belém,Norte,25.7,30.6,22.8,2.5,85,5.7,27.2,32.7,23.6,1.3,79,9.5,1.5,2.1,0.8,-1.2,-6,3.8,-48.0
08-10,Pará,Belém,Norte,26.5,31.0,23.1,0.1,79,6.8,26.9,32.5,23.7,2.3,81,7.6,0.4,1.5,0.6,2.2,2,0.8,2200.0
08-11,Pará,Belém,Norte,26.5,31.8,23.2,10.2,80,5.5,27.0,30.9,24.0,4.1,82,7.2,0.5,-0.9,0.8,-6.1,2,1.7,-59.8
08-12,Pará,Belém,Norte,26.2,31.9,22.9,3.0,84,4.7,27.2,32.9,23.7,3.9,80,7.9,1.0,1.0,0.8,0.9,-4,3.2,30.0
08-13,Pará,Belém,Norte,26.2,32.3,22.6,16.0,83,7.9,27.2,33.0,23.4,6.1,80,7.5,1.0,0.7,0.8,-9.9,-3,-0.4,-61.88
08-14,Pará,Belém,Norte,26.3,32.3,23.4,3.9,82,6.4,27.5,33.9,23.9,4.5,80,8.4,1.2,1.6,0.5,0.6,-2,2.0,15.38
08-15,Pará,Belém,Norte,26.8,32.9,23.4,1.7,79,8.0,27.5,32.8,23.9,2.7,81,8.5,0.7,-0.1,0.5,1.0,2,0.5,58.82
08-16,Pará,Belém,Norte,27.2,33.5,23.7,1.5,77,8.2,27.1,32.1,24.0,10.1,80,9.2,-0.1,-1.4,0.3,8.6,3,1.0,573.33
08-17,Pará,Belém,Norte,26.0,31.3,23.3,3.2,82,8.1,27.4,33.0,23.9,2.9,79,11.2,1.4,1.7,0.6,-0.3,-3,3.1,-9.38
08-18,Pará,Belém,Norte,26.3,30.6,23.4,3.0,82,6.7,27.2,33.4,23.1,2.1,79,9.0,0.9,2.8,-0.3,-0.9,-3,2.3,-30.0
08-19,Pará,Belém,Norte,27.5,33.1,23.2,0.4,75,6.7,28.1,33.7,24.1,1.0,77,8.3,0.6,0.6,0.9,0.6,2,1.6,150.0
06-01,Paraíba,João Pessoa,Nordeste,25.4,27.7,23.0,5.4,83,11.8,26.1,28.7,23.5,0.2,79,14.6,0.7,1.0,0.5,-5.2,-4,2.8,-96.3
06-02,Paraíba,João Pessoa,Nordeste,26.3,28.7,23.8,2.4,77,16.6,25.4,28.0,23.5,10.9,83,15.7,-0.9,-0.7,-0.3,8.5,6,-0.9,354.17
06-03,Paraíba,João Pessoa,Nordeste,25.4,28.2,23.4,5.5,82,15.7,25.2,27.7,22.8,11.5,87,12.9,-0.2,-0.5,-0.6,6.0,5,-2.8,109.09
06-04,Paraíba,João Pessoa,Nordeste,24.8,26.8,23.3,9.9,86,13.4,25.7,28.1,24.0,3.5,84,17.1,0.9,1.3,0.7,-6.4,-2,3.7,-64.65
06-05,Paraíba,João Pessoa,Nordeste,25.4,27.7,23.0,4.6,85,14.0,26.0,28.8,23.4,3.9,79,17.7,0.6,1.1,0.4,-0.7,-6,3.7,-15.22
06-06,Paraíba,João Pessoa,Nordeste,25.7,28.5,23.1,0.9,82,14.8,25.1,28.1,22.8,13.5,85,15.7,-0.6,-0.4,-0.3,12.6,3,0.9,1400.0
06-07,Paraíba,João Pessoa,Nordeste,25.1,27.8,22.8,3.6,86,14.2,24.7,27.2,22.4,17.2,89,14.9,-0.4,-0.6,-0.4,13.6,3,0.7,377.78
06-08,Paraíba,João Pessoa,Nordeste,25.2,27.1,23.6,5.6,86,14.2,25.6,28.1,23.6,6.0,84,17.9,0.4,1.0,0.0,0.4,-2,3.7,7.14
06-09,Paraíba,João Pessoa,Nordeste,25.7,28.0,23.8,2.8,85,8.6,25.8,27.9,23.9,5.4,82,17.9,0.1,-0.1,0.1,2.6,-3,9.3,92.86
06-10,Paraíba,João Pessoa,Nordeste,25.5,27.5,23.4,1.3,84,9.0,26.1,28.5,23.8,4.7,82,16.0,0.6,1.0,0.4,3.4,-2,7.0,261.54
06-11,Paraíba,João Pessoa,Nordeste,26.2,29.2,24.4,1.0,75,12.2,26.2,29.0,24.3,23.8,77,18.6,0.0,-0.2,-0.1,22.8,2,6.4,2280.0
06-12,Paraíba,João Pessoa,Nordeste,25.4,28.5,22.2,0.5,79,12.3,25.7,28.3,23.2,6.0,83,14.8,0.3,-0.2,1.0,5.5,4,2.5,1100.0
06-13,Paraíba,João Pessoa,Nordeste,25.9,28.7,23.6,1.6,75,16.7,26.2,28.8,23.7,2.7,82,11.8,0.3,0.1,0.1,1.1,7,-4.9,68.75
06-14,Paraíba,João Pessoa,Nordeste,24.6,26.5,23.4,10.3,86,18.2,26.4,28.5,24.8,1.3,80,15.0,1.8,2.0,1.4,-9.0,-6,-3.2,-87.38
06-15,Paraíba,João Pessoa,Nordeste,25.7,29.1,22.6,2.2,77,11.8,26.0,28.6,23.6,4.7,82,14.1,0.3,-0.5,1.0,2.5,5,2.3,113.64
06-16,Paraíba,João Pessoa,Nordeste,26.3,29.0,24.6,0.1,72,12.4,26.3,28.6,24.6,2.5,77,12.4,0.0,-0.4,0.0,2.4,5,0.0,2400.0
06-17,Paraíba,João Pessoa,Nordeste,25.3,28.5,23.3,7.2,80,14.2,25.2,27.7,23.0,1.0,84,6.1,-0.1,-0.8,-0.3,-6.2,4,-8.1,-86.11
06-18,Paraíba,João Pessoa,Nordeste,24.9,27.1,23.6,7.1,83,16.7,26.2,28.6,23.8,1.1,79,14.7,1.3,1.5,0.2,-6.0,-4,-2.0,-84.51
06-19,Paraíba,João Pessoa,Nordeste,24.9,27.0,22.9,11.6,85,15.3,25.4,27.7,23.4,2.7,81,18.4,0.5,0.7,0.5,-8.9,-4,3.1,-76.72
06-20,Paraíba,João Pessoa,Nordeste,24.7,26.6,22.9,20.1,86,15.3,24.8,27.7,22.5,3.5,85,15.8,0.1,1.1,-0.4,-16.6,-1,0.5,-82.59
06-21,Paraíba,João Pessoa,Nordeste,25.6,28.3,23.3,20.5,80,16.5,25.2,27.7,22.8,1.3,82,15.0,-0.4,-0.6,-0.5,-19.2,2,-1.5,-93.66
06-22,Paraíba,João Pessoa,Nordeste,25.0,27.4,22.9,4.3,86,13.3,24.9,27.5,22.9,3.3,86,13.7,-0.1,0.1,0.0,-1.0,0,0.4,-23.26
06-23,Paraíba,João Pessoa,Nordeste,25.2,27.4,23.0,6.1,84,13.0,25.4,27.7,23.4,4.9,82,16.7,0.2,0.3,0.4,-1.2,-2,3.7,-19.67
06-24,Paraíba,João Pessoa,Nordeste,26.0,28.5,24.1,2.6,80,12.6,25.9,28.7,23.5,2.0,75,16.9,-0.1,0.2,-0.6,-0.6,-5,4.3,-23.08
06-25,Paraíba,João Pessoa,Nordeste,25.7,28.2,23.6,2.6,81,14.8,24.8,27.3,22.5,3.4,86,13.0,-0.9,-0.9,-1.1,0.8,5,-1.8,30.77
06-26,Paraíba,João Pessoa,Nordeste,25.4,27.7,23.3,4.0,79,18.9,24.2,25.3,23.0,64.7,94,10.6,-1.2,-2.4,-0.3,60.7,15,-8.3,1517.5
06-27,Paraíba,João Pessoa,Nordeste,24.6,27.6,22.2,1.5,87,13.9,24.8,25.9,23.4,30.4,89,15.8,0.2,-1.7,1.2,28.9,2,1.9,1926.67
06-28,Paraíba,João Pessoa,Nordeste,24.5,26.6,22.8,14.2,88,17.0,26.2,27.9,24.6,1.2,70,19.2,1.7,1.3,1.8,-13.0,-18,2.2,-91.55
06-29,Paraíba,João Pessoa,Nordeste,24.9,27.6,22.0,4.2,84,13.7,25.8,28.4,23.8,4.6,76,14.5,0.9,0.8,1.8,0.4,-8,0.8,9.52
06-30,Paraíba,João Pessoa,Nordeste,25.0,27.5,23.1,4.3,84,12.0,26.0,27.7,23.5,3.5,74,18.2,1.0,0.2,0.4,-0.8,-10,6.2,-18.6
07-01,Paraíba,João Pessoa,Nordeste,24.3,26.5,22.5,4.2,87,15.2,26.1,28.5,23.4,4.8,72,20.9,1.8,2.0,0.9,0.6,-15,5.7,14.29
07-02,Paraíba,João Pessoa,Nordeste,24.0,25.7,22.4,18.5,85,18.1,26.3,28.5,24.6,0.5,69,20.8,2.3,2.8,2.2,-18.0,-16,2.7,-97.3
07-03,Paraíba,João Pessoa,Nordeste,23.8,26.3,21.9,3.7,82,18.7,25.7,27.4,23.9,5.1,78,20.0,1.9,1.1,2.0,1.4,-4,1.3,37.84
07-04,Paraíba,João Pessoa,Nordeste,24.6,27.4,21.9,1.2,81,14.9,25.6,27.9,23.6,5.3,79,17.3,1.0,0.5,1.7,4.1,-2,2.4,341.67
07-05,Paraíba,João Pessoa,Nordeste,24.6,27.4,21.7,0.4,79,14.5,25.2,27.5,22.9,2.0,82,13.8,0.6,0.1,1.2,1.6,3,-0.7,400.0
07-06,Paraíba,João Pessoa,Nordeste,24.9,27.1,22.6,0.3,81,16.9,25.2,27.6,22.4,0.4,79,18.7,0.3,0.5,-0.2,0.1,-2,1.8,33.33
07-07,Paraíba,João Pessoa,Nordeste,24.9,27.0,22.7,7.1,81,18.5,24.9,27.7,21.9,0.0,76,17.1,0.0,0.7,-0.8,-7.1,-5,-1.4,-100.0
07-08,Paraíba,João Pessoa,Nordeste,24.6,26.4,22.6,2.2,80,19.3,25.5,28.0,23.2,2.2,80,14.4,0.9,1.6,0.6,0.0,0,-4.9,0.0
07-09,Paraíba,João Pessoa,Nordeste,23.9,25.6,22.7,7.0,85,19.5,25.4,27.8,22.5,2.4,83,12.5,1.5,2.2,-0.2,-4.6,-2,-7.0,-65.71
07-10,Paraíba,João Pessoa,Nordeste,23.8,26.3,22.2,10.5,87,19.1,25.4,28.1,22.9,3.7,81,15.8,1.6,1.8,0.7,-6.8,-6,-3.3,-64.76
07-11,Paraíba,João Pessoa,Nordeste,24.5,26.7,22.6,12.1,81,19.8,25.4,27.5,23.1,2.7,81,17.0,0.9,0.8,0.5,-9.4,0,-2.8,-77.69
07-12,Paraíba,João Pessoa,Nordeste,23.9,26.8,21.6,2.3,81,17.7,26.0,28.4,23.9,0.0,76,12.9,2.1,1.6,2.3,-2.3,-5,-4.8,-100.0
07-13,Paraíba,João Pessoa,Nordeste,23.9,26.8,21.4,1.3,82,18.2,26.3,28.7,23.9,0.7,78,7.4,2.4,1.9,2.5,-0.6,-4,-10.8,-46.15
07-14,Paraíba,João Pessoa,Nordeste,24.1,26.0,22.6,6.9,85,20.1,26.4,28.8,23.3,0.7,78,7.9,2.3,2.8,0.7,-6.2,-7,-12.2,-89.86
07-15,Paraíba,João Pessoa,Nordeste,24.4,26.7,22.9,2.1,82,18.5,25.7,28.3,22.6,4.1,77,17.1,1.3,1.6,-0.3,2.0,-5,-1.4,95.24
07-16,Paraíba,João Pessoa,Nordeste,24.0,27.3,21.4,0.0,80,19.3,24.4,26.7,22.6,16.4,86,20.2,0.4,-0.6,1.2,16.4,6,0.9,inf
07-17,Paraíba,João Pessoa,Nordeste,23.9,26.7,21.4,0.8,84,15.0,24.5,27.3,22.3,12.5,86,21.7,0.6,0.6,0.9,11.7,2,6.7,1462.5
07-18,Paraíba,João Pessoa,Nordeste,24.4,26.7,21.7,0.6,83,12.4,24.9,26.9,23.3,23.1,82,23.1,0.5,0.2,1.6,22.5,-1,10.7,3750.0
07-19,Paraíba,João Pessoa,Nordeste,24.5,26.6,23.2,3.6,85,15.3,25.5,27.8,23.3,0.8,70,18.8,1.0,1.2,0.1,-2.8,-15,3.5,-77.78
07-20,Paraíba,João Pessoa,Nordeste,24.2,26.4,22.6,6.2,84,15.5,25.2,28.3,23.3,8.7,80,18.7,1.0,1.9,0.7,2.5,-4,3.2,40.32
07-21,Paraíba,João Pessoa,Nordeste,24.3,27.2,21.5,0.4,81,16.2,25.1,26.7,23.4,26.6,81,17.3,0.8,-0.5,1.9,26.2,0,1.1,6550.0
07-22,Paraíba,João Pessoa,Nordeste,24.4,26.7,21.8,3.3,82,14.5,25.1,27.1,23.2,4.9,83,14.5,0.7,0.4,1.4,1.6,1,0.0,48.48
07-23,Paraíba,João Pessoa,Nordeste,24.5,26.9,22.9,3.1,87,14.3,24.7,26.8,23.6,10.9,87,15.2,0.2,-0.1,0.7,7.8,0,0.9,251.61
07-24,Paraíba,João Pessoa,Nordeste,25.1,27.7,23.1,2.4,80,19.1,25.0,26.8,23.2,4.8,82,14.4,-0.1,-0.9,0.1,2.4,2,-4.7,100.0
07-25,Paraíba,João Pessoa,Nordeste,24.4,26.4,22.8,2.2,79,18.3,25.7,28.1,22.9,0.0,73,15.9,1.3,1.7,0.1,-2.2,-6,-2.4,-100.0
07-26,Paraíba,João Pessoa,Nordeste,24.0,26.5,21.7,2.4,81,17.6,25.8,27.7,23.7,1.8,76,14.7,1.8,1.2,2.0,-0.6,-5,-2.9,-25.0
07-27,Paraíba,João Pessoa,Nordeste,23.9,26.0,22.5,14.9,89,18.8,25.4,28.1,22.8,1.2,80,12.4,1.5,2.1,0.3,-13.7,-9,-6.4,-91.95
07-28,Paraíba,João Pessoa,Nordeste,24.7,27.1,23.1,17.6,87,15.4,25.3,27.8,22.5,2.3,78,15.4,0.6,0.7,-0.6,-15.3,-9,0.0,-86.93
07-29,Paraíba,João Pessoa,Nordeste,24.7,26.8,22.5,6.3,84,14.5,25.3,27.9,22.8,0.1,75,14.3,0.6,1.1,0.3,-6.2,-9,-0.2,-98.41
07-30,Paraíba,João Pessoa,Nordeste,25.5,27.9,22.8,0.9,78,10.5,24.9,27.8,21.8,2.3,77,15.5,-0.6,-0.1,-1.0,1.4,-1,5.0,155.56
07-31,Paraíba,João Pessoa,Nordeste,25.5,27.9,23.1,1.2,77,13.2,24.7,28.7,21.3,0.8,76,17.0,-0.8,0.8,-1.8,-0.4,-1,3.8,-33.33
08-01,Paraíba,João Pessoa,Nordeste,24.8,27.0,22.2,1.4,81,17.7,24.7,27.3,22.3,4.6,77,19.2,-0.1,0.3,0.1,3.2,-4,1.5,228.57
08-02,Paraíba,João Pessoa,Nordeste,24.8,27.3,22.8,2.9,79,18.3,24.5,27.3,21.9,1.5,77,15.6,-0.3,0.0,-0.9,-1.4,-2,-2.7,-48.28
08-03,Paraíba,João Pessoa,Nordeste,24.5,27.5,22.3,6.1,80,15.1,23.7,26.4,21.3,7.7,85,14.4,-0.8,-1.1,-1.0,1.6,5,-0.7,26.23
08-04,Paraíba,João Pessoa,Nordeste,24.4,26.4,22.6,6.2,83,14.9,24.7,26.8,22.4,6.0,83,15.3,0.3,0.4,-0.2,-0.2,0,0.4,-3.23
08-05,Paraíba,João Pessoa,Nordeste,24.0,26.2,22.1,3.9,87,15.8,24.7,28.1,21.8,4.3,81,15.6,0.7,1.9,-0.3,0.4,-6,-0.2,10.26
08-06,Paraíba,João Pessoa,Nordeste,24.9,27.2,22.7,3.0,80,20.2,25.2,28.0,22.4,2.1,81,12.4,0.3,0.8,-0.3,-0.9,1,-7.8,-30.0
08-07,Paraíba,João Pessoa,Nordeste,24.5,27.6,21.8,2.7,81,16.7,25.9,28.4,23.1,0.9,75,8.9,1.4,0.8,1.3,-1.8,-6,-7.8,-66.67
08-08,Paraíba,João Pessoa,Nordeste,24.6,27.5,21.6,0.9,80,11.7,26.1,28.4,23.5,3.0,78,12.2,1.5,0.9,1.9,2.1,-2,0.5,233.33
08-09,Paraíba,João Pessoa,Nordeste,24.4,26.5,22.5,2.5,86,12.8,26.5,28.5,24.7,1.5,76,13.5,2.1,2.0,2.2,-1.0,-10,0.7,-40.0
08-10,Paraíba,João Pessoa,Nordeste,25.4,28.0,22.8,0.0,80,11.8,25.5,27.4,23.7,3.1,80,13.8,0.1,-0.6,0.9,3.1,0,2.0,inf
08-11,Paraíba,João Pessoa,Nordeste,25.4,27.9,23.7,0.8,81,12.0,24.5,26.9,22.4,5.0,82,17.3,-0.9,-1.0,-1.3,4.2,1,5.3,525.0
08-12,Paraíba,João Pessoa,Nordeste,24.7,26.9,22.5,1.3,81,13.1,24.9,27.9,21.8,1.0,75,19.5,0.2,1.0,-0.7,-0.3,-6,6.4,-23.08
08-13,Paraíba,João Pessoa,Nordeste,25.8,28.0,23.8,0.2,69,14.5,25.1,27.9,22.3,0.0,72,15.7,-0.7,-0.1,-1.5,-0.2,3,1.2,-100.0
08-14,Paraíba,João Pessoa,Nordeste,24.6,27.1,22.6,7.7,83,17.3,25.6,28.3,23.1,0.0,70,15.2,1.0,1.2,0.5,-7.7,-13,-2.1,-100.0
08-15,Paraíba,João Pessoa,Nordeste,23.7,25.2,22.5,43.3,92,14.4,25.8,28.1,23.6,0.1,71,15.2,2.1,2.9,1.1,-43.2,-21,0.8,-99.77
08-16,Paraíba,João Pessoa,Nordeste,23.4,25.6,21.8,13.8,89,15.8,25.7,28.2,23.7,0.0,68,20.7,2.3,2.6,1.9,-13.8,-21,4.9,-100.0
08-17,Paraíba,João Pessoa,Nordeste,24.6,26.8,22.7,2.5,75,19.2,26.6,28.3,25.0,1.1,66,21.5,2.0,1.5,2.3,-1.4,-9,2.3,-56.0
08-18,Paraíba,João Pessoa,Nordeste,24.4,27.0,22.1,0.5,73,16.7,24.7,27.4,23.1,10.9,84,16.9,0.3,0.4,1.0,10.4,11,0.2,2080.0
08-19,Paraíba,João Pessoa,Nordeste,24.4,26.9,22.1,1.9,76,19.3,24.8,27.4,22.6,10.4,82,21.1,0.4,0.5,0.5,8.5,6,1.8,447.37
06-01,Paraná,Curitiba,Sul,13.9,21.2,8.3,0.0,78,5.8,13.6,18.4,10.5,0.0,86,4.6,-0.3,-2.8,2.2,0.0,8,-1.2,
06-02,Paraná,Curitiba,Sul,15.5,21.4,12.8,0.1,85,9.7,13.0,17.0,10.5,0.0,85,6.6,-2.5,-4.4,-2.3,-0.1,0,-3.1,-100.0
06-03,Paraná,Curitiba,Sul,15.3,19.6,13.3,7.6,90,7.2,12.3,17.3,8.6,0.0,88,6.5,-3.0,-2.3,-4.7,-7.6,-2,-0.7,-100.0
06-04,Paraná,Curitiba,Sul,17.4,22.0,14.4,1.4,85,10.8,14.6,18.6,12.4,1.0,90,9.0,-2.8,-3.4,-2.0,-0.4,5,-1.8,-28.57
06-05,Paraná,Curitiba,Sul,16.4,17.7,15.6,21.6,91,13.3,14.5,18.8,11.8,0.6,85,8.2,-1.9,1.1,-3.8,-21.0,-6,-5.1,-97.22
06-06,Paraná,Curitiba,Sul,16.0,18.5,13.8,0.5,91,6.5,14.1,20.0,10.3,0.0,81,5.5,-1.9,1.5,-3.5,-0.5,-10,-1.0,-100.0
06-07,Paraná,Curitiba,Sul,15.1,17.6,13.6,14.5,94,7.1,14.4,20.7,9.2,0.0,77,3.7,-0.7,3.1,-4.4,-14.5,-17,-3.4,-100.0
06-08,Paraná,Curitiba,Sul,15.8,20.6,13.4,19.3,89,6.9,15.2,20.2,10.8,0.0,80,6.5,-0.6,-0.4,-2.6,-19.3,-9,-0.4,-100.0
06-09,Paraná,Curitiba,Sul,12.5,14.6,10.5,6.7,92,9.5,16.1,20.6,13.5,1.5,75,9.3,3.6,6.0,3.0,-5.2,-17,-0.2,-77.61
06-10,Paraná,Curitiba,Sul,11.9,17.2,9.0,0.2,84,4.4,14.0,16.0,12.2,16.2,94,5.7,2.1,-1.2,3.2,16.0,10,1.3,8000.0
06-11,Paraná,Curitiba,Sul,9.8,15.0,7.0,0.0,83,4.9,15.0,18.2,12.7,6.9,89,5.4,5.2,3.2,5.7,6.9,6,0.5,inf
06-12,Paraná,Curitiba,Sul,9.1,12.1,6.6,0.4,88,10.2,16.2,20.0,12.1,11.9,82,16.6,7.1,7.9,5.5,11.5,-6,6.4,2875.0
06-13,Paraná,Curitiba,Sul,11.6,16.4,9.1,0.2,88,12.0,12.5,18.4,8.3,0.0,75,8.6,0.9,2.0,-0.8,-0.2,-13,-3.4,-100.0
06-14,Paraná,Curitiba,Sul,13.5,18.7,10.5,0.0,80,11.1,13.9,17.3,9.7,3.4,91,5.8,0.4,-1.4,-0.8,3.4,11,-5.3,inf
06-15,Paraná,Curitiba,Sul,15.4,19.9,13.1,10.2,77,16.4,11.7,13.5,9.8,1.7,95,9.0,-3.7,-6.4,-3.3,-8.5,18,-7.4,-83.33
06-16,Paraná,Curitiba,Sul,16.4,21.4,13.6,0.0,87,7.7,12.7,17.9,9.8,0.0,81,4.9,-3.7,-3.5,-3.8,0.0,-6,-2.8,
06-17,Paraná,Curitiba,Sul,17.3,22.8,13.5,0.0,81,9.2,11.5,18.3,5.9,0.0,70,4.5,-5.8,-4.5,-7.6,0.0,-11,-4.7,
06-18,Paraná,Curitiba,Sul,16.9,21.9,14.0,0.0,73,8.6,10.5,14.5,8.0,0.0,87,9.4,-6.4,-7.4,-6.0,0.0,14,0.8,
06-19,Paraná,Curitiba,Sul,16.5,22.1,12.1,0.0,75,6.0,13.7,20.5,8.2,2.9,84,8.9,-2.8,-1.6,-3.9,2.9,9,2.9,inf
06-20,Paraná,Curitiba,Sul,16.4,21.7,12.9,4.7,83,12.3,12.1,14.1,9.7,35.6,95,8.9,-4.3,-7.6,-3.2,30.9,12,-3.4,657.45
06-21,Paraná,Curitiba,Sul,15.2,20.0,11.2,0.1,81,7.6,12.1,18.4,8.8,0.0,86,6.0,-3.1,-1.6,-2.4,-0.1,5,-1.6,-100.0
06-22,Paraná,Curitiba,Sul,16.5,19.7,13.8,15.3,83,12.9,15.2,21.7,8.8,2.1,79,14.9,-1.3,2.0,-5.0,-13.2,-4,2.0,-86.27
06-23,Paraná,Curitiba,Sul,15.2,18.4,9.1,6.1,77,18.7,11.4,15.5,9.1,1.4,89,6.0,-3.8,-2.9,0.0,-4.7,12,-12.7,-77.05
06-24,Paraná,Curitiba,Sul,6.1,10.6,2.1,0.0,57,12.5,8.8,12.3,5.7,0.7,85,5.3,2.7,1.7,3.6,0.7,28,-7.2,inf
06-25,Paraná,Curitiba,Sul,7.6,15.9,0.5,0.0,62,6.9,7.3,13.3,2.3,0.0,86,5.7,-0.3,-2.6,1.8,0.0,24,-1.2,
06-26,Paraná,Curitiba,Sul,15.8,21.8,6.5,3.8,70,14.5,11.1,16.4,6.5,0.0,90,5.3,-4.7,-5.4,0.0,-3.8,20,-9.2,-100.0
06-27,Paraná,Curitiba,Sul,14.1,17.0,10.6,2.0,95,8.5,14.4,21.4,10.3,2.0,93,3.9,0.3,4.4,-0.3,0.0,-2,-4.6,0.0
06-28,Paraná,Curitiba,Sul,14.9,20.5,10.7,0.4,89,12.2,17.0,22.9,12.8,8.2,86,8.4,2.1,2.4,2.1,7.8,-3,-3.8,1950.0
06-29,Paraná,Curitiba,Sul,18.5,23.0,15.5,2.1,79,15.0,15.1,20.4,12.8,26.6,94,8.6,-3.4,-2.6,-2.7,24.5,15,-6.4,1166.67
06-30,Paraná,Curitiba,Sul,11.4,15.1,9.6,11.8,93,9.6,17.6,22.3,12.7,0.9,87,12.4,6.2,7.2,3.1,-10.9,-6,2.8,-92.37
07-01,Paraná,Curitiba,Sul,8.7,10.7,6.4,5.4,92,6.9,19.4,24.3,16.4,0.0,74,12.2,10.7,13.6,10.0,-5.4,-18,5.3,-100.0
07-02,Paraná,Curitiba,Sul,6.7,8.3,5.8,4.8,90,9.2,19.1,23.9,15.9,0.0,75,10.6,12.4,15.6,10.1,-4.8,-15,1.4,-100.0
07-03,Paraná,Curitiba,Sul,8.4,11.6,5.4,0.4,87,6.7,15.9,19.7,11.5,6.0,90,5.3,7.5,8.1,6.1,5.6,3,-1.4,1400.0
07-04,Paraná,Curitiba,Sul,10.7,14.1,8.3,1.2,90,8.8,12.0,15.4,10.1,0.5,93,7.3,1.3,1.3,1.8,-0.7,3,-1.5,-58.33
07-05,Paraná,Curitiba,Sul,12.3,17.2,9.2,0.0,81,5.5,12.7,16.7,10.0,0.4,92,4.6,0.4,-0.5,0.8,0.4,11,-0.9,inf
07-06,Paraná,Curitiba,Sul,10.2,16.5,5.2,0.0,84,4.5,15.3,19.8,12.0,1.6,88,4.3,5.1,3.3,6.8,1.6,4,-0.2,inf
07-07,Paraná,Curitiba,Sul,10.3,17.5,4.7,0.0,83,3.8,13.3,17.3,8.6,3.6,75,6.6,3.0,-0.2,3.9,3.6,-8,2.8,inf
07-08,Paraná,Curitiba,Sul,11.7,18.4,6.0,0.0,79,5.8,10.8,18.1,4.1,0.0,64,3.0,-0.9,-0.3,-1.9,0.0,-15,-2.8,
07-09,Paraná,Curitiba,Sul,11.0,15.3,8.0,0.0,84,8.6,12.5,21.2,6.3,0.0,69,4.2,1.5,5.9,-1.7,0.0,-15,-4.4,
07-10,Paraná,Curitiba,Sul,11.4,18.2,6.5,0.3,87,7.2,16.1,22.5,12.4,12.7,73,7.2,4.7,4.3,5.9,12.4,-14,0.0,4133.33
07-11,Paraná,Curitiba,Sul,13.4,19.6,8.1,0.0,80,5.0,16.1,22.7,12.5,7.7,88,12.6,2.7,3.1,4.4,7.7,8,7.6,inf
07-12,Paraná,Curitiba,Sul,14.2,19.6,9.8,0.0,85,6.2,15.0,18.8,10.0,0.0,78,12.3,0.8,-0.8,0.2,0.0,-7,6.1,
07-13,Paraná,Curitiba,Sul,14.1,19.0,11.0,0.0,85,7.0,9.3,14.4,5.2,0.0,81,5.6,-4.8,-4.6,-5.8,0.0,-4,-1.4,
07-14,Paraná,Curitiba,Sul,13.5,20.3,8.1,0.0,83,3.8,9.8,13.4,5.7,1.0,90,7.1,-3.7,-6.9,-2.4,1.0,7,3.3,inf
07-15,Paraná,Curitiba,Sul,14.1,21.1,8.4,0.0,79,3.9,13.0,19.2,10.0,0.0,81,9.0,-1.1,-1.9,1.6,0.0,2,5.1,
07-16,Paraná,Curitiba,Sul,15.0,21.3,9.4,0.0,65,5.2,14.3,22.0,7.8,0.0,77,7.4,-0.7,0.7,-1.6,0.0,12,2.2,
07-17,Paraná,Curitiba,Sul,17.0,22.6,12.5,0.3,59,12.0,17.2,22.7,13.5,0.0,70,13.3,0.2,0.1,1.0,-0.3,11,1.3,-100.0
07-18,Paraná,Curitiba,Sul,11.7,16.5,6.3,0.3,73,11.1,17.4,22.1,14.1,0.0,61,15.3,5.7,5.6,7.8,-0.3,-12,4.2,-100.0
07-19,Paraná,Curitiba,Sul,11.4,19.2,5.4,0.0,80,4.4,17.6,22.6,13.6,0.0,60,16.5,6.2,3.4,8.2,0.0,-20,12.1,
07-20,Paraná,Curitiba,Sul,12.1,19.8,7.5,0.0,86,4.9,19.6,24.1,16.5,0.0,57,16.8,7.5,4.3,9.0,0.0,-29,11.9,
07-21,Paraná,Curitiba,Sul,12.8,20.6,8.1,0.0,77,3.2,20.6,24.7,17.3,0.0,60,16.0,7.8,4.1,9.2,0.0,-17,12.8,
07-22,Paraná,Curitiba,Sul,14.4,21.1,7.9,0.0,67,4.8,15.8,19.8,13.0,20.6,82,11.3,1.4,-1.3,5.1,20.6,15,6.5,inf
07-23,Paraná,Curitiba,Sul,13.5,19.4,8.9,0.0,81,8.1,14.4,19.2,11.2,1.0,86,9.1,0.9,-0.2,2.3,1.0,5,1.0,inf
07-24,Paraná,Curitiba,Sul,11.4,13.0,10.6,2.5,92,10.9,12.3,14.7,10.7,2.8,88,8.3,0.9,1.7,0.1,0.3,-4,-2.6,12.0
07-25,Paraná,Curitiba,Sul,13.9,20.5,10.6,0.0,86,6.5,14.5,19.9,11.4,2.6,86,5.0,0.6,-0.6,0.8,2.6,0,-1.5,inf
07-26,Paraná,Curitiba,Sul,16.0,23.5,10.7,0.0,80,4.5,16.0,22.3,11.2,0.4,84,5.5,0.0,-1.2,0.5,0.4,4,1.0,inf
07-27,Paraná,Curitiba,Sul,18.1,24.5,12.4,2.0,67,12.0,18.9,24.9,14.1,0.0,80,7.3,0.8,0.4,1.7,-2.0,13,-4.7,-100.0
07-28,Paraná,Curitiba,Sul,15.4,19.0,9.6,13.8,74,21.2,20.0,26.0,15.2,0.0,71,12.4,4.6,7.0,5.6,-13.8,-3,-8.8,-100.0
07-29,Paraná,Curitiba,Sul,9.7,14.9,5.1,0.0,65,11.0,16.3,21.2,12.5,7.4,81,12.0,6.6,6.3,7.4,7.4,16,1.0,inf
07-30,Paraná,Curitiba,Sul,8.3,15.2,2.8,0.0,72,5.6,13.7,20.0,10.4,0.0,89,6.4,5.4,4.8,7.6,0.0,17,0.8,
07-31,Paraná,Curitiba,Sul,9.6,16.0,4.4,0.0,77,8.2,14.6,20.4,11.7,0.0,87,9.6,5.0,4.4,7.3,0.0,10,1.4,
08-01,Paraná,Curitiba,Sul,13.7,22.6,8.7,0.0,80,9.8,16.6,23.6,9.3,0.0,79,10.2,2.9,1.0,0.6,0.0,-1,0.4,
08-02,Paraná,Curitiba,Sul,16.5,24.9,9.7,0.0,67,8.4,19.0,25.0,15.4,0.6,73,9.1,2.5,0.1,5.7,0.6,6,0.7,inf
08-03,Paraná,Curitiba,Sul,18.8,25.0,13.5,0.0,57,10.8,18.4,24.2,15.0,0.2,82,5.1,-0.4,-0.8,1.5,0.2,25,-5.7,inf
08-04,Paraná,Curitiba,Sul,15.3,18.9,13.0,0.0,80,6.8,18.6,23.8,14.2,0.0,73,4.8,3.3,4.9,1.2,0.0,-7,-2.0,
08-05,Paraná,Curitiba,Sul,12.6,14.5,9.6,0.6,88,9.9,17.4,21.4,15.0,5.6,78,9.3,4.8,6.9,5.4,5.0,-10,-0.6,833.33
08-06,Paraná,Curitiba,Sul,11.7,15.6,9.4,0.7,89,8.9,16.9,21.5,14.9,5.0,83,13.1,5.2,5.9,5.5,4.3,-6,4.2,614.29
08-07,Paraná,Curitiba,Sul,14.0,20.6,9.9,0.0,81,5.3,17.4,22.6,14.9,5.6,82,14.5,3.4,2.0,5.0,5.6,1,9.2,inf
08-08,Paraná,Curitiba,Sul,13.3,17.5,10.0,13.7,87,7.6,17.3,21.6,12.8,5.8,89,14.9,4.0,4.1,2.8,-7.9,2,7.3,-57.66
08-09,Paraná,Curitiba,Sul,8.3,13.3,4.3,0.0,73,10.0,13.7,17.0,10.0,12.5,94,10.9,5.4,3.7,5.7,12.5,21,0.9,inf
08-10,Paraná,Curitiba,Sul,8.4,15.4,2.9,0.0,77,4.9,9.5,10.8,7.9,2.4,93,11.1,1.1,-4.6,5.0,2.4,16,6.2,inf
08-11,Paraná,Curitiba,Sul,9.2,15.5,3.6,0.0,78,4.6,9.5,13.4,7.4,3.8,91,10.1,0.3,-2.1,3.8,3.8,13,5.5,inf
08-12,Paraná,Curitiba,Sul,10.5,17.9,3.9,0.0,75,3.6,13.9,20.2,9.4,2.6,90,7.1,3.4,2.3,5.5,2.6,15,3.5,inf
08-13,Paraná,Curitiba,Sul,12.9,21.8,4.6,0.0,64,4.4,19.0,25.8,15.8,10.1,81,11.0,6.1,4.0,11.2,10.1,17,6.6,inf
08-14,Paraná,Curitiba,Sul,11.2,16.1,6.9,0.0,80,8.5,16.1,19.1,14.1,10.3,94,7.3,4.9,3.0,7.2,10.3,14,-1.2,inf
08-15,Paraná,Curitiba,Sul,11.5,15.8,9.3,0.6,85,12.4,15.7,22.0,12.8,14.6,92,6.7,4.2,6.2,3.5,14.0,7,-5.7,2333.33
08-16,Paraná,Curitiba,Sul,13.1,19.2,10.3,0.2,84,11.2,16.9,22.5,14.2,0.0,91,9.6,3.8,3.3,3.9,-0.2,7,-1.6,-100.0
08-17,Paraná,Curitiba,Sul,15.2,22.6,9.2,0.0,76,5.5,19.9,27.3,13.5,0.0,77,7.9,4.7,4.7,4.3,0.0,1,2.4,
08-18,Paraná,Curitiba,Sul,14.7,20.7,11.7,0.0,86,7.9,22.1,27.5,17.5,0.0,67,8.9,7.4,6.8,5.8,0.0,-19,1.0,
08-19,Paraná,Curitiba,Sul,15.0,20.7,12.1,0.0,86,13.0,20.8,28.5,16.5,0.0,72,7.2,5.8,7.8,4.4,0.0,-14,-5.8,
06-01,Pernambuco,Recife,Nordeste,25.4,27.5,22.9,2.3,83,9.6,26.1,28.4,23.6,1.6,79,12.2,0.7,0.9,0.7,-0.7,-4,2.6,-30.43
06-02,Pernambuco,Recife,Nordeste,25.7,28.7,23.2,3.7,80,13.0,25.2,27.4,23.7,5.3,82,14.2,-0.5,-1.3,0.5,1.6,2,1.2,43.24
06-03,Pernambuco,Recife,Nordeste,25.6,28.7,22.8,5.7,79,12.9,25.0,27.3,23.4,13.9,88,11.1,-0.6,-1.4,0.6,8.2,9,-1.8,143.86
06-04,Pernambuco,Recife,Nordeste,24.5,26.6,22.7,11.1,88,9.9,25.6,27.5,24.0,9.5,84,15.1,1.1,0.9,1.3,-1.6,-4,5.2,-14.41
06-05,Pernambuco,Recife,Nordeste,25.1,27.4,22.8,4.7,87,10.2,26.1,28.5,24.0,6.0,78,16.6,1.0,1.1,1.2,1.3,-9,6.4,27.66
06-06,Pernambuco,Recife,Nordeste,25.3,28.3,22.8,2.2,85,11.0,24.6,27.1,22.9,15.1,87,14.1,-0.7,-1.2,0.1,12.9,2,3.1,586.36
06-07,Pernambuco,Recife,Nordeste,24.9,27.7,22.5,5.5,87,10.7,24.4,25.6,23.1,40.8,89,14.7,-0.5,-2.1,0.6,35.3,2,4.0,641.82
06-08,Pernambuco,Recife,Nordeste,25.4,27.5,23.3,2.9,85,10.5,25.3,27.5,23.8,11.3,85,16.3,-0.1,0.0,0.5,8.4,0,5.8,289.66
06-09,Pernambuco,Recife,Nordeste,25.2,27.6,23.0,1.7,87,7.5,25.9,28.2,23.7,7.5,83,15.0,0.7,0.6,0.7,5.8,-4,7.5,341.18
06-10,Pernambuco,Recife,Nordeste,25.1,27.4,22.8,2.4,86,5.9,26.3,28.4,24.0,0.8,80,12.4,1.2,1.0,1.2,-1.6,-6,6.5,-66.67
06-11,Pernambuco,Recife,Nordeste,26.1,28.8,24.2,2.5,77,9.5,26.5,28.5,24.9,0.7,74,14.7,0.4,-0.3,0.7,-1.8,-3,5.2,-72.0
06-12,Pernambuco,Recife,Nordeste,25.0,27.7,22.3,2.2,83,11.6,25.5,28.0,22.7,4.1,81,11.5,0.5,0.3,0.4,1.9,-2,-0.1,86.36
06-13,Pernambuco,Recife,Nordeste,25.7,28.5,23.7,3.4,77,13.4,26.0,27.9,23.6,0.9,81,8.9,0.3,-0.6,-0.1,-2.5,4,-4.5,-73.53
06-14,Pernambuco,Recife,Nordeste,24.3,25.3,23.2,12.4,86,15.3,26.1,28.4,23.8,3.3,82,10.4,1.8,3.1,0.6,-9.1,-4,-4.9,-73.39
06-15,Pernambuco,Recife,Nordeste,25.4,28.2,22.9,4.0,80,10.8,25.9,28.3,24.0,6.3,83,11.1,0.5,0.1,1.1,2.3,3,0.3,57.5
06-16,Pernambuco,Recife,Nordeste,26.2,28.7,24.6,0.1,72,10.3,26.2,28.7,24.0,2.3,78,9.3,0.0,0.0,-0.6,2.2,6,-1.0,2200.0
06-17,Pernambuco,Recife,Nordeste,24.9,28.3,22.6,9.9,83,10.6,26.1,28.7,22.8,0.3,78,6.7,1.2,0.4,0.2,-9.6,-5,-3.9,-96.97
06-18,Pernambuco,Recife,Nordeste,24.8,26.1,23.1,8.1,83,15.4,26.2,28.7,23.5,0.8,79,12.0,1.4,2.6,0.4,-7.3,-4,-3.4,-90.12
06-19,Pernambuco,Recife,Nordeste,24.6,26.4,22.5,16.1,86,11.3,24.9,27.3,23.0,11.0,84,16.0,0.3,0.9,0.5,-5.1,-2,4.7,-31.68
06-20,Pernambuco,Recife,Nordeste,25.1,27.7,22.6,8.4,83,13.7,24.5,27.1,22.4,4.5,85,15.1,-0.6,-0.6,-0.2,-3.9,2,1.4,-46.43
06-21,Pernambuco,Recife,Nordeste,25.8,28.3,23.8,3.6,78,12.5,24.9,26.8,22.8,3.5,83,13.3,-0.9,-1.5,-1.0,-0.1,5,0.8,-2.78
06-22,Pernambuco,Recife,Nordeste,24.8,27.4,23.0,3.4,87,9.6,24.6,26.7,23.1,7.1,87,11.3,-0.2,-0.7,0.1,3.7,0,1.7,108.82
06-23,Pernambuco,Recife,Nordeste,24.9,27.1,23.3,5.0,86,9.9,25.1,27.3,22.8,3.7,83,13.7,0.2,0.2,-0.5,-1.3,-3,3.8,-26.0
06-24,Pernambuco,Recife,Nordeste,25.6,27.9,23.6,2.9,84,8.5,25.9,28.0,23.6,2.9,74,14.4,0.3,0.1,0.0,0.0,-10,5.9,0.0
06-25,Pernambuco,Recife,Nordeste,25.5,27.7,23.6,4.0,82,11.4,24.3,26.3,22.7,16.0,90,9.8,-1.2,-1.4,-0.9,12.0,8,-1.6,300.0
06-26,Pernambuco,Recife,Nordeste,25.1,27.2,22.7,14.8,80,16.3,24.7,26.7,23.2,78.4,91,8.9,-0.4,-0.5,0.5,63.6,11,-7.4,429.73
06-27,Pernambuco,Recife,Nordeste,24.0,26.7,22.2,13.0,90,11.1,25.3,26.8,23.3,42.7,85,15.3,1.3,0.1,1.1,29.7,-5,4.2,228.46
06-28,Pernambuco,Recife,Nordeste,24.4,26.3,22.8,18.3,88,13.4,26.3,28.1,25.2,0.3,68,15.9,1.9,1.8,2.4,-18.0,-20,2.5,-98.36
06-29,Pernambuco,Recife,Nordeste,23.7,26.1,21.7,16.9,91,10.5,25.9,28.5,24.4,3.2,75,12.5,2.2,2.4,2.7,-13.7,-16,2.0,-81.07
06-30,Pernambuco,Recife,Nordeste,24.4,28.3,22.6,4.5,88,9.7,25.9,28.0,24.1,3.7,74,15.3,1.5,-0.3,1.5,-0.8,-14,5.6,-17.78
07-01,Pernambuco,Recife,Nordeste,24.0,25.9,22.0,11.3,88,11.5,26.1,28.5,23.3,4.4,71,18.1,2.1,2.6,1.3,-6.9,-17,6.6,-61.06
07-02,Pernambuco,Recife,Nordeste,24.3,27.1,22.1,8.1,81,16.3,26.5,28.7,24.8,0.1,63,16.0,2.2,1.6,2.7,-8.0,-18,-0.3,-98.77
07-03,Pernambuco,Recife,Nordeste,23.5,26.1,21.5,5.9,84,15.9,25.9,27.8,24.6,5.1,75,16.5,2.4,1.7,3.1,-0.8,-9,0.6,-13.56
07-04,Pernambuco,Recife,Nordeste,24.6,27.3,22.5,1.9,80,12.2,25.3,27.6,23.2,7.1,80,13.2,0.7,0.3,0.7,5.2,0,1.0,273.68
07-05,Pernambuco,Recife,Nordeste,24.5,27.9,21.2,0.0,79,11.8,25.0,27.5,22.3,2.2,82,11.7,0.5,-0.4,1.1,2.2,3,-0.1,inf
07-06,Pernambuco,Recife,Nordeste,24.6,27.2,22.0,0.6,81,13.9,24.9,27.6,22.0,0.3,80,14.8,0.3,0.4,0.0,-0.3,-1,0.9,-50.0
07-07,Pernambuco,Recife,Nordeste,24.8,27.3,22.6,2.4,81,16.2,24.8,27.5,21.7,0.0,76,13.5,0.0,0.2,-0.9,-2.4,-5,-2.7,-100.0
07-08,Pernambuco,Recife,Nordeste,24.5,27.4,22.5,5.3,80,16.9,25.3,27.6,22.6,0.6,79,11.4,0.8,0.2,0.1,-4.7,-1,-5.5,-88.68
07-09,Pernambuco,Recife,Nordeste,23.6,26.2,21.7,6.0,85,16.3,25.9,28.1,23.9,1.9,78,8.5,2.3,1.9,2.2,-4.1,-7,-7.8,-68.33
07-10,Pernambuco,Recife,Nordeste,23.6,25.9,22.1,9.2,88,16.0,25.1,27.7,22.9,4.6,82,13.1,1.5,1.8,0.8,-4.6,-6,-2.9,-50.0
07-11,Pernambuco,Recife,Nordeste,24.2,27.1,22.0,14.4,82,16.6,25.5,27.7,23.4,2.8,80,12.7,1.3,0.6,1.4,-11.6,-2,-3.9,-80.56
07-12,Pernambuco,Recife,Nordeste,23.4,26.5,21.4,5.6,83,15.1,26.3,29.0,23.8,0.0,72,8.8,2.9,2.5,2.4,-5.6,-11,-6.3,-100.0
07-13,Pernambuco,Recife,Nordeste,23.7,26.8,21.0,2.4,83,16.2,26.3,29.3,23.2,0.0,76,6.6,2.6,2.5,2.2,-2.4,-7,-9.6,-100.0
07-14,Pernambuco,Recife,Nordeste,24.0,26.6,22.3,6.7,84,17.0,26.2,29.4,22.4,0.4,79,7.0,2.2,2.8,0.1,-6.3,-5,-10.0,-94.03
07-15,Pernambuco,Recife,Nordeste,24.3,26.4,22.4,4.6,82,17.1,25.7,28.4,22.9,3.1,77,14.6,1.4,2.0,0.5,-1.5,-5,-2.5,-32.61
07-16,Pernambuco,Recife,Nordeste,23.6,27.2,21.0,0.3,81,16.1,24.3,26.0,23.0,23.7,85,18.7,0.7,-1.2,2.0,23.4,4,2.6,7800.0
07-17,Pernambuco,Recife,Nordeste,23.7,26.6,21.1,1.6,84,12.6,24.7,27.5,22.6,15.1,83,19.4,1.0,0.9,1.5,13.5,-1,6.8,843.75
07-18,Pernambuco,Recife,Nordeste,24.5,27.0,21.3,1.1,82,9.6,25.2,27.3,23.3,21.4,78,20.5,0.7,0.3,2.0,20.3,-4,10.9,1845.45
07-19,Pernambuco,Recife,Nordeste,24.1,25.8,22.6,8.3,87,11.9,25.8,28.1,23.7,1.0,65,15.6,1.7,2.3,1.1,-7.3,-22,3.7,-87.95
07-20,Pernambuco,Recife,Nordeste,24.0,26.2,22.3,6.0,85,12.6,26.0,28.1,23.9,2.8,73,15.1,2.0,1.9,1.6,-3.2,-12,2.5,-53.33
07-21,Pernambuco,Recife,Nordeste,24.2,27.1,21.2,0.3,80,13.9,24.9,26.7,23.3,7.4,82,12.3,0.7,-0.4,2.1,7.1,2,-1.6,2366.67
07-22,Pernambuco,Recife,Nordeste,24.0,26.1,21.9,2.4,85,12.5,24.8,27.2,23.2,9.5,85,11.4,0.8,1.1,1.3,7.1,0,-1.1,295.83
07-23,Pernambuco,Recife,Nordeste,24.3,25.8,23.1,6.8,88,12.1,24.5,26.7,23.1,12.4,88,11.3,0.2,0.9,0.0,5.6,0,-0.8,82.35
07-24,Pernambuco,Recife,Nordeste,25.0,27.6,22.6,3.6,80,15.5,25.3,27.7,23.2,2.6,78,12.0,0.3,0.1,0.6,-1.0,-2,-3.5,-27.78
07-25,Pernambuco,Recife,Nordeste,24.2,25.6,22.8,2.5,77,16.4,25.7,27.8,23.4,0.4,73,11.7,1.5,2.2,0.6,-2.1,-4,-4.7,-84.0
07-26,Pernambuco,Recife,Nordeste,24.3,27.2,21.0,1.4,77,15.3,25.6,27.5,23.7,3.0,77,11.0,1.3,0.3,2.7,1.6,0,-4.3,114.29
07-27,Pernambuco,Recife,Nordeste,24.3,26.9,22.6,7.0,83,16.5,24.8,26.9,22.2,2.1,82,10.0,0.5,0.0,-0.4,-4.9,-1,-6.5,-70.0
07-28,Pernambuco,Recife,Nordeste,24.3,25.9,23.2,20.1,89,13.1,25.1,27.3,22.8,3.7,78,12.0,0.8,1.4,-0.4,-16.4,-11,-1.1,-81.59
07-29,Pernambuco,Recife,Nordeste,24.5,26.5,22.7,5.0,86,10.5,25.0,27.8,22.5,2.0,77,11.9,0.5,1.3,-0.2,-3.0,-9,1.4,-60.0
07-30,Pernambuco,Recife,Nordeste,25.3,28.1,22.4,0.4,79,7.4,24.7,27.7,22.0,3.4,79,12.5,-0.6,-0.4,-0.4,3.0,0,5.1,750.0
07-31,Pernambuco,Recife,Nordeste,25.2,28.5,22.3,2.4,78,9.8,24.6,27.7,21.4,1.5,75,14.4,-0.6,-0.8,-0.9,-0.9,-3,4.6,-37.5
08-01,Pernambuco,Recife,Nordeste,24.3,27.0,22.1,2.8,84,13.9,25.1,27.6,22.6,4.9,74,18.1,0.8,0.6,0.5,2.1,-10,4.2,75.0
08-02,Pernambuco,Recife,Nordeste,24.4,27.2,22.4,4.4,83,14.0,24.3,27.7,21.7,4.9,79,12.8,-0.1,0.5,-0.7,0.5,-4,-1.2,11.36
08-03,Pernambuco,Recife,Nordeste,23.8,26.5,22.1,9.8,86,12.3,23.6,25.8,21.7,8.5,87,11.0,-0.2,-0.7,-0.4,-1.3,1,-1.3,-13.27
08-04,Pernambuco,Recife,Nordeste,23.5,25.8,22.0,15.2,89,12.7,24.8,27.2,22.2,8.0,81,12.6,1.3,1.4,0.2,-7.2,-8,-0.1,-47.37
08-05,Pernambuco,Recife,Nordeste,23.7,25.4,21.8,5.8,88,12.9,25.0,27.7,22.2,2.6,78,12.3,1.3,2.3,0.4,-3.2,-10,-0.6,-55.17
08-06,Pernambuco,Recife,Nordeste,25.0,27.2,22.9,2.0,77,16.1,25.0,27.9,22.1,3.5,81,9.0,0.0,0.7,-0.8,1.5,4,-7.1,75.0
08-07,Pernambuco,Recife,Nordeste,24.3,26.9,21.7,2.3,82,12.3,25.6,28.4,22.0,0.7,79,7.2,1.3,1.5,0.3,-1.6,-3,-5.1,-69.57
08-08,Pernambuco,Recife,Nordeste,24.2,26.7,21.7,1.4,84,9.1,25.5,27.1,23.5,2.9,81,8.9,1.3,0.4,1.8,1.5,-3,-0.2,107.14
08-09,Pernambuco,Recife,Nordeste,24.2,25.9,22.9,4.6,86,9.3,26.2,28.5,23.9,3.3,78,10.3,2.0,2.6,1.0,-1.3,-8,1.0,-28.26
08-10,Pernambuco,Recife,Nordeste,25.2,27.8,22.3,0.5,82,8.2,25.1,27.5,22.9,5.4,83,11.5,-0.1,-0.3,0.6,4.9,1,3.3,980.0
08-11,Pernambuco,Recife,Nordeste,25.0,27.7,22.8,2.0,85,8.9,24.6,27.0,22.6,4.2,81,15.6,-0.4,-0.7,-0.2,2.2,-4,6.7,110.0
08-12,Pernambuco,Recife,Nordeste,24.1,25.8,22.5,1.8,85,9.1,24.9,27.4,22.0,3.1,76,15.8,0.8,1.6,-0.5,1.3,-9,6.7,72.22
08-13,Pernambuco,Recife,Nordeste,25.5,27.9,23.3,0.3,71,10.9,25.6,27.8,23.3,0.2,70,13.6,0.1,-0.1,0.0,-0.1,-1,2.7,-33.33
08-14,Pernambuco,Recife,Nordeste,24.3,26.1,22.7,6.9,85,14.2,25.6,28.0,23.4,0.0,70,12.0,1.3,1.9,0.7,-6.9,-15,-2.2,-100.0
08-15,Pernambuco,Recife,Nordeste,23.7,25.7,22.6,37.4,91,15.5,25.6,28.5,23.0,0.0,70,11.0,1.9,2.8,0.4,-37.4,-21,-4.5,-100.0
08-16,Pernambuco,Recife,Nordeste,23.9,26.0,22.7,7.3,84,15.6,25.9,27.9,24.1,0.4,69,17.0,2.0,1.9,1.4,-6.9,-15,1.4,-94.52
08-17,Pernambuco,Recife,Nordeste,24.6,27.3,22.7,2.4,72,15.9,26.3,28.7,23.9,3.7,69,17.0,1.7,1.4,1.2,1.3,-3,1.1,54.17
08-18,Pernambuco,Recife,Nordeste,24.4,26.8,22.3,1.7,74,13.6,24.1,26.3,22.4,21.9,86,15.3,-0.3,-0.5,0.1,20.2,12,1.7,1188.24
08-19,Pernambuco,Recife,Nordeste,23.4,25.8,21.4,5.5,83,15.5,25.0,27.3,23.2,9.0,79,16.9,1.6,1.5,1.8,3.5,-4,1.4,63.64
06-01,Piauí,Teresina,Nordeste,28.4,34.3,22.3,1.7,65,8.3,27.7,33.1,23.1,2.1,73,5.9,-0.7,-1.2,0.8,0.4,8,-2.4,23.53
06-02,Piauí,Teresina,Nordeste,28.4,33.8,23.2,0.6,66,7.0,27.5,32.4,23.0,0.5,75,6.5,-0.9,-1.4,-0.2,-0.1,9,-0.5,-16.67
06-03,Piauí,Teresina,Nordeste,28.6,33.5,23.2,0.1,63,7.6,27.3,32.1,23.4,0.6,74,6.6,-1.3,-1.4,0.2,0.5,11,-1.0,500.0
06-04,Piauí,Teresina,Nordeste,28.2,32.9,23.0,0.4,60,9.0,27.4,32.0,23.0,0.0,70,8.5,-0.8,-0.9,0.0,-0.4,10,-0.5,-100.0
06-05,Piauí,Teresina,Nordeste,28.0,33.5,22.6,0.3,66,7.8,27.2,31.5,23.4,0.0,65,11.3,-0.8,-2.0,0.8,-0.3,-1,3.5,-100.0
06-06,Piauí,Teresina,Nordeste,28.8,34.1,23.5,0.1,63,8.3,27.3,31.4,23.6,0.0,64,10.9,-1.5,-2.7,0.1,-0.1,1,2.6,-100.0
06-07,Piauí,Teresina,Nordeste,29.5,34.8,24.2,0.0,57,7.2,28.3,33.1,23.5,0.0,61,10.0,-1.2,-1.7,-0.7,0.0,4,2.8,
06-08,Piauí,Teresina,Nordeste,29.3,34.7,23.5,0.0,55,7.2,28.8,33.3,24.5,0.0,59,11.2,-0.5,-1.4,1.0,0.0,4,4.0,
06-09,Piauí,Teresina,Nordeste,28.9,34.4,23.6,0.4,61,5.9,28.7,34.0,23.6,0.0,57,10.3,-0.2,-0.4,0.0,-0.4,-4,4.4,-100.0
06-10,Piauí,Teresina,Nordeste,29.2,35.0,23.0,0.2,62,7.2,28.2,32.5,23.2,0.1,61,8.2,-1.0,-2.5,0.2,-0.1,-1,1.0,-50.0
06-11,Piauí,Teresina,Nordeste,28.8,33.6,24.0,0.6,68,7.3,28.6,33.4,23.6,0.0,63,6.4,-0.2,-0.2,-0.4,-0.6,-5,-0.9,-100.0
06-12,Piauí,Teresina,Nordeste,27.4,32.5,23.2,5.8,75,7.6,28.5,34.2,22.8,0.0,59,8.0,1.1,1.7,-0.4,-5.8,-16,0.4,-100.0
06-13,Piauí,Teresina,Nordeste,28.0,33.6,23.4,1.4,68,8.4,28.5,33.5,23.0,0.3,67,6.5,0.5,-0.1,-0.4,-1.1,-1,-1.9,-78.57
06-14,Piauí,Teresina,Nordeste,27.8,32.6,23.6,0.2,59,13.6,28.9,33.9,22.9,0.0,58,7.6,1.1,1.3,-0.7,-0.2,-1,-6.0,-100.0
06-15,Piauí,Teresina,Nordeste,27.4,32.1,23.4,0.0,58,11.9,29.2,34.3,23.4,0.0,61,7.0,1.8,2.2,0.0,0.0,3,-4.9,
06-16,Piauí,Teresina,Nordeste,27.4,32.2,22.3,0.0,60,9.3,29.4,34.0,24.2,0.0,61,7.3,2.0,1.8,1.9,0.0,1,-2.0,
06-17,Piauí,Teresina,Nordeste,28.4,32.7,23.4,1.2,60,8.2,29.2,34.2,24.1,0.2,61,5.9,0.8,1.5,0.7,-1.0,1,-2.3,-83.33
06-18,Piauí,Teresina,Nordeste,28.7,33.6,23.9,0.2,57,11.2,28.9,34.1,24.0,0.1,65,6.8,0.2,0.5,0.1,-0.1,8,-4.4,-50.0
06-19,Piauí,Teresina,Nordeste,28.6,33.6,23.6,0.0,53,12.3,28.3,33.3,23.5,0.0,61,8.0,-0.3,-0.3,-0.1,0.0,8,-4.3,
06-20,Piauí,Teresina,Nordeste,28.9,33.8,24.3,0.3,54,11.4,28.7,33.7,24.9,0.0,53,7.4,-0.2,-0.1,0.6,-0.3,-1,-4.0,-100.0
06-21,Piauí,Teresina,Nordeste,28.5,33.6,24.4,1.3,63,9.3,28.8,34.6,23.3,0.0,59,5.9,0.3,1.0,-1.1,-1.3,-4,-3.4,-100.0
06-22,Piauí,Teresina,Nordeste,28.8,34.4,23.4,0.1,62,9.6,28.1,33.3,23.4,1.2,66,6.3,-0.7,-1.1,0.0,1.1,4,-3.3,1100.0
06-23,Piauí,Teresina,Nordeste,29.9,35.9,24.3,0.0,53,8.6,29.5,34.4,24.1,0.0,56,6.5,-0.4,-1.5,-0.2,0.0,3,-2.1,
06-24,Piauí,Teresina,Nordeste,29.1,34.1,23.3,0.0,56,5.9,29.3,34.6,24.6,0.6,61,5.7,0.2,0.5,1.3,0.6,5,-0.2,inf
06-25,Piauí,Teresina,Nordeste,29.4,35.0,23.4,0.0,58,8.1,28.7,34.2,23.3,0.0,57,8.2,-0.7,-0.8,-0.1,0.0,-1,0.1,
06-26,Piauí,Teresina,Nordeste,29.1,34.6,24.1,0.2,60,10.1,28.1,33.3,23.1,0.1,58,9.2,-1.0,-1.3,-1.0,-0.1,-2,-0.9,-50.0
06-27,Piauí,Teresina,Nordeste,29.5,34.5,23.6,0.0,51,8.7,27.8,32.8,23.3,7.4,66,9.1,-1.7,-1.7,-0.3,7.4,15,0.4,inf
06-28,Piauí,Teresina,Nordeste,29.2,33.8,24.2,0.1,52,7.6,26.4,30.9,22.8,5.0,77,11.2,-2.8,-2.9,-1.4,4.9,25,3.6,4900.0
06-29,Piauí,Teresina,Nordeste,28.3,32.8,24.2,0.2,58,9.3,26.9,32.0,22.4,0.0,65,7.7,-1.4,-0.8,-1.8,-0.2,7,-1.6,-100.0
06-30,Piauí,Teresina,Nordeste,29.0,34.5,24.7,0.1,52,9.6,27.4,32.6,22.4,0.0,59,10.2,-1.6,-1.9,-2.3,-0.1,7,0.6,-100.0
07-01,Piauí,Teresina,Nordeste,28.9,33.9,23.4,0.0,57,6.4,27.6,32.8,22.8,0.0,58,10.5,-1.3,-1.1,-0.6,0.0,1,4.1,
07-02,Piauí,Teresina,Nordeste,29.5,34.8,24.3,0.1,52,8.2,27.4,32.6,22.1,0.0,57,9.6,-2.1,-2.2,-2.2,-0.1,5,1.4,-100.0
07-03,Piauí,Teresina,Nordeste,29.7,34.8,24.9,0.0,41,11.6,27.4,33.4,21.5,0.0,51,9.3,-2.3,-1.4,-3.4,0.0,10,-2.3,
07-04,Piauí,Teresina,Nordeste,29.2,34.2,23.7,0.0,41,9.2,28.0,33.8,22.3,0.0,57,8.4,-1.2,-0.4,-1.4,0.0,16,-0.8,
07-05,Piauí,Teresina,Nordeste,29.2,34.3,24.6,0.0,43,8.2,28.6,33.5,24.4,0.0,61,8.0,-0.6,-0.8,-0.2,0.0,18,-0.2,
07-06,Piauí,Teresina,Nordeste,28.7,34.2,22.6,0.0,47,5.3,28.6,34.1,22.4,0.0,64,6.0,-0.1,-0.1,-0.2,0.0,17,0.7,
07-07,Piauí,Teresina,Nordeste,28.6,35.6,22.4,0.1,58,6.0,29.1,34.6,23.2,0.0,55,6.0,0.5,-1.0,0.8,-0.1,-3,0.0,-100.0
07-08,Piauí,Teresina,Nordeste,30.0,34.9,25.1,0.0,47,8.8,28.8,34.5,23.7,0.3,65,6.6,-1.2,-0.4,-1.4,0.3,18,-2.2,inf
07-09,Piauí,Teresina,Nordeste,30.7,35.5,25.4,0.0,42,7.4,28.7,33.8,23.9,0.2,66,9.1,-2.0,-1.7,-1.5,0.2,24,1.7,inf
07-10,Piauí,Teresina,Nordeste,30.6,34.8,26.6,0.2,44,9.5,29.3,34.6,24.7,0.0,53,10.6,-1.3,-0.2,-1.9,-0.2,9,1.1,-100.0
07-11,Piauí,Teresina,Nordeste,30.3,34.4,25.8,0.0,42,12.2,28.7,34.4,22.7,0.3,58,7.0,-1.6,0.0,-3.1,0.3,16,-5.2,inf
07-12,Piauí,Teresina,Nordeste,30.1,34.8,25.5,0.0,41,14.9,29.1,34.6,23.0,0.0,59,6.7,-1.0,-0.2,-2.5,0.0,18,-8.2,
07-13,Piauí,Teresina,Nordeste,28.9,33.9,24.4,0.0,38,12.7,28.8,33.9,23.3,0.2,64,5.8,-0.1,0.0,-1.1,0.2,26,-6.9,inf
07-14,Piauí,Teresina,Nordeste,28.8,34.8,22.9,0.0,45,8.6,28.1,33.3,22.5,5.7,72,9.1,-0.7,-1.5,-0.4,5.7,27,0.5,inf
07-15,Piauí,Teresina,Nordeste,29.3,35.1,22.2,0.0,47,6.5,25.9,29.9,23.2,9.6,86,6.6,-3.4,-5.2,1.0,9.6,39,0.1,inf
07-16,Piauí,Teresina,Nordeste,29.6,35.2,22.1,0.0,45,8.2,26.5,31.2,22.4,3.7,68,12.1,-3.1,-4.0,0.3,3.7,23,3.9,inf
07-17,Piauí,Teresina,Nordeste,30.2,35.9,25.0,0.0,32,10.5,27.3,32.6,22.6,0.0,58,10.1,-2.9,-3.3,-2.4,0.0,26,-0.4,
07-18,Piauí,Teresina,Nordeste,29.2,35.8,21.6,0.0,38,6.2,27.7,32.3,23.3,0.0,54,12.1,-1.5,-3.5,1.7,0.0,16,5.9,
07-19,Piauí,Teresina,Nordeste,29.8,35.9,23.0,0.0,51,7.7,28.4,33.9,23.6,0.0,48,11.3,-1.4,-2.0,0.6,0.0,-3,3.6,
07-20,Piauí,Teresina,Nordeste,31.2,36.4,25.4,0.0,42,7.3,29.1,35.0,22.5,0.0,46,9.5,-2.1,-1.4,-2.9,0.0,4,2.2,
07-21,Piauí,Teresina,Nordeste,30.7,35.6,26.0,0.0,45,7.0,28.8,34.0,23.8,0.8,62,8.2,-1.9,-1.6,-2.2,0.8,17,1.2,inf
07-22,Piauí,Teresina,Nordeste,30.2,36.6,23.6,0.1,49,5.2,28.8,34.2,23.4,0.4,63,8.6,-1.4,-2.4,-0.2,0.3,14,3.4,300.0
07-23,Piauí,Teresina,Nordeste,30.4,36.6,23.4,0.0,48,7.1,29.4,34.4,24.5,0.0,56,9.1,-1.0,-2.2,1.1,0.0,8,2.0,
07-24,Piauí,Teresina,Nordeste,30.5,36.2,24.0,0.0,49,7.7,28.6,34.2,24.0,1.8,68,8.0,-1.9,-2.0,0.0,1.8,19,0.3,inf
07-25,Piauí,Teresina,Nordeste,30.9,36.0,25.2,0.0,45,8.9,27.7,32.7,23.6,0.6,76,5.7,-3.2,-3.3,-1.6,0.6,31,-3.2,inf
07-26,Piauí,Teresina,Nordeste,30.6,36.9,23.4,0.0,37,8.4,28.0,33.5,23.3,0.9,70,5.6,-2.6,-3.4,-0.1,0.9,33,-2.8,inf
07-27,Piauí,Teresina,Nordeste,29.9,36.5,23.7,0.0,32,7.0,28.4,34.0,22.9,0.3,66,6.9,-1.5,-2.5,-0.8,0.3,34,-0.1,inf
07-28,Piauí,Teresina,Nordeste,29.8,35.2,23.5,0.0,44,8.3,28.1,34.1,22.2,3.5,67,7.1,-1.7,-1.1,-1.3,3.5,23,-1.2,inf
07-29,Piauí,Teresina,Nordeste,31.1,37.0,25.1,0.0,43,6.7,28.6,33.7,23.5,0.3,62,6.7,-2.5,-3.3,-1.6,0.3,19,0.0,inf
07-30,Piauí,Teresina,Nordeste,29.1,35.7,23.6,0.2,59,8.7,28.6,34.0,23.0,0.1,59,6.1,-0.5,-1.7,-0.6,-0.1,0,-2.6,-50.0
07-31,Piauí,Teresina,Nordeste,27.6,34.7,22.9,17.0,70,8.3,28.6,34.3,22.7,0.0,57,6.8,1.0,-0.4,-0.2,-17.0,-13,-1.5,-100.0
08-01,Piauí,Teresina,Nordeste,27.6,32.1,23.2,0.2,64,9.2,28.4,34.6,21.4,0.0,47,8.7,0.8,2.5,-1.8,-0.2,-17,-0.5,-100.0
08-02,Piauí,Teresina,Nordeste,27.3,33.1,21.2,0.0,57,8.4,28.8,33.6,23.7,0.0,43,8.7,1.5,0.5,2.5,0.0,-14,0.3,
08-03,Piauí,Teresina,Nordeste,28.7,34.7,22.7,0.0,50,10.5,28.9,34.3,22.9,0.0,42,7.9,0.2,-0.4,0.2,0.0,-8,-2.6,
08-04,Piauí,Teresina,Nordeste,29.5,34.5,24.4,0.0,46,13.7,29.3,35.7,22.5,0.2,50,7.2,-0.2,1.2,-1.9,0.2,4,-6.5,inf
08-05,Piauí,Teresina,Nordeste,30.7,35.7,25.0,0.0,42,12.4,30.0,35.5,24.2,0.1,49,7.3,-0.7,-0.2,-0.8,0.1,7,-5.1,inf
08-06,Piauí,Teresina,Nordeste,31.6,36.4,27.0,0.0,41,11.4,29.6,35.3,23.4,0.3,55,6.5,-2.0,-1.1,-3.6,0.3,14,-4.9,inf
08-07,Piauí,Teresina,Nordeste,31.6,36.7,25.1,0.0,40,8.7,29.9,36.1,23.2,0.1,56,7.9,-1.7,-0.6,-1.9,0.1,16,-0.8,inf
08-08,Piauí,Teresina,Nordeste,30.5,36.0,24.1,0.0,39,8.1,29.4,35.8,22.9,0.1,56,7.8,-1.1,-0.2,-1.2,0.1,17,-0.3,inf
08-09,Piauí,Teresina,Nordeste,30.3,36.8,23.0,0.0,48,7.4,29.5,35.7,23.0,0.1,57,8.3,-0.8,-1.1,0.0,0.1,9,0.9,inf
08-10,Piauí,Teresina,Nordeste,29.9,36.0,23.4,0.0,55,6.2,29.8,36.0,23.3,0.2,57,7.5,-0.1,0.0,-0.1,0.2,2,1.3,inf
08-11,Piauí,Teresina,Nordeste,28.2,34.4,23.4,1.0,64,8.3,29.3,35.1,23.9,0.4,58,5.8,1.1,0.7,0.5,-0.6,-6,-2.5,-60.0
08-12,Piauí,Teresina,Nordeste,26.8,30.9,23.1,5.0,75,6.4,29.8,35.5,23.5,0.3,46,6.8,3.0,4.6,0.4,-4.7,-29,0.4,-94.0
08-13,Piauí,Teresina,Nordeste,25.9,31.7,22.2,9.6,78,7.1,30.5,36.3,24.7,0.0,42,6.4,4.6,4.6,2.5,-9.6,-36,-0.7,-100.0
08-14,Piauí,Teresina,Nordeste,28.8,35.8,22.3,0.0,58,6.6,29.6,36.1,22.8,0.0,53,6.0,0.8,0.3,0.5,0.0,-5,-0.6,
08-15,Piauí,Teresina,Nordeste,29.6,36.2,22.0,0.0,53,7.4,30.4,36.8,23.2,0.1,53,7.8,0.8,0.6,1.2,0.1,0,0.4,inf
08-16,Piauí,Teresina,Nordeste,30.2,35.8,24.9,0.0,47,9.5,30.5,36.6,23.9,0.0,50,10.2,0.3,0.8,-1.0,0.0,3,0.7,
08-17,Piauí,Teresina,Nordeste,30.4,36.1,24.9,0.0,45,8.9,30.2,36.5,23.7,0.0,36,10.8,-0.2,0.4,-1.2,0.0,-9,1.9,
08-18,Piauí,Teresina,Nordeste,30.2,36.0,23.7,0.0,43,8.9,30.4,36.6,23.4,0.0,38,12.1,0.2,0.6,-0.3,0.0,-5,3.2,
08-19,Piauí,Teresina,Nordeste,30.5,36.3,24.1,0.0,34,13.4,31.0,36.2,26.0,0.0,40,12.7,0.5,-0.1,1.9,0.0,6,-0.7,
06-01,Rio de Janeiro,Rio de Janeiro,Sudeste,21.5,24.7,19.0,0.3,89,7.4,21.3,23.9,19.8,0.9,85,9.1,-0.2,-0.8,0.8,0.6,-4,1.7,200.0
06-02,Rio de Janeiro,Rio de Janeiro,Sudeste,21.6,24.3,19.4,0.7,82,6.5,19.9,21.8,18.6,14.5,90,5.6,-1.7,-2.5,-0.8,13.8,8,-0.9,1971.43
06-03,Rio de Janeiro,Rio de Janeiro,Sudeste,22.1,26.2,19.0,0.0,83,6.1,20.7,23.4,18.5,0.8,84,6.0,-1.4,-2.8,-0.5,0.8,1,-0.1,inf
06-04,Rio de Janeiro,Rio de Janeiro,Sudeste,23.2,28.2,19.7,0.0,77,6.4,20.5,22.6,18.9,3.2,83,7.5,-2.7,-5.6,-0.8,3.2,6,1.1,inf
06-05,Rio de Janeiro,Rio de Janeiro,Sudeste,24.1,30.6,19.9,0.6,75,8.0,19.5,22.2,17.4,2.6,81,5.2,-4.6,-8.4,-2.5,2.0,6,-2.8,333.33
06-06,Rio de Janeiro,Rio de Janeiro,Sudeste,22.2,25.8,20.2,0.6,87,9.5,19.6,23.0,17.3,0.0,76,6.2,-2.6,-2.8,-2.9,-0.6,-11,-3.3,-100.0
06-07,Rio de Janeiro,Rio de Janeiro,Sudeste,21.6,24.1,20.0,1.2,84,5.6,19.6,24.2,15.5,0.0,79,5.8,-2.0,0.1,-4.5,-1.2,-5,0.2,-100.0
06-08,Rio de Janeiro,Rio de Janeiro,Sudeste,22.3,26.9,19.4,2.3,87,5.5,20.0,24.4,15.8,0.0,79,6.9,-2.3,-2.5,-3.6,-2.3,-8,1.4,-100.0
06-09,Rio de Janeiro,Rio de Janeiro,Sudeste,20.8,21.7,19.2,1.6,88,9.6,21.7,27.7,17.4,0.0,75,6.7,0.9,6.0,-1.8,-1.6,-13,-2.9,-100.0
06-10,Rio de Janeiro,Rio de Janeiro,Sudeste,19.8,20.9,19.0,1.9,86,8.8,21.1,24.0,18.2,0.0,81,4.7,1.3,3.1,-0.8,-1.9,-5,-4.1,-100.0
06-11,Rio de Janeiro,Rio de Janeiro,Sudeste,19.2,20.5,17.5,1.3,76,16.1,20.6,21.8,19.7,6.3,96,4.7,1.4,1.3,2.2,5.0,20,-11.4,384.62
06-12,Rio de Janeiro,Rio de Janeiro,Sudeste,17.7,19.8,15.8,4.4,77,8.4,21.5,27.0,18.6,1.5,90,7.5,3.8,7.2,2.8,-2.9,13,-0.9,-65.91
06-13,Rio de Janeiro,Rio de Janeiro,Sudeste,18.3,21.2,15.5,0.3,74,8.5,23.3,28.2,21.1,0.2,79,11.1,5.0,7.0,5.6,-0.1,5,2.6,-33.33
06-14,Rio de Janeiro,Rio de Janeiro,Sudeste,19.0,23.6,16.2,0.0,66,9.0,21.9,25.2,20.3,2.5,86,5.7,2.9,1.6,4.1,2.5,20,-3.3,inf
06-15,Rio de Janeiro,Rio de Janeiro,Sudeste,19.7,24.5,15.5,0.0,74,8.6,21.2,22.9,20.0,19.6,93,9.9,1.5,-1.6,4.5,19.6,19,1.3,inf
06-16,Rio de Janeiro,Rio de Janeiro,Sudeste,20.5,25.1,17.8,0.0,75,5.4,20.0,20.7,19.2,26.2,94,12.2,-0.5,-4.4,1.4,26.2,19,6.8,inf
06-17,Rio de Janeiro,Rio de Janeiro,Sudeste,20.3,23.8,17.0,0.0,80,6.4,19.6,21.2,18.5,5.4,84,6.5,-0.7,-2.6,1.5,5.4,4,0.1,inf
06-18,Rio de Janeiro,Rio de Janeiro,Sudeste,21.7,25.9,18.0,0.0,77,8.5,19.5,22.2,17.3,0.0,72,6.1,-2.2,-3.7,-0.7,0.0,-5,-2.4,
06-19,Rio de Janeiro,Rio de Janeiro,Sudeste,22.4,27.8,19.0,0.0,75,5.6,20.0,24.2,16.4,0.0,80,6.8,-2.4,-3.6,-2.6,0.0,5,1.2,
06-20,Rio de Janeiro,Rio de Janeiro,Sudeste,22.5,27.7,19.3,0.0,73,8.0,21.3,26.4,17.3,0.0,74,8.5,-1.2,-1.3,-2.0,0.0,1,0.5,
06-21,Rio de Janeiro,Rio de Janeiro,Sudeste,22.1,27.4,20.0,0.0,75,12.7,21.0,22.1,19.2,1.5,85,8.8,-1.1,-5.3,-0.8,1.5,10,-3.9,inf
06-22,Rio de Janeiro,Rio de Janeiro,Sudeste,21.1,25.6,18.5,0.0,87,5.1,21.5,25.5,17.9,0.0,84,5.7,0.4,-0.1,-0.6,0.0,-3,0.6,
06-23,Rio de Janeiro,Rio de Janeiro,Sudeste,24.3,30.2,19.9,0.0,71,10.5,22.7,29.2,20.3,0.0,79,12.1,-1.6,-1.0,0.4,0.0,8,1.6,
06-24,Rio de Janeiro,Rio de Janeiro,Sudeste,20.0,23.2,17.0,1.8,80,19.1,20.7,22.2,19.6,5.0,93,10.2,0.7,-1.0,2.6,3.2,13,-8.9,177.78
06-25,Rio de Janeiro,Rio de Janeiro,Sudeste,17.7,20.2,15.4,0.0,72,6.9,19.3,19.8,18.7,12.4,95,10.3,1.6,-0.4,3.3,12.4,23,3.4,inf
06-26,Rio de Janeiro,Rio de Janeiro,Sudeste,20.2,25.3,15.8,0.0,77,6.4,20.5,21.7,19.2,8.2,96,7.0,0.3,-3.6,3.4,8.2,19,0.6,inf
06-27,Rio de Janeiro,Rio de Janeiro,Sudeste,21.9,26.3,19.4,0.2,80,9.8,21.2,23.2,19.5,0.1,92,4.4,-0.7,-3.1,0.1,-0.1,12,-5.4,-50.0
06-28,Rio de Janeiro,Rio de Janeiro,Sudeste,22.2,25.1,20.8,0.2,87,6.8,22.2,26.1,19.8,0.0,88,4.2,0.0,1.0,-1.0,-0.2,1,-2.6,-100.0
06-29,Rio de Janeiro,Rio de Janeiro,Sudeste,23.7,30.9,19.3,0.0,74,9.3,22.7,28.5,20.2,0.0,80,7.9,-1.0,-2.4,0.9,0.0,6,-1.4,
06-30,Rio de Janeiro,Rio de Janeiro,Sudeste,22.2,23.9,20.8,0.6,82,11.9,21.8,24.7,19.3,0.0,89,7.3,-0.4,0.8,-1.5,-0.6,7,-4.6,-100.0
07-01,Rio de Janeiro,Rio de Janeiro,Sudeste,20.8,22.6,19.2,12.9,89,11.5,23.8,29.2,20.6,0.0,79,6.0,3.0,6.6,1.4,-12.9,-10,-5.5,-100.0
07-02,Rio de Janeiro,Rio de Janeiro,Sudeste,18.6,19.4,17.5,17.9,93,13.4,22.9,27.7,20.0,0.0,85,4.7,4.3,8.3,2.5,-17.9,-8,-8.7,-100.0
07-03,Rio de Janeiro,Rio de Janeiro,Sudeste,18.4,19.9,17.4,4.2,87,10.3,22.2,26.8,19.6,0.4,87,8.6,3.8,6.9,2.2,-3.8,0,-1.7,-90.48
07-04,Rio de Janeiro,Rio de Janeiro,Sudeste,18.6,21.1,17.3,2.7,81,8.0,20.8,22.5,19.6,4.8,91,8.6,2.2,1.4,2.3,2.1,10,0.6,77.78
07-05,Rio de Janeiro,Rio de Janeiro,Sudeste,18.2,21.0,16.1,0.0,82,4.9,19.9,20.8,19.3,1.5,82,11.3,1.7,-0.2,3.2,1.5,0,6.4,inf
07-06,Rio de Janeiro,Rio de Janeiro,Sudeste,18.3,21.7,15.7,0.0,84,5.9,19.9,23.0,16.6,0.0,85,6.6,1.6,1.3,0.9,0.0,1,0.7,
07-07,Rio de Janeiro,Rio de Janeiro,Sudeste,18.4,20.8,16.6,1.0,84,5.7,20.9,26.4,18.4,3.0,86,12.5,2.5,5.6,1.8,2.0,2,6.8,200.0
07-08,Rio de Janeiro,Rio de Janeiro,Sudeste,18.7,22.4,15.6,0.0,85,5.4,19.5,20.9,18.6,4.4,81,10.2,0.8,-1.5,3.0,4.4,-4,4.8,inf
07-09,Rio de Janeiro,Rio de Janeiro,Sudeste,19.1,21.3,17.5,0.4,84,9.4,19.6,22.1,17.6,0.2,80,5.2,0.5,0.8,0.1,-0.2,-4,-4.2,-50.0
07-10,Rio de Janeiro,Rio de Janeiro,Sudeste,19.3,21.9,17.2,0.2,83,4.8,20.2,26.4,16.3,0.0,83,5.3,0.9,4.5,-0.9,-0.2,0,0.5,-100.0
07-11,Rio de Janeiro,Rio de Janeiro,Sudeste,19.9,22.9,17.1,0.0,81,7.1,20.5,25.3,16.8,0.0,84,5.9,0.6,2.4,-0.3,0.0,3,-1.2,
07-12,Rio de Janeiro,Rio de Janeiro,Sudeste,20.3,23.8,17.4,0.1,82,6.3,22.4,28.7,19.4,1.0,80,15.0,2.1,4.9,2.0,0.9,-2,8.7,900.0
07-13,Rio de Janeiro,Rio de Janeiro,Sudeste,19.4,22.5,17.1,0.2,79,7.0,19.4,20.8,18.6,2.1,72,18.8,0.0,-1.7,1.5,1.9,-7,11.8,950.0
07-14,Rio de Janeiro,Rio de Janeiro,Sudeste,19.1,22.7,16.3,0.0,86,4.8,18.4,20.9,16.2,6.7,79,9.1,-0.7,-1.8,-0.1,6.7,-7,4.3,inf
07-15,Rio de Janeiro,Rio de Janeiro,Sudeste,19.0,22.2,16.4,0.2,85,5.0,19.5,23.7,16.4,0.0,68,8.8,0.5,1.5,0.0,-0.2,-17,3.8,-100.0
07-16,Rio de Janeiro,Rio de Janeiro,Sudeste,18.2,23.1,14.8,0.0,84,5.9,19.5,24.2,15.1,0.0,70,7.3,1.3,1.1,0.3,0.0,-14,1.4,
07-17,Rio de Janeiro,Rio de Janeiro,Sudeste,19.7,24.6,15.9,0.0,81,6.7,20.4,24.5,16.2,0.0,69,8.0,0.7,-0.1,0.3,0.0,-12,1.3,
07-18,Rio de Janeiro,Rio de Janeiro,Sudeste,21.1,28.2,18.3,0.0,74,13.7,21.8,26.6,17.5,0.0,67,8.9,0.7,-1.6,-0.8,0.0,-7,-4.8,
07-19,Rio de Janeiro,Rio de Janeiro,Sudeste,19.4,21.7,17.8,0.0,75,11.5,23.1,28.1,18.7,0.0,65,9.2,3.7,6.4,0.9,0.0,-10,-2.3,
07-20,Rio de Janeiro,Rio de Janeiro,Sudeste,19.0,22.3,16.7,0.0,80,6.9,23.3,28.7,18.7,0.0,63,8.2,4.3,6.4,2.0,0.0,-17,1.3,
07-21,Rio de Janeiro,Rio de Janeiro,Sudeste,19.7,23.6,17.4,0.0,84,7.7,24.3,30.6,19.3,0.0,56,10.7,4.6,7.0,1.9,0.0,-28,3.0,
07-22,Rio de Janeiro,Rio de Janeiro,Sudeste,20.6,25.2,17.1,0.0,83,5.7,23.7,31.7,19.7,0.0,68,11.0,3.1,6.5,2.6,0.0,-15,5.3,
07-23,Rio de Janeiro,Rio de Janeiro,Sudeste,20.4,23.4,18.7,0.0,85,10.0,21.3,24.5,18.7,0.2,86,7.0,0.9,1.1,0.0,0.2,1,-3.0,inf
07-24,Rio de Janeiro,Rio de Janeiro,Sudeste,19.7,21.4,18.4,1.4,85,7.4,20.7,22.2,19.7,7.9,89,8.2,1.0,0.8,1.3,6.5,4,0.8,464.29
07-25,Rio de Janeiro,Rio de Janeiro,Sudeste,19.9,23.7,17.9,5.3,90,6.3,20.7,22.9,19.1,0.2,89,7.4,0.8,-0.8,1.2,-5.1,-1,1.1,-96.23
07-26,Rio de Janeiro,Rio de Janeiro,Sudeste,20.0,22.9,18.3,0.0,90,5.3,20.5,23.4,18.3,0.0,82,6.3,0.5,0.5,0.0,0.0,-8,1.0,
07-27,Rio de Janeiro,Rio de Janeiro,Sudeste,21.3,26.3,17.5,0.0,82,7.0,21.1,26.2,17.2,0.0,80,7.4,-0.2,-0.1,-0.3,0.0,-2,0.4,
07-28,Rio de Janeiro,Rio de Janeiro,Sudeste,24.4,28.8,20.1,0.2,58,15.1,22.7,28.0,17.9,0.0,79,7.0,-1.7,-0.8,-2.2,-0.2,21,-8.1,-100.0
07-29,Rio de Janeiro,Rio de Janeiro,Sudeste,19.7,23.8,18.0,0.6,68,23.2,24.8,31.6,20.5,0.4,67,12.9,5.1,7.8,2.5,-0.2,-1,-10.3,-33.33
07-30,Rio de Janeiro,Rio de Janeiro,Sudeste,18.3,20.2,16.5,0.2,62,16.6,21.9,23.6,20.5,0.3,76,9.8,3.6,3.4,4.0,0.1,14,-6.8,50.0
07-31,Rio de Janeiro,Rio de Janeiro,Sudeste,18.1,21.0,15.7,0.6,74,6.5,21.0,23.9,18.1,1.8,81,9.4,2.9,2.9,2.4,1.2,7,2.9,200.0
08-01,Rio de Janeiro,Rio de Janeiro,Sudeste,18.9,22.7,16.1,0.0,72,9.3,21.9,26.8,18.4,0.0,70,7.8,3.0,4.1,2.3,0.0,-2,-1.5,
08-02,Rio de Janeiro,Rio de Janeiro,Sudeste,19.5,23.7,16.1,0.0,76,7.4,22.8,29.1,17.8,0.0,66,6.9,3.3,5.4,1.7,0.0,-10,-0.5,
08-03,Rio de Janeiro,Rio de Janeiro,Sudeste,20.3,25.9,16.1,0.0,73,8.4,21.3,24.9,18.6,0.0,85,4.5,1.0,-1.0,2.5,0.0,12,-3.9,
08-04,Rio de Janeiro,Rio de Janeiro,Sudeste,20.9,26.8,17.4,0.0,74,8.3,22.4,26.8,18.7,0.0,82,6.2,1.5,0.0,1.3,0.0,8,-2.1,
08-05,Rio de Janeiro,Rio de Janeiro,Sudeste,20.0,21.9,18.6,0.8,85,7.4,24.9,30.0,20.9,0.0,67,8.9,4.9,8.1,2.3,-0.8,-18,1.5,-100.0
08-06,Rio de Janeiro,Rio de Janeiro,Sudeste,19.6,21.8,18.0,1.4,88,9.7,26.5,32.4,21.9,0.1,57,10.6,6.9,10.6,3.9,-1.3,-31,0.9,-92.86
08-07,Rio de Janeiro,Rio de Janeiro,Sudeste,19.4,23.5,16.5,0.0,87,5.8,25.5,33.9,22.7,2.0,63,14.2,6.1,10.4,6.2,2.0,-24,8.4,inf
08-08,Rio de Janeiro,Rio de Janeiro,Sudeste,22.0,29.0,17.8,0.0,82,7.4,24.2,27.0,21.5,1.8,81,8.0,2.2,-2.0,3.7,1.8,-1,0.6,inf
08-09,Rio de Janeiro,Rio de Janeiro,Sudeste,19.0,20.3,17.5,5.7,86,15.1,24.8,28.4,22.6,0.4,76,14.2,5.8,8.1,5.1,-5.3,-10,-0.9,-92.98
08-10,Rio de Janeiro,Rio de Janeiro,Sudeste,18.2,20.1,16.6,1.4,73,20.2,21.0,22.6,19.3,8.8,89,12.0,2.8,2.5,2.7,7.4,16,-8.2,528.57
08-11,Rio de Janeiro,Rio de Janeiro,Sudeste,17.9,19.8,16.1,1.2,78,14.2,19.6,21.1,18.7,5.7,83,10.7,1.7,1.3,2.6,4.5,5,-3.5,375.0
08-12,Rio de Janeiro,Rio de Janeiro,Sudeste,17.9,20.3,15.8,0.4,80,8.1,20.7,23.6,19.2,0.0,77,8.7,2.8,3.3,3.4,-0.4,-3,0.6,-100.0
08-13,Rio de Janeiro,Rio de Janeiro,Sudeste,19.0,22.9,16.3,0.0,82,6.3,22.5,27.4,18.8,2.4,84,7.1,3.5,4.5,2.5,2.4,2,0.8,inf
08-14,Rio de Janeiro,Rio de Janeiro,Sudeste,19.1,21.7,16.4,0.7,82,9.5,22.4,24.7,20.7,1.2,89,7.8,3.3,3.0,4.3,0.5,7,-1.7,71.43
08-15,Rio de Janeiro,Rio de Janeiro,Sudeste,19.1,20.5,17.1,2.6,80,7.5,21.2,22.8,19.9,8.8,90,10.9,2.1,2.3,2.8,6.2,10,3.4,238.46
08-16,Rio de Janeiro,Rio de Janeiro,Sudeste,19.3,22.0,17.5,0.3,79,10.7,21.9,25.6,19.7,0.0,79,12.4,2.6,3.6,2.2,-0.3,0,1.7,-100.0
08-17,Rio de Janeiro,Rio de Janeiro,Sudeste,19.9,23.4,17.1,0.0,79,8.2,23.0,27.7,19.1,0.0,74,8.7,3.1,4.3,2.0,0.0,-5,0.5,
08-18,Rio de Janeiro,Rio de Janeiro,Sudeste,19.8,23.0,16.6,0.5,80,9.6,23.0,27.8,18.4,0.0,75,7.0,3.2,4.8,1.8,-0.5,-5,-2.6,-100.0
08-19,Rio de Janeiro,Rio de Janeiro,Sudeste,20.5,25.5,17.5,0.0,74,11.3,23.4,29.8,20.0,0.0,73,7.5,2.9,4.3,2.5,0.0,-1,-3.8,
06-01,Rio Grande do Norte,Natal,Nordeste,25.4,28.5,22.6,2.1,83,13.6,26.1,29.8,22.7,0.0,80,13.4,0.7,1.3,0.1,-2.1,-3,-0.2,-100.0
06-02,Rio Grande do Norte,Natal,Nordeste,26.1,28.9,23.0,2.1,79,15.8,26.1,29.8,23.2,0.1,80,13.5,0.0,0.9,0.2,-2.0,1,-2.3,-95.24
06-03,Rio Grande do Norte,Natal,Nordeste,25.8,29.0,23.6,1.8,80,15.8,25.5,29.1,22.7,3.8,85,13.2,-0.3,0.1,-0.9,2.0,5,-2.6,111.11
06-04,Rio Grande do Norte,Natal,Nordeste,25.1,28.4,22.9,3.2,85,14.5,26.1,29.4,23.5,0.4,82,16.6,1.0,1.0,0.6,-2.8,-3,2.1,-87.5
06-05,Rio Grande do Norte,Natal,Nordeste,25.5,28.8,22.8,2.5,84,15.8,26.1,29.2,23.6,0.3,77,16.3,0.6,0.4,0.8,-2.2,-7,0.5,-88.0
06-06,Rio Grande do Norte,Natal,Nordeste,25.8,29.2,23.0,1.4,81,14.7,25.7,28.8,23.1,0.7,79,15.8,-0.1,-0.4,0.1,-0.7,-2,1.1,-50.0
06-07,Rio Grande do Norte,Natal,Nordeste,25.7,29.1,22.8,0.9,83,15.5,25.5,28.8,22.8,0.6,82,15.5,-0.2,-0.3,0.0,-0.3,-1,0.0,-33.33
06-08,Rio Grande do Norte,Natal,Nordeste,25.6,28.5,23.3,2.9,84,15.1,25.9,29.0,23.1,0.7,80,17.3,0.3,0.5,-0.2,-2.2,-4,2.2,-75.86
06-09,Rio Grande do Norte,Natal,Nordeste,26.0,28.8,23.2,1.8,81,11.8,25.1,27.9,23.7,8.4,86,17.4,-0.9,-0.9,0.5,6.6,5,5.6,366.67
06-10,Rio Grande do Norte,Natal,Nordeste,26.3,29.4,22.8,0.4,77,11.6,25.3,28.3,22.7,9.1,88,14.1,-1.0,-1.1,-0.1,8.7,11,2.5,2175.0
06-11,Rio Grande do Norte,Natal,Nordeste,25.9,28.4,23.3,1.6,78,12.5,25.3,29.7,23.0,10.6,82,16.8,-0.6,1.3,-0.3,9.0,4,4.3,562.5
06-12,Rio Grande do Norte,Natal,Nordeste,25.5,29.7,21.6,0.0,76,12.8,25.7,28.6,23.1,13.4,85,16.1,0.2,-1.1,1.5,13.4,9,3.3,inf
06-13,Rio Grande do Norte,Natal,Nordeste,25.7,29.6,22.6,1.0,75,16.5,26.0,29.5,22.7,2.6,81,12.6,0.3,-0.1,0.1,1.6,6,-3.9,160.0
06-14,Rio Grande do Norte,Natal,Nordeste,25.2,29.4,22.7,3.3,81,17.8,25.5,28.2,23.1,35.0,87,14.3,0.3,-1.2,0.4,31.7,6,-3.5,960.61
06-15,Rio Grande do Norte,Natal,Nordeste,25.5,29.2,22.6,1.1,78,12.7,25.9,29.1,22.9,0.7,83,14.6,0.4,-0.1,0.3,-0.4,5,1.9,-36.36
06-16,Rio Grande do Norte,Natal,Nordeste,25.5,29.1,22.2,0.2,77,13.9,25.7,28.6,23.0,1.5,82,11.9,0.2,-0.5,0.8,1.3,5,-2.0,650.0
06-17,Rio Grande do Norte,Natal,Nordeste,25.3,29.0,22.4,1.2,78,14.2,24.1,25.8,23.1,57.8,93,6.8,-1.2,-3.2,0.7,56.6,15,-7.4,4716.67
06-18,Rio Grande do Norte,Natal,Nordeste,24.1,26.3,22.2,12.2,88,14.5,25.7,28.8,23.0,1.4,83,13.5,1.6,2.5,0.8,-10.8,-5,-1.0,-88.52
06-19,Rio Grande do Norte,Natal,Nordeste,24.8,27.6,22.2,6.0,85,15.3,25.7,29.0,23.2,0.7,79,17.0,0.9,1.4,1.0,-5.3,-6,1.7,-88.33
06-20,Rio Grande do Norte,Natal,Nordeste,24.4,27.6,22.2,16.5,88,15.0,25.0,28.9,22.7,2.3,85,12.3,0.6,1.3,0.5,-14.2,-3,-2.7,-86.06
06-21,Rio Grande do Norte,Natal,Nordeste,23.8,25.4,22.6,49.2,95,12.8,25.3,28.8,22.5,1.4,83,14.2,1.5,3.4,-0.1,-47.8,-12,1.4,-97.15
06-22,Rio Grande do Norte,Natal,Nordeste,25.0,28.2,22.3,10.0,85,14.1,25.3,28.4,23.0,1.8,84,13.2,0.3,0.2,0.7,-8.2,-1,-0.9,-82.0
06-23,Rio Grande do Norte,Natal,Nordeste,25.4,28.2,22.5,2.1,83,15.5,25.6,28.9,23.1,0.6,81,15.9,0.2,0.7,0.6,-1.5,-2,0.4,-71.43
06-24,Rio Grande do Norte,Natal,Nordeste,25.6,29.0,23.1,2.0,83,12.7,25.6,28.7,23.3,0.4,77,16.6,0.0,-0.3,0.2,-1.6,-6,3.9,-80.0
06-25,Rio Grande do Norte,Natal,Nordeste,25.6,28.5,22.8,1.2,80,14.4,25.2,28.7,22.0,1.3,83,12.9,-0.4,0.2,-0.8,0.1,3,-1.5,8.33
06-26,Rio Grande do Norte,Natal,Nordeste,24.9,28.4,22.7,4.3,83,16.7,24.4,28.1,22.9,6.6,91,9.9,-0.5,-0.3,0.2,2.3,8,-6.8,53.49
06-27,Rio Grande do Norte,Natal,Nordeste,25.0,28.6,21.7,0.7,85,12.0,23.7,26.0,22.5,18.3,96,12.6,-1.3,-2.6,0.8,17.6,11,0.6,2514.29
06-28,Rio Grande do Norte,Natal,Nordeste,24.2,26.4,22.7,10.9,88,15.6,25.1,28.3,22.6,5.4,81,17.1,0.9,1.9,-0.1,-5.5,-7,1.5,-50.46
06-29,Rio Grande do Norte,Natal,Nordeste,24.7,28.7,21.9,5.4,84,10.8,24.8,28.0,21.6,1.6,80,14.5,0.1,-0.7,-0.3,-3.8,-4,3.7,-70.37
06-30,Rio Grande do Norte,Natal,Nordeste,24.8,28.0,22.1,3.2,85,13.4,25.2,28.8,22.1,4.8,81,16.8,0.4,0.8,0.0,1.6,-4,3.4,50.0
07-01,Rio Grande do Norte,Natal,Nordeste,24.5,27.5,22.5,8.0,88,14.7,25.4,28.6,22.1,2.8,78,19.3,0.9,1.1,-0.4,-5.2,-10,4.6,-65.0
07-02,Rio Grande do Norte,Natal,Nordeste,24.3,27.7,22.1,3.2,86,18.0,25.2,28.3,22.6,2.4,77,18.8,0.9,0.6,0.5,-0.8,-9,0.8,-25.0
07-03,Rio Grande do Norte,Natal,Nordeste,23.9,27.2,21.7,1.7,81,16.7,24.6,25.9,22.8,31.9,86,17.1,0.7,-1.3,1.1,30.2,5,0.4,1776.47
07-04,Rio Grande do Norte,Natal,Nordeste,24.4,28.1,21.5,1.0,81,15.3,24.7,26.7,22.8,7.1,87,16.2,0.3,-1.4,1.3,6.1,6,0.9,610.0
07-05,Rio Grande do Norte,Natal,Nordeste,24.5,27.6,21.8,0.5,81,14.6,24.8,28.0,22.3,4.5,86,12.9,0.3,0.4,0.5,4.0,5,-1.7,800.0
07-06,Rio Grande do Norte,Natal,Nordeste,24.8,27.7,22.3,10.6,83,15.1,25.6,29.2,22.7,0.5,78,16.8,0.8,1.5,0.4,-10.1,-5,1.7,-95.28
07-07,Rio Grande do Norte,Natal,Nordeste,23.7,26.0,22.5,18.2,90,14.6,25.1,28.6,22.4,0.0,77,16.2,1.4,2.6,-0.1,-18.2,-13,1.6,-100.0
07-08,Rio Grande do Norte,Natal,Nordeste,24.3,27.4,22.4,1.1,84,17.0,25.0,28.1,22.8,9.2,83,14.6,0.7,0.7,0.4,8.1,-1,-2.4,736.36
07-09,Rio Grande do Norte,Natal,Nordeste,23.9,26.7,22.0,8.4,85,16.8,25.0,28.2,21.9,15.4,85,12.5,1.1,1.5,-0.1,7.0,0,-4.3,83.33
07-10,Rio Grande do Norte,Natal,Nordeste,23.7,26.9,21.5,7.6,87,17.6,25.2,28.0,22.3,3.0,83,15.4,1.5,1.1,0.8,-4.6,-4,-2.2,-60.53
07-11,Rio Grande do Norte,Natal,Nordeste,24.1,26.9,22.0,5.5,85,18.2,25.5,28.6,22.8,1.5,80,15.9,1.4,1.7,0.8,-4.0,-5,-2.3,-72.73
07-12,Rio Grande do Norte,Natal,Nordeste,24.2,27.4,21.6,0.3,79,18.1,25.2,28.0,22.5,2.8,83,14.4,1.0,0.6,0.9,2.5,4,-3.7,833.33
07-13,Rio Grande do Norte,Natal,Nordeste,24.2,27.6,20.9,0.5,81,17.5,26.0,29.1,23.0,1.5,81,9.5,1.8,1.5,2.1,1.0,0,-8.0,200.0
07-14,Rio Grande do Norte,Natal,Nordeste,24.1,27.3,22.1,3.6,84,18.2,26.1,28.8,23.5,1.3,79,7.6,2.0,1.5,1.4,-2.3,-5,-10.6,-63.89
07-15,Rio Grande do Norte,Natal,Nordeste,24.6,27.9,22.1,0.7,81,18.5,25.7,28.0,23.5,2.5,80,15.6,1.1,0.1,1.4,1.8,-1,-2.9,257.14
07-16,Rio Grande do Norte,Natal,Nordeste,24.4,28.9,21.1,0.0,77,18.0,24.9,27.7,22.8,3.4,81,19.0,0.5,-1.2,1.7,3.4,4,1.0,inf
07-17,Rio Grande do Norte,Natal,Nordeste,24.0,27.3,20.9,0.7,82,15.8,24.5,27.4,22.3,4.9,84,20.1,0.5,0.1,1.4,4.2,2,4.3,600.0
07-18,Rio Grande do Norte,Natal,Nordeste,24.8,27.9,22.1,0.2,81,13.7,24.1,26.4,22.7,15.7,90,19.2,-0.7,-1.5,0.6,15.5,9,5.5,7750.0
07-19,Rio Grande do Norte,Natal,Nordeste,24.7,27.7,22.4,1.9,84,16.8,24.7,27.6,21.9,1.0,77,20.0,0.0,-0.1,-0.5,-0.9,-7,3.2,-47.37
07-20,Rio Grande do Norte,Natal,Nordeste,24.3,26.9,22.1,2.6,84,15.6,24.0,27.1,22.0,11.7,89,16.4,-0.3,0.2,-0.1,9.1,5,0.8,350.0
07-21,Rio Grande do Norte,Natal,Nordeste,24.7,28.2,21.5,0.0,80,16.5,23.3,24.2,22.6,95.0,97,13.4,-1.4,-4.0,1.1,95.0,17,-3.1,inf
07-22,Rio Grande do Norte,Natal,Nordeste,24.8,27.9,21.5,0.6,78,16.2,25.0,27.9,22.3,1.6,83,13.6,0.2,0.0,0.8,1.0,5,-2.6,166.67
07-23,Rio Grande do Norte,Natal,Nordeste,24.9,28.1,22.2,2.0,85,15.1,24.5,27.6,22.5,8.6,90,13.7,-0.4,-0.5,0.3,6.6,5,-1.4,330.0
07-24,Rio Grande do Norte,Natal,Nordeste,25.1,27.8,22.9,1.1,81,18.8,24.1,26.4,22.7,22.8,91,12.9,-1.0,-1.4,-0.2,21.7,10,-5.9,1972.73
07-25,Rio Grande do Norte,Natal,Nordeste,24.5,27.7,21.7,0.2,78,18.0,25.1,27.9,22.6,0.7,79,16.2,0.6,0.2,0.9,0.5,1,-1.8,250.0
07-26,Rio Grande do Norte,Natal,Nordeste,23.9,26.6,21.9,3.4,83,15.8,25.5,28.5,22.8,0.8,78,15.0,1.6,1.9,0.9,-2.6,-5,-0.8,-76.47
07-27,Rio Grande do Norte,Natal,Nordeste,23.8,26.8,22.3,8.5,87,17.0,25.6,28.8,22.0,0.1,77,13.0,1.8,2.0,-0.3,-8.4,-10,-4.0,-98.82
07-28,Rio Grande do Norte,Natal,Nordeste,24.5,27.0,22.2,6.6,87,14.2,25.2,28.3,22.3,0.7,81,15.3,0.7,1.3,0.1,-5.9,-6,1.1,-89.39
07-29,Rio Grande do Norte,Natal,Nordeste,24.7,27.9,22.4,4.4,86,14.8,25.0,28.2,22.0,0.5,76,14.7,0.3,0.3,-0.4,-3.9,-10,-0.1,-88.64
07-30,Rio Grande do Norte,Natal,Nordeste,25.2,28.6,22.4,1.7,82,13.0,24.8,28.3,21.6,0.6,78,15.7,-0.4,-0.3,-0.8,-1.1,-4,2.7,-64.71
07-31,Rio Grande do Norte,Natal,Nordeste,25.6,28.6,23.0,0.4,75,14.6,24.9,29.2,21.2,0.2,76,17.6,-0.7,0.6,-1.8,-0.2,1,3.0,-50.0
08-01,Rio Grande do Norte,Natal,Nordeste,25.0,28.0,22.6,0.7,80,17.5,24.8,27.8,22.5,0.4,76,19.3,-0.2,-0.2,-0.1,-0.3,-4,1.8,-42.86
08-02,Rio Grande do Norte,Natal,Nordeste,24.8,28.0,22.2,0.5,80,19.3,24.4,27.7,21.1,0.3,77,15.0,-0.4,-0.3,-1.1,-0.2,-3,-4.3,-40.0
08-03,Rio Grande do Norte,Natal,Nordeste,24.5,28.0,21.5,2.3,79,15.8,24.4,28.1,21.2,1.9,82,14.4,-0.1,0.1,-0.3,-0.4,3,-1.4,-17.39
08-04,Rio Grande do Norte,Natal,Nordeste,24.8,28.3,21.5,2.2,80,15.1,24.8,27.6,21.9,2.5,83,15.4,0.0,-0.7,0.4,0.3,3,0.3,13.64
08-05,Rio Grande do Norte,Natal,Nordeste,24.6,28.1,21.6,1.1,82,16.0,25.0,28.4,22.1,1.2,79,17.3,0.4,0.3,0.5,0.1,-3,1.3,9.09
08-06,Rio Grande do Norte,Natal,Nordeste,24.6,27.8,22.3,2.7,83,19.1,25.1,28.6,22.0,1.0,79,14.3,0.5,0.8,-0.3,-1.7,-4,-4.8,-62.96
08-07,Rio Grande do Norte,Natal,Nordeste,24.9,28.5,22.0,0.3,77,17.5,25.9,28.9,23.3,0.7,76,12.3,1.0,0.4,1.3,0.4,-1,-5.2,133.33
08-08,Rio Grande do Norte,Natal,Nordeste,24.7,28.3,21.5,0.3,79,12.7,26.4,29.1,24.4,0.9,74,14.5,1.7,0.8,2.9,0.6,-5,1.8,200.0
08-09,Rio Grande do Norte,Natal,Nordeste,24.7,27.8,22.1,1.8,83,12.5,26.3,29.0,24.1,2.1,78,14.9,1.6,1.2,2.0,0.3,-5,2.4,16.67
08-10,Rio Grande do Norte,Natal,Nordeste,25.4,29.0,22.2,0.2,80,14.2,25.9,29.1,23.3,1.9,78,13.7,0.5,0.1,1.1,1.7,-2,-0.5,850.0
08-11,Rio Grande do Norte,Natal,Nordeste,25.5,29.2,22.7,1.4,80,13.1,25.1,28.2,22.6,1.7,77,17.0,-0.4,-1.0,-0.1,0.3,-3,3.9,21.43
08-12,Rio Grande do Norte,Natal,Nordeste,25.0,28.0,22.1,1.0,80,14.9,25.2,28.8,21.9,0.0,72,20.5,0.2,0.8,-0.2,-1.0,-8,5.6,-100.0
08-13,Rio Grande do Norte,Natal,Nordeste,25.4,28.6,22.3,0.1,72,15.3,25.3,29.6,21.6,0.0,71,17.6,-0.1,1.0,-0.7,-0.1,-1,2.3,-100.0
08-14,Rio Grande do Norte,Natal,Nordeste,25.2,28.9,22.0,0.3,79,17.2,25.7,29.0,21.9,0.0,70,17.1,0.5,0.1,-0.1,-0.3,-9,-0.1,-100.0
08-15,Rio Grande do Norte,Natal,Nordeste,23.9,25.8,22.6,6.7,89,13.2,25.9,29.2,22.6,0.3,73,16.3,2.0,3.4,0.0,-6.4,-16,3.1,-95.52
08-16,Rio Grande do Norte,Natal,Nordeste,24.2,28.2,21.6,4.0,85,15.8,25.7,29.1,22.9,0.0,68,21.3,1.5,0.9,1.3,-4.0,-17,5.5,-100.0
08-17,Rio Grande do Norte,Natal,Nordeste,24.1,27.2,21.5,3.2,80,18.1,25.9,29.0,22.7,1.4,70,20.4,1.8,1.8,1.2,-1.8,-10,2.3,-56.25
08-18,Rio Grande do Norte,Natal,Nordeste,24.1,27.9,20.3,0.0,74,17.8,26.0,29.3,22.8,0.6,73,17.7,1.9,1.4,2.5,0.6,-1,-0.1,inf
08-19,Rio Grande do Norte,Natal,Nordeste,24.3,28.2,20.8,0.1,76,18.2,24.8,27.6,22.3,3.3,83,19.5,0.5,-0.6,1.5,3.2,7,1.3,3200.0
06-01,Rio Grande do Sul,Porto Alegre,Sul,11.8,16.6,8.4,0.0,82,5.7,15.5,17.6,13.8,1.3,85,7.3,3.7,1.0,5.4,1.3,3,1.6,inf
06-02,Rio Grande do Sul,Porto Alegre,Sul,12.6,18.6,7.4,0.0,83,4.3,14.8,19.5,10.6,0.0,84,6.7,2.2,0.9,3.2,0.0,1,2.4,
06-03,Rio Grande do Sul,Porto Alegre,Sul,16.3,22.4,11.7,3.7,86,3.0,16.1,22.1,11.9,0.0,84,7.8,-0.2,-0.3,0.2,-3.7,-2,4.8,-100.0
06-04,Rio Grande do Sul,Porto Alegre,Sul,18.2,23.7,13.9,0.0,87,5.6,16.8,22.4,12.6,0.0,87,6.5,-1.4,-1.3,-1.3,0.0,0,0.9,
06-05,Rio Grande do Sul,Porto Alegre,Sul,16.5,18.4,14.9,2.7,91,9.1,17.7,23.8,12.7,0.0,83,5.0,1.2,5.4,-2.2,-2.7,-8,-4.1,-100.0
06-06,Rio Grande do Sul,Porto Alegre,Sul,14.0,17.3,10.9,0.0,79,6.5,17.5,22.7,14.4,0.0,86,6.0,3.5,5.4,3.5,0.0,7,-0.5,
06-07,Rio Grande do Sul,Porto Alegre,Sul,11.8,17.0,7.6,0.0,87,6.0,16.1,19.1,14.4,0.1,90,7.3,4.3,2.1,6.8,0.1,3,1.3,inf
06-08,Rio Grande do Sul,Porto Alegre,Sul,13.4,17.2,10.8,0.0,85,7.9,16.7,19.5,15.0,5.0,91,6.5,3.3,2.3,4.2,5.0,6,-1.4,inf
06-09,Rio Grande do Sul,Porto Alegre,Sul,12.3,16.0,9.2,0.3,85,6.3,15.4,17.7,13.3,3.9,88,7.5,3.1,1.7,4.1,3.6,3,1.2,1200.0
06-10,Rio Grande do Sul,Porto Alegre,Sul,11.2,14.7,8.4,0.0,78,5.9,13.9,17.2,11.4,0.0,86,5.3,2.7,2.5,3.0,0.0,8,-0.6,
06-11,Rio Grande do Sul,Porto Alegre,Sul,10.9,15.9,6.9,0.0,83,5.1,14.5,18.5,11.3,0.4,90,6.9,3.6,2.6,4.4,0.4,7,1.8,inf
06-12,Rio Grande do Sul,Porto Alegre,Sul,12.1,18.7,6.6,0.0,83,9.6,15.6,17.4,14.3,25.6,97,11.7,3.5,-1.3,7.7,25.6,14,2.1,inf
06-13,Rio Grande do Sul,Porto Alegre,Sul,15.1,21.7,10.1,0.0,75,8.8,14.4,17.5,11.7,0.0,84,9.0,-0.7,-4.2,1.6,0.0,9,0.2,
06-14,Rio Grande do Sul,Porto Alegre,Sul,15.9,21.0,12.8,8.4,82,9.7,13.8,16.8,12.0,0.1,80,7.9,-2.1,-4.2,-0.8,-8.3,-2,-1.8,-98.81
06-15,Rio Grande do Sul,Porto Alegre,Sul,15.1,16.7,12.3,8.1,86,11.3,11.4,14.4,8.7,0.0,72,5.0,-3.7,-2.3,-3.6,-8.1,-14,-6.3,-100.0
06-16,Rio Grande do Sul,Porto Alegre,Sul,14.4,19.9,9.1,0.0,85,8.6,10.3,15.5,6.0,0.0,80,7.6,-4.1,-4.4,-3.1,0.0,-5,-1.0,
06-17,Rio Grande do Sul,Porto Alegre,Sul,18.5,22.6,16.5,40.8,88,10.9,11.6,17.3,7.9,0.0,80,8.3,-6.9,-5.3,-8.6,-40.8,-8,-2.6,-100.0
06-18,Rio Grande do Sul,Porto Alegre,Sul,17.7,20.4,15.9,65.9,97,7.7,12.3,17.9,7.0,0.0,83,10.6,-5.4,-2.5,-8.9,-65.9,-14,2.9,-100.0
06-19,Rio Grande do Sul,Porto Alegre,Sul,16.5,17.6,15.5,15.9,95,13.1,14.0,16.9,11.5,4.7,86,10.3,-2.5,-0.7,-4.0,-11.2,-9,-2.8,-70.44
06-20,Rio Grande do Sul,Porto Alegre,Sul,16.9,19.1,14.4,5.3,90,13.5,11.6,13.5,9.7,0.0,81,5.3,-5.3,-5.6,-4.7,-5.3,-9,-8.2,-100.0
06-21,Rio Grande do Sul,Porto Alegre,Sul,13.9,18.1,10.8,0.0,85,8.7,12.1,16.2,9.5,0.0,84,5.8,-1.8,-1.9,-1.3,0.0,-1,-2.9,
06-22,Rio Grande do Sul,Porto Alegre,Sul,13.9,18.8,9.6,6.0,89,4.6,12.2,13.7,9.4,22.7,94,8.1,-1.7,-5.1,-0.2,16.7,5,3.5,278.33
06-23,Rio Grande do Sul,Porto Alegre,Sul,11.5,14.2,7.2,2.1,69,20.3,9.7,13.1,7.4,0.0,73,15.4,-1.8,-1.1,0.2,-2.1,4,-4.9,-100.0
06-24,Rio Grande do Sul,Porto Alegre,Sul,8.4,12.3,5.5,0.0,54,19.9,8.7,13.6,4.9,0.0,72,8.3,0.3,1.3,-0.6,0.0,18,-11.6,
06-25,Rio Grande do Sul,Porto Alegre,Sul,9.7,16.7,4.5,0.0,68,5.4,10.3,16.4,5.9,0.0,70,5.7,0.6,-0.3,1.4,0.0,2,0.3,
06-26,Rio Grande do Sul,Porto Alegre,Sul,11.6,14.9,9.2,9.4,82,4.0,10.2,17.6,4.7,0.0,76,5.0,-1.4,2.7,-4.5,-9.4,-6,1.0,-100.0
06-27,Rio Grande do Sul,Porto Alegre,Sul,10.5,14.7,7.0,0.0,76,5.5,12.3,20.2,5.2,0.3,81,6.0,1.8,5.5,-1.8,0.3,5,0.5,inf
06-28,Rio Grande do Sul,Porto Alegre,Sul,12.2,15.5,9.3,23.6,89,6.3,14.7,17.0,12.6,25.9,94,7.9,2.5,1.5,3.3,2.3,5,1.6,9.75
06-29,Rio Grande do Sul,Porto Alegre,Sul,12.7,14.6,11.1,13.3,91,14.6,12.9,15.9,9.9,0.0,85,6.7,0.2,1.3,-1.2,-13.3,-6,-7.9,-100.0
06-30,Rio Grande do Sul,Porto Alegre,Sul,9.2,11.4,5.4,0.1,71,12.4,12.4,15.3,9.4,0.0,86,7.3,3.2,3.9,4.0,-0.1,15,-5.1,-100.0
07-01,Rio Grande do Sul,Porto Alegre,Sul,5.8,9.4,2.6,0.0,75,11.6,14.0,17.0,11.9,5.7,92,6.3,8.2,7.6,9.3,5.7,17,-5.3,inf
07-02,Rio Grande do Sul,Porto Alegre,Sul,7.6,11.5,2.8,0.0,83,5.9,13.0,15.2,9.4,13.7,96,11.4,5.4,3.7,6.6,13.7,13,5.5,inf
07-03,Rio Grande do Sul,Porto Alegre,Sul,11.3,15.5,8.3,0.2,85,6.1,8.3,10.6,4.8,0.3,70,14.8,-3.0,-4.9,-3.5,0.1,-15,8.7,50.0
07-04,Rio Grande do Sul,Porto Alegre,Sul,12.4,18.8,6.6,0.0,81,5.5,10.2,12.5,7.5,0.0,79,6.1,-2.2,-6.3,0.9,0.0,-2,0.6,
07-05,Rio Grande do Sul,Porto Alegre,Sul,12.6,19.9,8.0,0.0,83,5.7,12.4,15.2,10.0,1.0,88,5.7,-0.2,-4.7,2.0,1.0,5,0.0,inf
07-06,Rio Grande do Sul,Porto Alegre,Sul,12.4,18.4,8.0,0.0,86,7.1,12.1,14.5,10.0,16.1,85,11.4,-0.3,-3.9,2.0,16.1,-1,4.3,inf
07-07,Rio Grande do Sul,Porto Alegre,Sul,13.6,20.9,7.3,0.0,82,4.5,10.2,14.7,5.7,0.0,70,13.3,-3.4,-6.2,-1.6,0.0,-12,8.8,
07-08,Rio Grande do Sul,Porto Alegre,Sul,13.8,19.2,10.1,0.2,85,5.7,10.7,18.2,5.1,0.0,74,5.4,-3.1,-1.0,-5.0,-0.2,-11,-0.3,-100.0
07-09,Rio Grande do Sul,Porto Alegre,Sul,12.4,15.8,10.7,0.0,86,6.9,13.6,21.5,7.2,0.0,74,3.5,1.2,5.7,-3.5,0.0,-12,-3.4,
07-10,Rio Grande do Sul,Porto Alegre,Sul,13.2,19.9,8.9,0.0,88,4.4,14.8,19.0,11.8,0.2,80,5.9,1.6,-0.9,2.9,0.2,-8,1.5,inf
07-11,Rio Grande do Sul,Porto Alegre,Sul,13.6,20.2,10.6,0.0,90,5.1,15.2,18.5,13.6,2.7,91,9.8,1.6,-1.7,3.0,2.7,1,4.7,inf
07-12,Rio Grande do Sul,Porto Alegre,Sul,13.4,17.4,11.0,0.0,87,7.6,13.4,15.7,11.5,2.6,83,10.3,0.0,-1.7,0.5,2.6,-4,2.7,inf
07-13,Rio Grande do Sul,Porto Alegre,Sul,15.3,20.2,12.8,0.0,90,5.7,12.3,14.8,10.7,0.2,81,5.9,-3.0,-5.4,-2.1,0.2,-9,0.2,inf
07-14,Rio Grande do Sul,Porto Alegre,Sul,15.6,20.9,13.1,1.3,89,5.9,12.6,19.5,7.7,0.0,86,6.2,-3.0,-1.4,-5.4,-1.3,-3,0.3,-100.0
07-15,Rio Grande do Sul,Porto Alegre,Sul,15.4,22.2,12.0,0.0,90,6.0,14.1,22.0,8.5,0.0,78,6.9,-1.3,-0.2,-3.5,0.0,-12,0.9,
07-16,Rio Grande do Sul,Porto Alegre,Sul,18.1,25.0,12.4,0.0,79,5.3,17.7,27.6,9.6,0.0,73,6.9,-0.4,2.6,-2.8,0.0,-6,1.6,
07-17,Rio Grande do Sul,Porto Alegre,Sul,14.5,17.2,11.8,5.9,85,12.7,24.7,31.5,19.9,0.0,55,12.8,10.2,14.3,8.1,-5.9,-30,0.1,-100.0
07-18,Rio Grande do Sul,Porto Alegre,Sul,12.6,15.6,10.8,4.2,86,16.8,25.7,31.1,20.4,0.6,58,16.1,13.1,15.5,9.6,-3.6,-28,-0.7,-85.71
07-19,Rio Grande do Sul,Porto Alegre,Sul,13.1,18.3,9.6,0.0,83,5.2,21.5,26.9,16.8,7.1,75,12.4,8.4,8.6,7.2,7.1,-8,7.2,inf
07-20,Rio Grande do Sul,Porto Alegre,Sul,12.8,20.0,8.4,0.0,89,4.0,18.7,22.4,16.5,28.4,95,10.7,5.9,2.4,8.1,28.4,6,6.7,inf
07-21,Rio Grande do Sul,Porto Alegre,Sul,14.5,22.4,9.3,0.0,82,2.8,19.2,20.0,17.0,62.2,98,8.6,4.7,-2.4,7.7,62.2,16,5.8,inf
07-22,Rio Grande do Sul,Porto Alegre,Sul,15.4,23.1,10.5,0.0,84,6.6,16.5,18.6,15.5,23.6,96,11.0,1.1,-4.5,5.0,23.6,12,4.4,inf
07-23,Rio Grande do Sul,Porto Alegre,Sul,12.8,15.6,9.5,0.0,76,9.8,15.4,17.8,14.0,4.3,88,11.6,2.6,2.2,4.5,4.3,12,1.8,inf
07-24,Rio Grande do Sul,Porto Alegre,Sul,12.5,17.7,8.6,3.2,85,13.4,16.4,20.9,13.3,1.0,86,9.7,3.9,3.2,4.7,-2.2,1,-3.7,-68.75
07-25,Rio Grande do Sul,Porto Alegre,Sul,16.4,22.3,12.1,0.0,82,9.0,16.5,23.0,12.7,0.0,88,5.7,0.1,0.7,0.6,0.0,6,-3.3,
07-26,Rio Grande do Sul,Porto Alegre,Sul,16.9,20.9,13.2,9.0,86,10.1,17.1,19.9,13.9,9.7,96,4.4,0.2,-1.0,0.7,0.7,10,-5.7,7.78
07-27,Rio Grande do Sul,Porto Alegre,Sul,14.7,15.7,13.1,81.7,97,12.0,18.6,22.3,16.7,13.2,95,5.8,3.9,6.6,3.6,-68.5,-2,-6.2,-83.84
07-28,Rio Grande do Sul,Porto Alegre,Sul,13.3,14.7,11.6,5.2,86,21.9,18.9,21.6,17.3,27.7,93,8.4,5.6,6.9,5.7,22.5,7,-13.5,432.69
07-29,Rio Grande do Sul,Porto Alegre,Sul,11.7,15.9,8.1,0.0,73,12.9,17.3,20.6,15.0,20.6,87,9.8,5.6,4.7,6.9,20.6,14,-3.1,inf
07-30,Rio Grande do Sul,Porto Alegre,Sul,11.2,16.4,6.1,0.0,79,5.5,16.2,20.7,14.1,0.9,90,12.4,5.0,4.3,8.0,0.9,11,6.9,inf
07-31,Rio Grande do Sul,Porto Alegre,Sul,13.9,21.8,7.8,0.0,78,8.9,18.7,25.6,14.1,0.0,85,8.4,4.8,3.8,6.3,0.0,7,-0.5,
08-01,Rio Grande do Sul,Porto Alegre,Sul,16.6,25.1,10.0,0.0,75,8.0,22.0,31.1,15.7,1.9,68,10.9,5.4,6.0,5.7,1.9,-7,2.9,inf
08-02,Rio Grande do Sul,Porto Alegre,Sul,20.9,29.6,14.4,1.3,69,7.2,17.8,21.5,15.5,0.1,84,8.5,-3.1,-8.1,1.1,-1.2,15,1.3,-92.31
08-03,Rio Grande do Sul,Porto Alegre,Sul,16.9,21.0,15.2,42.5,94,8.9,18.9,24.2,15.5,0.0,89,5.6,2.0,3.2,0.3,-42.5,-5,-3.3,-100.0
08-04,Rio Grande do Sul,Porto Alegre,Sul,15.0,16.4,13.2,13.8,94,12.8,21.0,24.6,18.1,1.1,83,6.6,6.0,8.2,4.9,-12.7,-11,-6.2,-92.03
08-05,Rio Grande do Sul,Porto Alegre,Sul,13.9,16.7,11.5,2.5,82,12.1,19.6,24.4,17.5,3.8,92,5.8,5.7,7.7,6.0,1.3,10,-6.3,52.0
08-06,Rio Grande do Sul,Porto Alegre,Sul,15.8,21.0,13.4,0.3,77,10.7,19.9,24.9,15.8,11.3,85,10.3,4.1,3.9,2.4,11.0,8,-0.4,3666.67
08-07,Rio Grande do Sul,Porto Alegre,Sul,15.6,19.4,13.3,8.3,86,8.7,14.2,18.3,10.7,0.3,72,16.6,-1.4,-1.1,-2.6,-8.0,-14,7.9,-96.39
08-08,Rio Grande do Sul,Porto Alegre,Sul,12.1,13.5,10.7,6.3,83,12.0,12.5,16.9,8.0,0.1,83,9.2,0.4,3.4,-2.7,-6.2,0,-2.8,-98.41
08-09,Rio Grande do Sul,Porto Alegre,Sul,12.0,14.8,10.0,0.7,76,9.6,11.8,15.6,9.2,0.0,70,6.9,-0.2,0.8,-0.8,-0.7,-6,-2.7,-100.0
08-10,Rio Grande do Sul,Porto Alegre,Sul,11.9,16.9,7.5,0.0,82,5.0,10.7,14.3,8.0,0.0,73,8.7,-1.2,-2.6,0.5,0.0,-9,3.7,
08-11,Rio Grande do Sul,Porto Alegre,Sul,11.7,17.1,8.2,0.0,84,3.4,11.8,17.1,7.3,4.6,77,11.4,0.1,0.0,-0.9,4.6,-7,8.0,inf
08-12,Rio Grande do Sul,Porto Alegre,Sul,12.5,19.8,6.4,0.0,80,3.8,13.3,15.0,11.7,53.2,96,8.5,0.8,-4.8,5.3,53.2,16,4.7,inf
08-13,Rio Grande do Sul,Porto Alegre,Sul,13.9,21.0,9.0,0.0,79,9.6,14.7,16.3,13.8,20.2,96,10.4,0.8,-4.7,4.8,20.2,17,0.8,inf
08-14,Rio Grande do Sul,Porto Alegre,Sul,12.5,15.4,10.4,0.1,78,8.0,15.9,18.6,13.9,0.5,85,19.8,3.4,3.2,3.5,0.4,7,11.8,400.0
08-15,Rio Grande do Sul,Porto Alegre,Sul,14.1,18.4,10.6,0.0,81,14.1,18.6,23.5,15.2,14.1,84,18.1,4.5,5.1,4.6,14.1,3,4.0,inf
08-16,Rio Grande do Sul,Porto Alegre,Sul,15.7,20.2,12.1,0.5,81,11.9,18.8,21.1,16.9,23.5,93,12.4,3.1,0.9,4.8,23.0,12,0.5,4600.0
08-17,Rio Grande do Sul,Porto Alegre,Sul,16.6,22.4,13.4,0.0,83,7.7,22.0,29.9,18.4,0.0,78,8.5,5.4,7.5,5.0,0.0,-5,0.8,
08-18,Rio Grande do Sul,Porto Alegre,Sul,16.3,22.0,12.0,0.0,88,9.5,20.7,25.5,17.4,20.3,89,7.0,4.4,3.5,5.4,20.3,1,-2.5,inf
08-19,Rio Grande do Sul,Porto Alegre,Sul,18.5,23.3,15.3,2.2,83,12.8,18.8,21.2,17.5,16.1,95,8.3,0.3,-2.1,2.2,13.9,12,-4.5,631.82
06-01,Rondônia,Porto Velho,Norte,25.7,30.6,21.6,0.1,77,7.6,27.1,31.9,23.2,0.0,77,4.5,1.4,1.3,1.6,-0.1,0,-3.1,-100.0
06-02,Rondônia,Porto Velho,Norte,26.3,31.4,22.2,0.1,76,6.2,27.3,32.3,23.1,0.0,76,5.0,1.0,0.9,0.9,-0.1,0,-1.2,-100.0
06-03,Rondônia,Porto Velho,Norte,27.1,32.1,22.9,0.0,76,4.9,27.1,32.5,22.5,0.0,72,7.5,0.0,0.4,-0.4,0.0,-4,2.6,
06-04,Rondônia,Porto Velho,Norte,27.3,31.8,23.8,0.2,79,2.8,26.8,32.7,21.8,0.1,70,7.5,-0.5,0.9,-2.0,-0.1,-9,4.7,-50.0
06-05,Rondônia,Porto Velho,Norte,27.1,31.6,23.7,0.9,83,3.6,26.4,31.0,23.3,2.7,81,5.2,-0.7,-0.6,-0.4,1.8,-2,1.6,200.0
06-06,Rondônia,Porto Velho,Norte,26.8,32.3,23.1,1.1,83,2.9,25.7,30.2,23.2,9.6,90,4.4,-1.1,-2.1,0.1,8.5,7,1.5,772.73
06-07,Rondônia,Porto Velho,Norte,27.4,32.4,23.5,1.5,79,4.9,26.8,31.4,23.2,0.3,82,3.5,-0.6,-1.0,-0.3,-1.2,3,-1.4,-80.0
06-08,Rondônia,Porto Velho,Norte,27.4,32.3,23.3,0.6,81,3.6,26.9,31.8,23.4,2.5,83,5.2,-0.5,-0.5,0.1,1.9,2,1.6,316.67
06-09,Rondônia,Porto Velho,Norte,28.0,33.4,23.4,0.0,71,4.7,24.1,24.9,22.9,37.0,97,5.1,-3.9,-8.5,-0.5,37.0,26,0.4,inf
06-10,Rondônia,Porto Velho,Norte,26.5,31.3,22.4,0.2,77,6.2,24.4,26.6,22.9,3.0,90,6.4,-2.1,-4.7,0.5,2.8,13,0.2,1400.0
06-11,Rondônia,Porto Velho,Norte,26.3,30.8,23.3,0.2,75,8.3,25.8,30.5,22.5,1.0,86,4.4,-0.5,-0.3,-0.8,0.8,11,-3.9,400.0
06-12,Rondônia,Porto Velho,Norte,26.0,30.9,22.1,0.0,78,5.4,26.8,31.7,23.3,0.6,83,5.4,0.8,0.8,1.2,0.6,5,0.0,inf
06-13,Rondônia,Porto Velho,Norte,26.1,30.8,22.7,0.3,80,4.2,27.0,31.5,23.2,0.7,83,3.8,0.9,0.7,0.5,0.4,3,-0.4,133.33
06-14,Rondônia,Porto Velho,Norte,27.2,32.0,23.5,0.2,80,4.4,27.4,32.3,23.9,2.5,84,3.5,0.2,0.3,0.4,2.3,4,-0.9,1150.0
06-15,Rondônia,Porto Velho,Norte,25.5,30.2,22.9,8.3,88,6.0,27.8,32.8,24.2,0.7,79,5.1,2.3,2.6,1.3,-7.6,-9,-0.9,-91.57
06-16,Rondônia,Porto Velho,Norte,26.4,30.5,24.4,6.2,86,4.3,26.9,31.0,23.7,2.7,83,5.8,0.5,0.5,-0.7,-3.5,-3,1.5,-56.45
06-17,Rondônia,Porto Velho,Norte,27.2,32.2,23.6,0.1,77,5.1,26.2,31.2,23.2,6.9,85,5.5,-1.0,-1.0,-0.4,6.8,8,0.4,6800.0
06-18,Rondônia,Porto Velho,Norte,27.6,32.6,23.4,0.0,75,3.7,25.4,29.0,22.6,4.2,87,6.1,-2.2,-3.6,-0.8,4.2,12,2.4,inf
06-19,Rondônia,Porto Velho,Norte,27.9,33.1,23.8,0.0,69,5.4,26.3,30.9,22.7,0.0,84,2.9,-1.6,-2.2,-1.1,0.0,15,-2.5,
06-20,Rondônia,Porto Velho,Norte,26.8,33.0,21.7,0.0,72,6.0,26.4,31.3,23.1,3.6,84,5.3,-0.4,-1.7,1.4,3.6,12,-0.7,inf
06-21,Rondônia,Porto Velho,Norte,27.0,32.6,22.7,0.0,75,4.6,26.8,31.3,22.6,0.8,82,3.9,-0.2,-1.3,-0.1,0.8,7,-0.7,inf
06-22,Rondônia,Porto Velho,Norte,26.8,31.5,22.9,0.5,77,6.3,26.7,31.2,23.6,1.6,85,3.3,-0.1,-0.3,0.7,1.1,8,-3.0,220.0
06-23,Rondônia,Porto Velho,Norte,27.1,31.0,24.3,0.4,80,5.9,26.8,31.5,23.3,0.9,84,3.7,-0.3,0.5,-1.0,0.5,4,-2.2,125.0
06-24,Rondônia,Porto Velho,Norte,25.6,28.9,23.5,6.7,86,6.8,24.5,28.4,22.8,12.5,92,6.9,-1.1,-0.5,-0.7,5.8,6,0.1,86.57
06-25,Rondônia,Porto Velho,Norte,25.6,30.0,22.7,0.0,80,6.0,23.8,28.4,20.6,0.0,82,7.4,-1.8,-1.6,-2.1,0.0,2,1.4,
06-26,Rondônia,Porto Velho,Norte,26.0,30.9,22.4,0.3,79,4.5,24.8,29.8,21.0,0.0,81,7.6,-1.2,-1.1,-1.4,-0.3,2,3.1,-100.0
06-27,Rondônia,Porto Velho,Norte,26.8,31.8,23.0,0.3,77,6.3,25.4,30.1,22.0,0.5,83,6.5,-1.4,-1.7,-1.0,0.2,6,0.2,66.67
06-28,Rondônia,Porto Velho,Norte,27.2,32.9,22.8,0.0,76,5.1,26.1,31.2,22.3,0.4,81,5.2,-1.1,-1.7,-0.5,0.4,5,0.1,inf
06-29,Rondônia,Porto Velho,Norte,28.0,33.9,23.6,0.0,73,4.3,26.5,30.9,22.9,3.1,84,4.4,-1.5,-3.0,-0.7,3.1,11,0.1,inf
06-30,Rondônia,Porto Velho,Norte,27.0,32.6,22.8,0.0,70,9.3,27.2,32.7,22.9,0.3,78,4.7,0.2,0.1,0.1,0.3,8,-4.6,inf
07-01,Rondônia,Porto Velho,Norte,23.7,28.1,20.2,0.0,69,12.3,27.2,31.6,23.3,0.7,79,4.1,3.5,3.5,3.1,0.7,10,-8.2,inf
07-02,Rondônia,Porto Velho,Norte,22.8,28.1,18.5,0.0,70,10.5,27.8,33.3,23.2,0.4,73,6.4,5.0,5.2,4.7,0.4,3,-4.1,inf
07-03,Rondônia,Porto Velho,Norte,23.5,28.7,19.4,0.0,69,10.3,26.7,31.6,22.4,0.0,70,9.7,3.2,2.9,3.0,0.0,1,-0.6,
07-04,Rondônia,Porto Velho,Norte,24.1,30.3,19.2,0.0,72,7.1,25.5,30.6,21.0,0.1,72,7.4,1.4,0.3,1.8,0.1,0,0.3,inf
07-05,Rondônia,Porto Velho,Norte,25.6,31.7,20.8,0.0,71,6.0,25.9,31.0,21.3,0.0,78,3.9,0.3,-0.7,0.5,0.0,7,-2.1,
07-06,Rondônia,Porto Velho,Norte,26.6,32.5,21.9,0.0,66,4.3,26.6,31.6,22.6,0.0,75,5.2,0.0,-0.9,0.7,0.0,9,0.9,
07-07,Rondônia,Porto Velho,Norte,26.4,33.0,21.2,0.0,67,3.1,26.7,31.5,22.6,0.0,73,8.4,0.3,-1.5,1.4,0.0,6,5.3,
07-08,Rondônia,Porto Velho,Norte,26.6,33.1,21.3,0.0,63,6.7,26.2,31.2,22.0,0.0,76,5.5,-0.4,-1.9,0.7,0.0,13,-1.2,
07-09,Rondônia,Porto Velho,Norte,26.4,33.1,20.8,0.0,60,5.6,27.0,31.4,23.1,0.3,79,3.4,0.6,-1.7,2.3,0.3,19,-2.2,inf
07-10,Rondônia,Porto Velho,Norte,26.6,33.2,20.9,0.0,64,5.5,26.7,31.8,23.8,1.4,84,2.7,0.1,-1.4,2.9,1.4,20,-2.8,inf
07-11,Rondônia,Porto Velho,Norte,26.8,33.6,21.4,0.0,63,7.7,26.5,31.4,23.9,1.4,86,4.2,-0.3,-2.2,2.5,1.4,23,-3.5,inf
07-12,Rondônia,Porto Velho,Norte,26.9,33.7,21.7,0.0,58,7.7,24.3,25.9,23.5,6.1,94,4.0,-2.6,-7.8,1.8,6.1,36,-3.7,inf
07-13,Rondônia,Porto Velho,Norte,26.4,33.4,20.4,0.0,59,6.1,25.9,30.4,22.2,0.1,81,4.0,-0.5,-3.0,1.8,0.1,22,-2.1,inf
07-14,Rondônia,Porto Velho,Norte,26.7,33.5,20.8,0.0,60,4.5,26.8,31.6,22.6,0.1,79,3.3,0.1,-1.9,1.8,0.1,19,-1.2,inf
07-15,Rondônia,Porto Velho,Norte,26.8,34.0,20.9,0.0,65,4.7,27.1,31.3,23.4,0.5,78,3.2,0.3,-2.7,2.5,0.5,13,-1.5,inf
07-16,Rondônia,Porto Velho,Norte,27.2,33.9,22.2,0.0,65,4.1,27.4,32.5,23.5,1.2,80,4.9,0.2,-1.4,1.3,1.2,15,0.8,inf
07-17,Rondônia,Porto Velho,Norte,27.4,33.6,22.5,0.0,64,6.9,26.4,30.5,23.9,2.3,87,4.4,-1.0,-3.1,1.4,2.3,23,-2.5,inf
07-18,Rondônia,Porto Velho,Norte,26.8,32.5,23.0,0.0,62,9.1,27.4,32.2,23.4,0.5,82,3.9,0.6,-0.3,0.4,0.5,20,-5.2,inf
07-19,Rondônia,Porto Velho,Norte,26.3,33.1,20.6,0.0,63,5.8,27.8,32.7,23.7,0.3,77,6.0,1.5,-0.4,3.1,0.3,14,0.2,inf
07-20,Rondônia,Porto Velho,Norte,26.6,33.2,20.9,0.0,64,4.0,28.0,33.1,23.7,0.0,72,6.3,1.4,-0.1,2.8,0.0,8,2.3,
07-21,Rondônia,Porto Velho,Norte,27.3,34.2,21.6,0.0,65,2.9,27.8,33.0,23.2,0.0,73,6.5,0.5,-1.2,1.6,0.0,8,3.6,
07-22,Rondônia,Porto Velho,Norte,27.8,34.5,22.8,0.0,62,4.3,27.8,32.6,23.8,0.0,75,5.5,0.0,-1.9,1.0,0.0,13,1.2,
07-23,Rondônia,Porto Velho,Norte,27.9,35.2,21.6,0.0,59,4.3,28.1,33.4,23.6,0.0,73,4.5,0.2,-1.8,2.0,0.0,14,0.2,
07-24,Rondônia,Porto Velho,Norte,28.2,35.8,22.7,0.0,60,2.8,28.2,33.1,23.9,0.5,75,2.9,0.0,-2.7,1.2,0.5,15,0.1,inf
07-25,Rondônia,Porto Velho,Norte,28.0,35.3,22.2,0.0,64,4.0,28.7,33.5,24.4,0.1,74,2.3,0.7,-1.8,2.2,0.1,10,-1.7,inf
07-26,Rondônia,Porto Velho,Norte,28.6,34.9,23.6,0.0,61,6.1,28.1,33.3,23.5,0.1,75,4.4,-0.5,-1.6,-0.1,0.1,14,-1.7,inf
07-27,Rondônia,Porto Velho,Norte,28.5,34.6,23.3,0.0,63,5.7,26.5,30.8,23.6,3.0,83,4.4,-2.0,-3.8,0.3,3.0,20,-1.3,inf
07-28,Rondônia,Porto Velho,Norte,28.0,34.2,23.9,0.3,74,5.1,27.7,32.8,23.5,0.5,78,3.8,-0.3,-1.4,-0.4,0.2,4,-1.3,66.67
07-29,Rondônia,Porto Velho,Norte,26.8,32.8,23.3,3.2,80,5.6,28.2,32.9,23.9,0.4,77,3.6,1.4,0.1,0.6,-2.8,-3,-2.0,-87.5
07-30,Rondônia,Porto Velho,Norte,26.8,32.8,22.1,0.0,70,5.4,28.4,33.9,24.1,0.5,77,3.7,1.6,1.1,2.0,0.5,7,-1.7,inf
07-31,Rondônia,Porto Velho,Norte,28.0,33.7,23.5,0.0,70,3.7,27.0,31.4,24.6,2.5,81,5.0,-1.0,-2.3,1.1,2.5,11,1.3,inf
08-01,Rondônia,Porto Velho,Norte,28.5,34.3,24.4,0.3,69,4.3,27.2,32.7,23.4,3.6,80,4.8,-1.3,-1.6,-1.0,3.3,11,0.5,1100.0
08-02,Rondônia,Porto Velho,Norte,25.6,28.9,22.4,11.9,83,6.0,27.7,32.9,23.3,0.0,78,5.2,2.1,4.0,0.9,-11.9,-5,-0.8,-100.0
08-03,Rondônia,Porto Velho,Norte,26.6,30.5,23.7,1.8,84,3.2,27.8,33.1,23.8,0.3,75,5.0,1.2,2.6,0.1,-1.5,-9,1.8,-83.33
08-04,Rondônia,Porto Velho,Norte,26.4,31.2,23.6,2.5,81,4.2,26.6,31.9,23.3,5.0,84,4.2,0.2,0.7,-0.3,2.5,3,0.0,100.0
08-05,Rondônia,Porto Velho,Norte,25.8,31.6,22.5,13.7,83,6.0,26.8,32.1,23.3,4.1,83,3.3,1.0,0.5,0.8,-9.6,0,-2.7,-70.07
08-06,Rondônia,Porto Velho,Norte,27.1,33.3,22.8,0.0,73,5.5,28.7,33.5,24.4,0.2,73,4.2,1.6,0.2,1.6,0.2,0,-1.3,inf
08-07,Rondônia,Porto Velho,Norte,27.7,33.3,22.8,0.0,72,3.4,28.2,33.6,24.2,2.0,76,5.7,0.5,0.3,1.4,2.0,4,2.3,inf
08-08,Rondônia,Porto Velho,Norte,27.9,33.7,24.3,0.1,71,4.6,28.7,33.8,24.4,0.2,75,5.7,0.8,0.1,0.1,0.1,4,1.1,100.0
08-09,Rondônia,Porto Velho,Norte,27.4,32.4,24.0,0.0,64,7.8,29.2,34.2,24.7,0.0,70,6.0,1.8,1.8,0.7,0.0,6,-1.8,
08-10,Rondônia,Porto Velho,Norte,25.8,31.8,20.8,0.0,60,6.9,29.5,34.6,24.9,0.8,70,5.0,3.7,2.8,4.1,0.8,10,-1.9,inf
08-11,Rondônia,Porto Velho,Norte,27.4,33.6,22.2,0.0,61,5.0,27.0,32.3,23.2,6.6,78,6.2,-0.4,-1.3,1.0,6.6,17,1.2,inf
08-12,Rondônia,Porto Velho,Norte,27.9,34.5,22.5,0.0,60,5.2,25.9,31.0,23.2,30.3,87,6.8,-2.0,-3.5,0.7,30.3,27,1.6,inf
08-13,Rondônia,Porto Velho,Norte,28.7,35.0,23.4,0.0,60,2.7,27.4,33.0,22.5,19.1,78,4.4,-1.3,-2.0,-0.9,19.1,18,1.7,inf
08-14,Rondônia,Porto Velho,Norte,29.2,36.0,23.8,0.0,51,8.2,28.5,33.8,24.1,0.0,74,3.2,-0.7,-2.2,0.3,0.0,23,-5.0,
08-15,Rondônia,Porto Velho,Norte,28.1,36.4,21.4,0.0,46,7.3,28.8,34.4,23.7,0.0,70,5.8,0.7,-2.0,2.3,0.0,24,-1.5,
08-16,Rondônia,Porto Velho,Norte,28.2,35.1,22.4,0.0,56,5.1,28.7,34.8,23.0,0.0,64,7.0,0.5,-0.3,0.6,0.0,8,1.9,
08-17,Rondônia,Porto Velho,Norte,26.1,29.3,23.9,3.9,80,5.5,28.8,34.5,23.7,0.0,67,6.3,2.7,5.2,-0.2,-3.9,-13,0.8,-100.0
08-18,Rondônia,Porto Velho,Norte,27.6,34.4,23.2,0.0,76,4.5,27.9,32.8,24.8,1.6,77,5.5,0.3,-1.6,1.6,1.6,1,1.0,inf
08-19,Rondônia,Porto Velho,Norte,28.3,34.1,23.7,0.5,71,5.7,26.7,30.7,23.9,6.0,84,5.2,-1.6,-3.4,0.2,5.5,13,-0.5,1100.0
06-01,Roraima,Boa Vista,Norte,25.8,30.2,22.9,14.1,86,5.0,26.2,30.5,23.3,3.2,83,4.6,0.4,0.3,0.4,-10.9,-3,-0.4,-77.3
06-02,Roraima,Boa Vista,Norte,25.5,30.1,22.9,16.2,87,6.8,25.7,30.0,23.3,28.8,89,5.3,0.2,-0.1,0.4,12.6,2,-1.5,77.78
06-03,Roraima,Boa Vista,Norte,25.9,29.9,23.1,6.3,84,7.9,25.5,28.2,23.1,31.9,91,5.3,-0.4,-1.7,0.0,25.6,7,-2.6,406.35
06-04,Roraima,Boa Vista,Norte,26.5,31.0,23.6,2.4,81,8.5,25.7,29.3,23.5,15.0,91,5.4,-0.8,-1.7,-0.1,12.6,10,-3.1,525.0
06-05,Roraima,Boa Vista,Norte,26.7,30.6,23.3,5.8,78,9.2,25.0,28.3,23.1,24.1,92,5.3,-1.7,-2.3,-0.2,18.3,14,-3.9,315.52
06-06,Roraima,Boa Vista,Norte,26.8,29.6,24.1,4.6,80,5.5,24.1,25.7,23.3,81.7,94,3.7,-2.7,-3.9,-0.8,77.1,14,-1.8,1676.09
06-07,Roraima,Boa Vista,Norte,25.8,30.4,22.7,10.8,85,6.3,26.0,30.2,23.0,1.6,83,4.9,0.2,-0.2,0.3,-9.2,-2,-1.4,-85.19
06-08,Roraima,Boa Vista,Norte,25.9,30.2,23.0,11.9,84,4.9,25.6,29.3,23.7,8.4,87,8.6,-0.3,-0.9,0.7,-3.5,3,3.7,-29.41
06-09,Roraima,Boa Vista,Norte,24.8,28.2,22.8,21.9,91,8.4,26.6,30.8,23.5,2.2,80,8.0,1.8,2.6,0.7,-19.7,-11,-0.4,-89.95
06-10,Roraima,Boa Vista,Norte,26.2,30.0,23.2,5.9,84,4.9,25.8,28.8,23.8,2.8,85,7.0,-0.4,-1.2,0.6,-3.1,1,2.1,-52.54
06-11,Roraima,Boa Vista,Norte,25.8,29.5,22.4,11.4,85,5.2,26.2,30.0,23.0,0.9,82,4.5,0.4,0.5,0.6,-10.5,-3,-0.7,-92.11
06-12,Roraima,Boa Vista,Norte,25.0,28.2,22.5,17.9,88,3.9,27.2,30.8,23.7,0.1,78,11.2,2.2,2.6,1.2,-17.8,-10,7.3,-99.44
06-13,Roraima,Boa Vista,Norte,26.5,31.0,22.8,1.0,82,7.6,27.8,32.4,24.5,4.0,73,10.9,1.3,1.4,1.7,3.0,-9,3.3,300.0
06-14,Roraima,Boa Vista,Norte,26.2,30.1,23.4,25.0,83,9.4,27.4,32.4,23.3,2.8,76,5.8,1.2,2.3,-0.1,-22.2,-7,-3.6,-88.8
06-15,Roraima,Boa Vista,Norte,26.2,30.4,23.3,1.9,83,7.2,25.5,28.6,23.5,3.2,86,5.9,-0.7,-1.8,0.2,1.3,3,-1.3,68.42
06-16,Roraima,Boa Vista,Norte,27.3,31.3,23.9,0.2,77,11.0,26.7,31.3,22.5,1.3,76,5.8,-0.6,0.0,-1.4,1.1,-1,-5.2,550.0
06-17,Roraima,Boa Vista,Norte,25.6,29.5,23.0,12.4,86,7.8,26.6,30.3,23.2,5.2,79,8.3,1.0,0.8,0.2,-7.2,-7,0.5,-58.06
06-18,Roraima,Boa Vista,Norte,26.0,29.1,23.5,14.2,85,5.6,26.3,30.4,22.4,2.2,82,5.3,0.3,1.3,-1.1,-12.0,-3,-0.3,-84.51
06-19,Roraima,Boa Vista,Norte,26.2,31.3,23.3,5.2,84,6.0,26.1,30.2,22.5,9.7,83,4.1,-0.1,-1.1,-0.8,4.5,-1,-1.9,86.54
06-20,Roraima,Boa Vista,Norte,25.2,28.5,23.1,24.9,88,5.2,26.8,31.0,23.4,0.6,80,5.3,1.6,2.5,0.3,-24.3,-8,0.1,-97.59
06-21,Roraima,Boa Vista,Norte,25.0,27.6,23.2,3.3,87,4.9,27.2,31.5,23.1,5.3,80,7.2,2.2,3.9,-0.1,2.0,-7,2.3,60.61
06-22,Roraima,Boa Vista,Norte,25.9,30.9,21.7,1.2,82,5.7,27.8,31.8,24.6,1.2,74,10.8,1.9,0.9,2.9,0.0,-8,5.1,0.0
06-23,Roraima,Boa Vista,Norte,26.7,31.4,23.1,0.4,79,6.5,26.4,29.9,24.0,11.0,84,6.2,-0.3,-1.5,0.9,10.6,5,-0.3,2650.0
06-24,Roraima,Boa Vista,Norte,27.2,31.5,23.9,0.0,76,8.0,25.4,29.6,23.1,20.9,90,5.1,-1.8,-1.9,-0.8,20.9,14,-2.9,inf
06-25,Roraima,Boa Vista,Norte,26.1,30.6,22.7,22.8,83,8.6,26.7,31.2,23.2,1.4,83,5.4,0.6,0.6,0.5,-21.4,0,-3.2,-93.86
06-26,Roraima,Boa Vista,Norte,26.2,30.9,23.0,4.4,84,6.8,25.5,29.6,22.4,13.7,87,6.1,-0.7,-1.3,-0.6,9.3,3,-0.7,211.36
06-27,Roraima,Boa Vista,Norte,27.3,32.2,23.3,1.6,78,5.6,26.2,29.8,24.2,9.2,88,5.3,-1.1,-2.4,0.9,7.6,10,-0.3,475.0
06-28,Roraima,Boa Vista,Norte,26.3,29.8,23.7,2.4,85,3.9,27.2,31.7,24.1,4.4,79,7.5,0.9,1.9,0.4,2.0,-6,3.6,83.33
06-29,Roraima,Boa Vista,Norte,25.0,29.6,22.1,35.9,88,6.2,26.6,30.4,24.1,6.3,85,8.4,1.6,0.8,2.0,-29.6,-3,2.2,-82.45
06-30,Roraima,Boa Vista,Norte,26.9,31.0,23.3,0.3,78,7.1,26.6,31.0,23.1,15.5,83,5.9,-0.3,0.0,-0.2,15.2,5,-1.2,5066.67
07-01,Roraima,Boa Vista,Norte,27.7,31.8,24.1,0.0,74,9.7,26.3,30.6,23.8,7.9,87,3.4,-1.4,-1.2,-0.3,7.9,13,-6.3,inf
07-02,Roraima,Boa Vista,Norte,25.6,29.6,23.2,27.0,86,6.7,26.3,31.1,23.4,16.8,85,6.1,0.7,1.5,0.2,-10.2,-1,-0.6,-37.78
07-03,Roraima,Boa Vista,Norte,24.4,28.2,22.1,16.6,88,6.3,25.6,29.2,23.6,27.3,88,5.0,1.2,1.0,1.5,10.7,0,-1.3,64.46
07-04,Roraima,Boa Vista,Norte,24.3,27.7,22.4,9.9,88,4.2,24.8,27.0,23.3,35.2,93,4.8,0.5,-0.7,0.9,25.3,5,0.6,255.56
07-05,Roraima,Boa Vista,Norte,23.6,27.0,21.6,20.4,91,3.5,24.6,27.2,23.2,51.5,94,4.1,1.0,0.2,1.6,31.1,3,0.6,152.45
07-06,Roraima,Boa Vista,Norte,24.9,29.4,21.4,15.6,85,4.5,26.4,30.6,23.0,10.5,84,4.1,1.5,1.2,1.6,-5.1,-1,-0.4,-32.69
07-07,Roraima,Boa Vista,Norte,25.3,28.8,22.4,6.4,84,4.0,26.9,31.0,23.6,6.6,83,6.0,1.6,2.2,1.2,0.2,-1,2.0,3.12
07-08,Roraima,Boa Vista,Norte,26.2,30.3,23.3,9.0,81,3.6,25.1,26.7,22.9,19.3,91,6.6,-1.1,-3.6,-0.4,10.3,10,3.0,114.44
07-09,Roraima,Boa Vista,Norte,25.4,30.2,22.5,6.7,85,4.3,27.8,31.6,24.6,1.5,75,10.8,2.4,1.4,2.1,-5.2,-10,6.5,-77.61
07-10,Roraima,Boa Vista,Norte,25.1,28.4,22.3,13.4,88,6.8,27.2,30.7,24.6,6.2,78,10.0,2.1,2.3,2.3,-7.2,-10,3.2,-53.73
07-11,Roraima,Boa Vista,Norte,25.1,28.7,22.4,14.8,85,4.4,27.7,31.9,24.3,1.1,73,10.9,2.6,3.2,1.9,-13.7,-12,6.5,-92.57
07-12,Roraima,Boa Vista,Norte,23.8,26.5,21.8,18.4,89,4.7,27.4,31.6,24.3,3.2,75,7.4,3.6,5.1,2.5,-15.2,-14,2.7,-82.61
07-13,Roraima,Boa Vista,Norte,25.4,29.8,22.1,6.1,84,3.5,26.2,31.1,23.3,6.8,85,5.8,0.8,1.3,1.2,0.7,1,2.3,11.48
07-14,Roraima,Boa Vista,Norte,25.1,28.5,22.7,14.6,89,4.9,26.4,30.8,22.7,10.0,82,9.2,1.3,2.3,0.0,-4.6,-7,4.3,-31.51
07-15,Roraima,Boa Vista,Norte,25.0,28.7,22.4,11.0,87,5.3,27.9,32.0,24.1,0.4,71,10.0,2.9,3.3,1.7,-10.6,-16,4.7,-96.36
07-16,Roraima,Boa Vista,Norte,25.4,29.5,22.2,14.7,84,6.0,27.8,32.3,24.6,1.0,75,10.0,2.4,2.8,2.4,-13.7,-9,4.0,-93.2
07-17,Roraima,Boa Vista,Norte,25.4,29.1,22.0,12.4,85,5.4,27.5,31.0,24.3,4.6,80,8.9,2.1,1.9,2.3,-7.8,-5,3.5,-62.9
07-18,Roraima,Boa Vista,Norte,25.1,28.7,22.8,17.8,86,3.4,27.6,32.2,23.9,1.1,79,7.2,2.5,3.5,1.1,-16.7,-7,3.8,-93.82
07-19,Roraima,Boa Vista,Norte,26.0,30.3,22.6,1.7,82,5.6,27.8,32.4,23.3,0.4,75,5.7,1.8,2.1,0.7,-1.3,-7,0.1,-76.47
07-20,Roraima,Boa Vista,Norte,25.4,29.4,22.7,27.2,87,4.9,26.8,30.8,24.1,4.4,81,6.8,1.4,1.4,1.4,-22.8,-6,1.9,-83.82
07-21,Roraima,Boa Vista,Norte,24.9,28.6,22.8,19.7,88,4.7,27.2,30.9,23.7,4.6,81,6.3,2.3,2.3,0.9,-15.1,-7,1.6,-76.65
07-22,Roraima,Boa Vista,Norte,25.9,30.2,22.5,5.7,84,4.3,27.7,31.7,24.2,1.0,74,8.1,1.8,1.5,1.7,-4.7,-10,3.8,-82.46
07-23,Roraima,Boa Vista,Norte,26.9,31.9,23.0,1.6,79,4.7,28.1,33.1,23.3,0.1,70,8.2,1.2,1.2,0.3,-1.5,-9,3.5,-93.75
07-24,Roraima,Boa Vista,Norte,27.0,31.4,22.6,1.5,79,4.6,28.4,33.1,24.4,1.3,70,8.9,1.4,1.7,1.8,-0.2,-9,4.3,-13.33
07-25,Roraima,Boa Vista,Norte,25.9,30.4,22.7,5.3,84,5.5,28.1,32.2,22.7,6.9,74,8.9,2.2,1.8,0.0,1.6,-10,3.4,30.19
07-26,Roraima,Boa Vista,Norte,26.4,30.9,23.0,14.9,82,6.5,27.7,32.5,23.5,7.2,75,7.8,1.3,1.6,0.5,-7.7,-7,1.3,-51.68
07-27,Roraima,Boa Vista,Norte,26.7,31.4,22.7,5.0,80,7.3,25.9,30.0,23.5,17.3,88,6.2,-0.8,-1.4,0.8,12.3,8,-1.1,246.0
07-28,Roraima,Boa Vista,Norte,27.2,31.4,23.3,6.5,77,8.4,27.0,31.6,23.3,2.4,81,6.5,-0.2,0.2,0.0,-4.1,4,-1.9,-63.08
07-29,Roraima,Boa Vista,Norte,26.1,30.5,22.7,2.1,83,4.2,26.6,31.1,23.3,4.2,83,6.7,0.5,0.6,0.6,2.1,0,2.5,100.0
07-30,Roraima,Boa Vista,Norte,27.4,31.8,22.7,0.0,78,4.1,27.9,31.8,24.4,0.6,73,9.4,0.5,0.0,1.7,0.6,-5,5.3,inf
07-31,Roraima,Boa Vista,Norte,27.4,31.2,23.6,0.2,76,7.1,28.1,32.3,24.2,0.4,72,7.7,0.7,1.1,0.6,0.2,-4,0.6,100.0
08-01,Roraima,Boa Vista,Norte,27.2,31.6,23.2,0.8,78,8.7,28.1,32.4,24.2,0.8,71,8.4,0.9,0.8,1.0,0.0,-7,-0.3,0.0
08-02,Roraima,Boa Vista,Norte,27.3,31.9,23.5,0.7,74,9.6,28.2,32.1,24.6,0.1,67,8.3,0.9,0.2,1.1,-0.6,-7,-1.3,-85.71
08-03,Roraima,Boa Vista,Norte,27.4,32.4,22.9,0.0,69,7.6,28.0,31.9,24.8,0.3,72,8.6,0.6,-0.5,1.9,0.3,3,1.0,inf
08-04,Roraima,Boa Vista,Norte,27.6,32.8,22.9,0.0,69,5.5,27.8,32.2,24.9,2.1,75,8.9,0.2,-0.6,2.0,2.1,6,3.4,inf
08-05,Roraima,Boa Vista,Norte,27.9,32.8,23.6,0.0,70,7.8,28.0,31.9,24.6,0.6,73,8.1,0.1,-0.9,1.0,0.6,3,0.3,inf
08-06,Roraima,Boa Vista,Norte,25.7,29.6,22.3,5.6,83,6.6,28.2,32.2,25.1,1.7,74,9.2,2.5,2.6,2.8,-3.9,-9,2.6,-69.64
08-07,Roraima,Boa Vista,Norte,25.7,28.4,23.4,4.1,84,6.3,28.4,32.9,24.7,0.0,72,7.6,2.7,4.5,1.3,-4.1,-12,1.3,-100.0
08-08,Roraima,Boa Vista,Norte,25.2,27.9,23.7,2.0,86,3.2,28.4,32.7,24.3,0.6,74,6.1,3.2,4.8,0.6,-1.4,-12,2.9,-70.0
08-09,Roraima,Boa Vista,Norte,26.0,29.9,22.3,4.2,80,4.1,29.0,33.5,24.4,0.0,68,6.8,3.0,3.6,2.1,-4.2,-12,2.7,-100.0
08-10,Roraima,Boa Vista,Norte,26.2,30.2,22.9,12.3,80,7.5,29.2,33.4,25.2,0.2,66,8.7,3.0,3.2,2.3,-12.1,-14,1.2,-98.37
08-11,Roraima,Boa Vista,Norte,25.5,30.1,22.4,21.5,85,4.0,28.7,33.6,25.0,1.1,68,7.1,3.2,3.5,2.6,-20.4,-17,3.1,-94.88
08-12,Roraima,Boa Vista,Norte,25.8,29.4,22.2,1.9,83,4.1,28.7,33.3,24.6,1.0,72,4.6,2.9,3.9,2.4,-0.9,-11,0.5,-47.37
08-13,Roraima,Boa Vista,Norte,27.1,31.5,23.1,0.0,78,3.9,27.8,32.8,23.9,12.7,77,7.5,0.7,1.3,0.8,12.7,-1,3.6,inf
08-14,Roraima,Boa Vista,Norte,26.0,30.1,22.7,20.8,84,6.5,26.5,29.9,24.2,8.0,87,4.7,0.5,-0.2,1.5,-12.8,3,-1.8,-61.54
08-15,Roraima,Boa Vista,Norte,25.8,30.2,23.5,2.0,87,3.2,28.5,32.9,24.5,0.7,76,6.1,2.7,2.7,1.0,-1.3,-11,2.9,-65.0
08-16,Roraima,Boa Vista,Norte,26.6,31.6,22.5,0.2,81,4.4,28.8,32.9,25.1,1.1,71,7.5,2.2,1.3,2.6,0.9,-10,3.1,450.0
08-17,Roraima,Boa Vista,Norte,27.0,30.9,23.6,1.1,82,4.3,28.6,32.8,24.6,3.1,70,7.6,1.6,1.9,1.0,2.0,-12,3.3,181.82
08-18,Roraima,Boa Vista,Norte,27.2,31.6,22.9,1.1,78,4.7,28.4,33.3,23.7,0.3,73,7.6,1.2,1.7,0.8,-0.8,-5,2.9,-72.73
08-19,Roraima,Boa Vista,Norte,27.1,31.8,23.8,6.7,79,6.7,28.8,33.9,24.7,0.4,70,7.3,1.7,2.1,0.9,-6.3,-9,0.6,-94.03
06-01,Santa Catarina,Florianópolis,Sul,15.5,18.9,12.7,0.0,79,7.9,17.3,20.1,14.7,0.1,84,10.2,1.8,1.2,2.0,0.1,5,2.3,inf
06-02,Santa Catarina,Florianópolis,Sul,16.5,21.1,12.1,4.9,81,6.8,16.9,19.7,14.9,0.0,78,7.6,0.4,-1.4,2.8,-4.9,-3,0.8,-100.0
06-03,Santa Catarina,Florianópolis,Sul,18.2,21.6,15.6,0.7,90,5.8,16.8,21.4,12.9,1.5,86,4.2,-1.4,-0.2,-2.7,0.8,-4,-1.6,114.29
06-04,Santa Catarina,Florianópolis,Sul,19.1,24.6,15.4,1.4,87,5.1,18.7,22.4,16.3,1.9,88,4.8,-0.4,-2.2,0.9,0.5,1,-0.3,35.71
06-05,Santa Catarina,Florianópolis,Sul,19.0,21.6,17.6,3.8,93,7.3,18.6,22.0,15.3,0.0,82,10.4,-0.4,0.4,-2.3,-3.8,-11,3.1,-100.0
06-06,Santa Catarina,Florianópolis,Sul,18.3,20.8,16.7,0.0,77,11.7,17.8,23.8,13.5,0.0,86,5.5,-0.5,3.0,-3.2,0.0,9,-6.2,
06-07,Santa Catarina,Florianópolis,Sul,17.5,19.9,14.9,1.5,83,6.1,17.2,21.7,13.9,3.1,88,5.0,-0.3,1.8,-1.0,1.6,5,-1.1,106.67
06-08,Santa Catarina,Florianópolis,Sul,17.7,20.7,16.5,4.2,84,12.9,18.0,22.2,14.7,0.3,91,7.2,0.3,1.5,-1.8,-3.9,7,-5.7,-92.86
06-09,Santa Catarina,Florianópolis,Sul,16.6,19.8,13.8,0.1,74,12.3,17.9,22.4,15.7,3.9,88,7.8,1.3,2.6,1.9,3.8,14,-4.5,3800.0
06-10,Santa Catarina,Florianópolis,Sul,14.8,18.3,11.4,0.0,77,8.1,16.3,18.5,14.6,1.1,86,4.4,1.5,0.2,3.2,1.1,9,-3.7,inf
06-11,Santa Catarina,Florianópolis,Sul,13.9,18.5,9.6,0.0,73,8.2,17.4,20.4,15.7,0.4,93,4.2,3.5,1.9,6.1,0.4,20,-4.0,inf
06-12,Santa Catarina,Florianópolis,Sul,14.4,18.3,10.7,0.9,77,5.2,18.7,21.9,17.2,19.6,90,9.0,4.3,3.6,6.5,18.7,13,3.8,2077.78
06-13,Santa Catarina,Florianópolis,Sul,16.3,20.6,13.0,0.4,79,9.3,16.8,21.1,13.6,0.0,76,8.4,0.5,0.5,0.6,-0.4,-3,-0.9,-100.0
06-14,Santa Catarina,Florianópolis,Sul,19.4,22.0,17.3,1.3,76,18.4,15.7,19.6,12.9,0.1,83,9.3,-3.7,-2.4,-4.4,-1.2,7,-9.1,-92.31
06-15,Santa Catarina,Florianópolis,Sul,18.9,22.1,16.5,8.7,88,12.4,14.4,15.2,13.7,0.0,70,15.6,-4.5,-6.9,-2.8,-8.7,-18,3.2,-100.0
06-16,Santa Catarina,Florianópolis,Sul,16.8,21.5,12.8,0.1,85,6.9,14.5,18.0,12.3,0.0,76,5.7,-2.3,-3.5,-0.5,-0.1,-9,-1.2,-100.0
06-17,Santa Catarina,Florianópolis,Sul,19.7,24.4,16.4,0.0,89,12.7,14.0,19.8,9.7,0.0,77,8.5,-5.7,-4.6,-6.7,0.0,-12,-4.2,
06-18,Santa Catarina,Florianópolis,Sul,19.4,24.3,16.8,0.0,93,5.8,13.8,17.8,8.8,1.3,85,4.1,-5.6,-6.5,-8.0,1.3,-8,-1.7,inf
06-19,Santa Catarina,Florianópolis,Sul,19.5,23.6,17.6,8.6,92,5.3,17.0,21.2,13.7,0.8,86,12.6,-2.5,-2.4,-3.9,-7.8,-6,7.3,-90.7
06-20,Santa Catarina,Florianópolis,Sul,19.7,23.6,17.5,7.7,90,10.7,14.3,15.9,12.6,34.0,93,11.8,-5.4,-7.7,-4.9,26.3,3,1.1,341.56
06-21,Santa Catarina,Florianópolis,Sul,17.0,20.2,14.5,0.0,78,5.6,14.5,18.8,11.7,0.9,86,4.4,-2.5,-1.4,-2.8,0.9,8,-1.2,inf
06-22,Santa Catarina,Florianópolis,Sul,18.1,21.8,14.8,9.0,88,7.9,16.2,19.0,12.6,11.4,90,11.5,-1.9,-2.8,-2.2,2.4,2,3.6,26.67
06-23,Santa Catarina,Florianópolis,Sul,17.3,18.3,13.4,16.0,88,8.0,13.9,16.3,10.9,0.3,75,9.1,-3.4,-2.0,-2.5,-15.7,-13,1.1,-98.12
06-24,Santa Catarina,Florianópolis,Sul,11.5,15.9,7.7,0.0,39,14.3,10.7,14.7,7.9,0.0,75,4.7,-0.8,-1.2,0.2,0.0,36,-9.6,
06-25,Santa Catarina,Florianópolis,Sul,11.5,17.2,5.5,0.0,62,10.3,10.3,16.3,5.8,0.0,72,6.4,-1.2,-0.9,0.3,0.0,10,-3.9,
06-26,Santa Catarina,Florianópolis,Sul,13.3,14.6,12.1,37.4,91,7.2,12.9,20.7,7.0,0.0,78,6.3,-0.4,6.1,-5.1,-37.4,-13,-0.9,-100.0
06-27,Santa Catarina,Florianópolis,Sul,14.8,17.4,12.5,0.0,76,12.2,14.6,21.1,9.2,0.5,85,6.7,-0.2,3.7,-3.3,0.5,9,-5.5,inf
06-28,Santa Catarina,Florianópolis,Sul,16.0,18.9,12.7,0.9,85,8.8,17.5,21.0,15.3,2.4,95,10.9,1.5,2.1,2.6,1.5,10,2.1,166.67
06-29,Santa Catarina,Florianópolis,Sul,17.9,21.4,15.8,2.0,86,12.3,16.4,17.9,15.1,6.8,85,10.8,-1.5,-3.5,-0.7,4.8,-1,-1.5,240.0
06-30,Santa Catarina,Florianópolis,Sul,13.6,15.3,12.6,0.9,74,12.1,16.0,19.1,14.3,31.1,91,4.1,2.4,3.8,1.7,30.2,17,-8.0,3355.56
07-01,Santa Catarina,Florianópolis,Sul,11.1,12.8,8.7,0.0,61,9.5,16.7,21.6,15.2,31.8,95,6.0,5.6,8.8,6.5,31.8,34,-3.5,inf
07-02,Santa Catarina,Florianópolis,Sul,10.4,15.0,5.4,0.0,70,7.1,16.9,20.0,15.5,16.3,99,6.6,6.5,5.0,10.1,16.3,29,-0.5,inf
07-03,Santa Catarina,Florianópolis,Sul,12.6,17.0,8.3,0.1,78,8.6,12.7,15.0,10.5,3.1,78,14.9,0.1,-2.0,2.2,3.0,0,6.3,3000.0
07-04,Santa Catarina,Florianópolis,Sul,14.3,19.1,10.7,0.2,83,4.1,11.7,16.5,7.5,0.0,77,3.8,-2.6,-2.6,-3.2,-0.2,-6,-0.3,-100.0
07-05,Santa Catarina,Florianópolis,Sul,15.5,21.4,11.6,0.0,80,6.5,13.7,18.1,10.4,0.1,84,5.4,-1.8,-3.3,-1.2,0.1,4,-1.1,inf
07-06,Santa Catarina,Florianópolis,Sul,14.1,19.5,10.5,0.0,80,6.0,15.5,20.3,13.0,14.0,91,11.4,1.4,0.8,2.5,14.0,11,5.4,inf
07-07,Santa Catarina,Florianópolis,Sul,14.1,20.5,9.6,0.0,80,8.0,12.8,14.5,8.8,0.8,82,11.7,-1.3,-6.0,-0.8,0.8,2,3.7,inf
07-08,Santa Catarina,Florianópolis,Sul,14.2,19.2,10.0,0.0,84,8.4,11.8,17.9,7.8,0.0,78,4.9,-2.4,-1.3,-2.2,0.0,-6,-3.5,
07-09,Santa Catarina,Florianópolis,Sul,13.3,18.5,9.9,0.0,86,5.3,13.5,19.8,9.0,0.0,89,9.5,0.2,1.3,-0.9,0.0,3,4.2,
07-10,Santa Catarina,Florianópolis,Sul,14.5,19.7,10.2,0.2,85,6.0,14.4,18.3,11.1,23.5,92,4.3,-0.1,-1.4,0.9,23.3,7,-1.7,11650.0
07-11,Santa Catarina,Florianópolis,Sul,16.9,22.6,13.6,0.0,87,7.7,15.1,16.2,14.2,14.6,97,5.9,-1.8,-6.4,0.6,14.6,10,-1.8,inf
07-12,Santa Catarina,Florianópolis,Sul,15.3,18.7,12.9,0.0,92,3.9,15.6,18.8,13.4,0.2,86,11.6,0.3,0.1,0.5,0.2,-6,7.7,inf
07-13,Santa Catarina,Florianópolis,Sul,17.2,22.2,14.0,0.0,87,8.6,13.5,17.7,9.5,0.0,77,10.6,-3.7,-4.5,-4.5,0.0,-10,2.0,
07-14,Santa Catarina,Florianópolis,Sul,17.1,22.3,14.0,0.0,87,9.2,13.8,19.6,9.6,0.1,83,5.4,-3.3,-2.7,-4.4,0.1,-4,-3.8,inf
07-15,Santa Catarina,Florianópolis,Sul,17.3,21.9,15.0,0.0,91,7.5,15.8,20.1,11.7,0.0,86,13.0,-1.5,-1.8,-3.3,0.0,-5,5.5,
07-16,Santa Catarina,Florianópolis,Sul,17.1,22.1,14.3,0.0,90,10.5,16.9,21.0,15.2,0.0,89,13.1,-0.2,-1.1,0.9,0.0,-1,2.6,
07-17,Santa Catarina,Florianópolis,Sul,17.4,23.3,13.7,0.3,86,8.4,16.5,21.5,13.6,0.0,90,10.9,-0.9,-1.8,-0.1,-0.3,4,2.5,-100.0
07-18,Santa Catarina,Florianópolis,Sul,15.3,19.5,12.5,0.0,72,6.4,19.8,26.5,15.3,0.0,78,14.6,4.5,7.0,2.8,0.0,6,8.2,
07-19,Santa Catarina,Florianópolis,Sul,13.7,18.4,10.6,0.0,83,5.6,20.2,28.2,15.6,0.0,77,12.6,6.5,9.8,5.0,0.0,-6,7.0,
07-20,Santa Catarina,Florianópolis,Sul,14.6,19.9,11.6,0.0,87,5.9,19.6,25.4,15.7,0.0,80,8.7,5.0,5.5,4.1,0.0,-7,2.8,
07-21,Santa Catarina,Florianópolis,Sul,15.7,20.8,11.9,0.0,86,12.2,20.5,27.5,17.0,0.1,83,6.7,4.8,6.7,5.1,0.1,-3,-5.5,inf
07-22,Santa Catarina,Florianópolis,Sul,16.1,22.5,12.2,0.0,85,4.6,17.6,21.4,16.3,24.7,93,6.5,1.5,-1.1,4.1,24.7,8,1.9,inf
07-23,Santa Catarina,Florianópolis,Sul,15.2,17.8,13.1,0.0,81,15.7,17.7,21.5,15.8,0.1,80,13.4,2.5,3.7,2.7,0.1,-1,-2.3,inf
07-24,Santa Catarina,Florianópolis,Sul,14.5,15.9,14.0,6.5,80,5.4,15.9,20.8,11.6,0.0,84,4.4,1.4,4.9,-2.4,-6.5,4,-1.0,-100.0
07-25,Santa Catarina,Florianópolis,Sul,16.3,18.5,14.1,6.5,94,7.0,16.0,21.7,12.8,0.0,90,4.7,-0.3,3.2,-1.3,-6.5,-4,-2.3,-100.0
07-26,Santa Catarina,Florianópolis,Sul,18.7,23.6,16.4,0.0,87,10.6,16.7,21.5,13.7,9.4,91,10.0,-2.0,-2.1,-2.7,9.4,4,-0.6,inf
07-27,Santa Catarina,Florianópolis,Sul,17.6,20.7,15.2,7.4,93,7.4,18.9,25.6,16.1,1.5,93,9.2,1.3,4.9,0.9,-5.9,0,1.8,-79.73
07-28,Santa Catarina,Florianópolis,Sul,18.9,23.8,14.8,4.2,67,15.0,19.1,22.9,17.4,4.9,94,9.2,0.2,-0.9,2.6,0.7,27,-5.8,16.67
07-29,Santa Catarina,Florianópolis,Sul,14.8,19.3,10.6,0.0,55,10.0,17.7,20.3,16.0,11.2,90,9.4,2.9,1.0,5.4,11.2,35,-0.6,inf
07-30,Santa Catarina,Florianópolis,Sul,12.0,17.3,7.8,0.0,70,5.3,16.8,21.3,13.8,0.0,88,3.9,4.8,4.0,6.0,0.0,18,-1.4,
07-31,Santa Catarina,Florianópolis,Sul,13.6,19.4,8.9,0.0,79,7.8,17.5,21.7,14.3,0.1,90,10.9,3.9,2.3,5.4,0.1,11,3.1,inf
08-01,Santa Catarina,Florianópolis,Sul,15.5,20.3,11.0,0.0,82,14.0,19.2,22.1,17.2,0.5,88,17.1,3.7,1.8,6.2,0.5,6,3.1,inf
08-02,Santa Catarina,Florianópolis,Sul,17.8,21.8,16.4,0.0,87,16.1,18.2,21.4,16.0,0.0,88,12.2,0.4,-0.4,-0.4,0.0,1,-3.9,
08-03,Santa Catarina,Florianópolis,Sul,17.6,22.8,14.9,0.0,92,10.7,18.4,23.6,15.0,0.0,88,8.8,0.8,0.8,0.1,0.0,-4,-1.9,
08-04,Santa Catarina,Florianópolis,Sul,17.3,20.1,15.7,5.9,95,9.5,19.2,23.7,16.8,0.0,92,8.2,1.9,3.6,1.1,-5.9,-3,-1.3,-100.0
08-05,Santa Catarina,Florianópolis,Sul,15.4,16.1,14.9,3.1,83,14.9,18.9,21.6,17.5,15.5,97,5.0,3.5,5.5,2.6,12.4,14,-9.9,400.0
08-06,Santa Catarina,Florianópolis,Sul,16.6,19.9,14.5,0.0,77,5.3,20.0,24.3,16.5,0.1,87,9.9,3.4,4.4,2.0,0.1,10,4.6,inf
08-07,Santa Catarina,Florianópolis,Sul,16.7,22.2,12.8,0.0,83,8.3,18.0,23.5,15.7,1.4,81,15.5,1.3,1.3,2.9,1.4,-2,7.2,inf
08-08,Santa Catarina,Florianópolis,Sul,14.5,15.8,11.8,37.1,89,10.7,17.0,19.8,15.0,2.4,87,8.1,2.5,4.0,3.2,-34.7,-2,-2.6,-93.53
08-09,Santa Catarina,Florianópolis,Sul,12.4,17.9,8.2,1.0,78,5.6,14.9,17.1,12.8,5.4,79,16.0,2.5,-0.8,4.6,4.4,1,10.4,440.0
08-10,Santa Catarina,Florianópolis,Sul,13.3,18.8,8.8,0.0,75,7.3,14.2,16.4,12.9,0.1,61,15.2,0.9,-2.4,4.1,0.1,-14,7.9,inf
08-11,Santa Catarina,Florianópolis,Sul,13.2,18.8,9.0,0.0,79,6.1,14.1,17.8,12.2,6.5,75,4.7,0.9,-1.0,3.2,6.5,-4,-1.4,inf
08-12,Santa Catarina,Florianópolis,Sul,13.7,19.9,9.1,0.0,81,8.4,14.4,15.7,13.2,19.1,96,6.6,0.7,-4.2,4.1,19.1,15,-1.8,inf
08-13,Santa Catarina,Florianópolis,Sul,15.5,22.5,11.1,0.0,77,8.4,17.1,20.4,14.9,19.8,94,6.9,1.6,-2.1,3.8,19.8,17,-1.5,inf
08-14,Santa Catarina,Florianópolis,Sul,14.8,18.7,11.6,0.0,78,11.3,17.2,17.8,16.7,18.5,96,13.4,2.4,-0.9,5.1,18.5,18,2.1,inf
08-15,Santa Catarina,Florianópolis,Sul,15.4,18.7,11.2,0.3,79,5.7,18.0,18.8,16.9,59.8,97,9.3,2.6,0.1,5.7,59.5,18,3.6,19833.33
08-16,Santa Catarina,Florianópolis,Sul,16.1,19.9,13.2,0.3,84,6.2,20.0,21.3,18.7,1.7,93,17.1,3.9,1.4,5.5,1.4,9,10.9,466.67
08-17,Santa Catarina,Florianópolis,Sul,17.4,23.1,13.9,0.0,84,9.7,20.8,24.1,19.0,0.2,91,14.7,3.4,1.0,5.1,0.2,7,5.0,inf
08-18,Santa Catarina,Florianópolis,Sul,16.4,21.2,12.6,0.0,88,5.0,21.5,28.1,18.6,0.0,92,9.6,5.1,6.9,6.0,0.0,4,4.6,
08-19,Santa Catarina,Florianópolis,Sul,18.0,20.6,15.5,2.7,90,13.7,20.5,24.6,18.4,0.0,90,13.3,2.5,4.0,2.9,-2.7,0,-0.4,-100.0
06-01,São Paulo,São Paulo,Sudeste,16.8,23.4,12.4,0.1,77,4.9,15.1,20.2,13.1,0.0,85,5.1,-1.7,-3.2,0.7,-0.1,8,0.2,-100.0
06-02,São Paulo,São Paulo,Sudeste,18.5,23.6,15.6,0.0,76,7.7,15.0,20.1,11.3,0.0,82,7.6,-3.5,-3.5,-4.3,0.0,6,-0.1,
06-03,São Paulo,São Paulo,Sudeste,17.8,22.7,14.8,1.8,81,6.4,16.7,22.0,14.1,0.0,80,8.4,-1.1,-0.7,-0.7,-1.8,-1,2.0,-100.0
06-04,São Paulo,São Paulo,Sudeste,20.0,25.4,14.6,0.0,70,7.3,16.7,22.4,14.0,0.0,80,9.1,-3.3,-3.0,-0.6,0.0,10,1.8,
06-05,São Paulo,São Paulo,Sudeste,19.9,26.0,16.6,4.8,75,8.2,15.6,21.1,11.5,0.0,78,7.6,-4.3,-4.9,-5.1,-4.8,3,-0.6,-100.0
06-06,São Paulo,São Paulo,Sudeste,17.6,19.5,16.4,2.2,87,6.4,16.1,22.5,11.5,0.0,69,6.2,-1.5,3.0,-4.9,-2.2,-18,-0.2,-100.0
06-07,São Paulo,São Paulo,Sudeste,17.6,20.7,15.3,0.0,87,4.8,16.4,22.8,10.3,0.0,63,4.2,-1.2,2.1,-5.0,0.0,-24,-0.6,
06-08,São Paulo,São Paulo,Sudeste,17.5,21.9,14.8,4.0,86,6.7,16.8,23.7,9.2,0.0,64,6.0,-0.7,1.8,-5.6,-4.0,-22,-0.7,-100.0
06-09,São Paulo,São Paulo,Sudeste,15.6,18.8,14.2,8.1,90,4.1,17.5,23.6,11.4,0.0,61,6.3,1.9,4.8,-2.8,-8.1,-29,2.2,-100.0
06-10,São Paulo,São Paulo,Sudeste,14.5,17.3,12.9,1.8,87,6.2,17.5,24.5,12.0,3.8,69,3.2,3.0,7.2,-0.9,2.0,-18,-3.0,111.11
06-11,São Paulo,São Paulo,Sudeste,12.9,15.8,10.2,0.4,86,7.7,16.6,19.0,15.1,7.4,87,6.1,3.7,3.2,4.9,7.0,1,-1.6,1750.0
06-12,São Paulo,São Paulo,Sudeste,11.7,14.9,9.8,0.4,83,9.4,17.0,19.9,14.3,2.7,84,13.9,5.3,5.0,4.5,2.3,1,4.5,575.0
06-13,São Paulo,São Paulo,Sudeste,12.6,17.6,9.0,0.0,83,10.4,17.8,22.0,15.4,3.9,85,14.0,5.2,4.4,6.4,3.9,2,3.6,inf
06-14,São Paulo,São Paulo,Sudeste,13.8,20.5,9.1,0.0,75,10.1,18.4,21.7,15.8,1.2,86,8.9,4.6,1.2,6.7,1.2,11,-1.2,inf
06-15,São Paulo,São Paulo,Sudeste,15.4,19.8,12.1,1.1,69,10.2,15.7,16.8,14.3,17.0,93,7.2,0.3,-3.0,2.2,15.9,24,-3.0,1445.45
06-16,São Paulo,São Paulo,Sudeste,16.7,22.6,10.9,0.0,77,4.4,15.0,17.6,13.7,1.0,90,5.6,-1.7,-5.0,2.8,1.0,13,1.2,inf
06-17,São Paulo,São Paulo,Sudeste,17.3,23.8,11.7,0.0,71,6.4,14.0,18.9,10.0,0.0,81,3.2,-3.3,-4.9,-1.7,0.0,10,-3.2,
06-18,São Paulo,São Paulo,Sudeste,17.4,22.7,11.8,0.0,62,7.4,12.9,18.2,9.6,0.0,78,8.2,-4.5,-4.5,-2.2,0.0,16,0.8,
06-19,São Paulo,São Paulo,Sudeste,18.9,24.9,13.0,0.0,61,5.5,15.6,23.3,9.6,0.0,75,8.6,-3.3,-1.6,-3.4,0.0,14,3.1,
06-20,São Paulo,São Paulo,Sudeste,19.1,24.9,12.5,0.0,61,7.2,17.7,22.8,13.4,7.1,74,9.2,-1.4,-2.1,0.9,7.1,13,2.0,inf
06-21,São Paulo,São Paulo,Sudeste,18.7,23.2,16.1,2.8,69,8.4,15.6,20.4,11.4,0.0,78,5.3,-3.1,-2.8,-4.7,-2.8,9,-3.1,-100.0
06-22,São Paulo,São Paulo,Sudeste,19.2,23.6,16.0,1.3,72,6.6,17.8,25.1,10.9,0.0,65,9.0,-1.4,1.5,-5.1,-1.3,-7,2.4,-100.0
06-23,São Paulo,São Paulo,Sudeste,19.3,24.7,16.9,7.9,68,16.5,17.3,20.8,13.1,26.3,85,9.7,-2.0,-3.9,-3.8,18.4,17,-6.8,232.91
06-24,São Paulo,São Paulo,Sudeste,13.5,16.7,7.9,4.6,73,11.2,12.8,14.9,11.6,21.3,93,5.6,-0.7,-1.8,3.7,16.7,20,-5.6,363.04
06-25,São Paulo,São Paulo,Sudeste,11.0,17.1,5.5,0.0,76,7.2,11.4,12.6,10.7,3.8,95,7.6,0.4,-4.5,5.2,3.8,19,0.4,inf
06-26,São Paulo,São Paulo,Sudeste,17.8,24.9,10.7,0.0,68,9.8,15.2,19.7,11.3,0.5,92,5.3,-2.6,-5.2,0.6,0.5,24,-4.5,inf
06-27,São Paulo,São Paulo,Sudeste,18.2,23.6,15.7,7.6,82,8.1,18.2,24.2,14.4,0.0,86,4.2,0.0,0.6,-1.3,-7.6,4,-3.9,-100.0
06-28,São Paulo,São Paulo,Sudeste,19.0,24.9,15.4,0.0,81,7.6,19.1,25.1,14.7,0.0,78,6.4,0.1,0.2,-0.7,0.0,-3,-1.2,
06-29,São Paulo,São Paulo,Sudeste,21.0,25.4,17.7,0.0,62,14.2,20.0,25.5,16.4,0.1,72,7.6,-1.0,0.1,-1.3,0.1,10,-6.6,inf
06-30,São Paulo,São Paulo,Sudeste,17.0,21.7,14.8,0.1,85,8.2,20.1,26.0,15.9,0.0,72,7.1,3.1,4.3,1.1,-0.1,-13,-1.1,-100.0
07-01,São Paulo,São Paulo,Sudeste,13.6,14.9,11.4,0.4,89,10.5,20.8,26.2,16.6,0.0,64,8.9,7.2,11.3,5.2,-0.4,-25,-1.6,-100.0
07-02,São Paulo,São Paulo,Sudeste,11.3,12.5,10.7,0.6,89,10.8,20.0,25.7,15.4,0.0,66,6.6,8.7,13.2,4.7,-0.6,-23,-4.2,-100.0
07-03,São Paulo,São Paulo,Sudeste,12.0,14.3,10.6,2.0,88,8.9,18.1,25.4,13.7,0.1,76,6.8,6.1,11.1,3.1,-1.9,-12,-2.1,-95.0
07-04,São Paulo,São Paulo,Sudeste,13.8,18.5,11.8,0.4,85,8.3,15.3,18.9,12.7,0.0,85,7.0,1.5,0.4,0.9,-0.4,0,-1.3,-100.0
07-05,São Paulo,São Paulo,Sudeste,14.8,20.4,11.2,0.0,79,5.4,14.7,20.5,12.5,0.0,84,6.3,-0.1,0.1,1.3,0.0,5,0.9,
07-06,São Paulo,São Paulo,Sudeste,13.6,19.3,10.1,0.0,81,4.9,17.2,23.9,12.6,0.0,74,6.3,3.6,4.6,2.5,0.0,-7,1.4,
07-07,São Paulo,São Paulo,Sudeste,14.1,19.5,10.7,0.0,79,7.0,15.9,19.6,13.4,1.3,80,7.2,1.8,0.1,2.7,1.3,1,0.2,inf
07-08,São Paulo,São Paulo,Sudeste,15.9,22.3,11.5,0.0,70,6.0,16.0,21.4,13.0,0.0,73,4.0,0.1,-0.9,1.5,0.0,3,-2.0,
07-09,São Paulo,São Paulo,Sudeste,13.9,20.0,9.1,0.0,78,7.1,16.5,23.2,11.4,0.0,69,2.9,2.6,3.2,2.3,0.0,-9,-4.2,
07-10,São Paulo,São Paulo,Sudeste,15.2,21.4,11.7,0.0,76,7.9,18.3,25.6,11.2,0.0,58,7.4,3.1,4.2,-0.5,0.0,-18,-0.5,
07-11,São Paulo,São Paulo,Sudeste,16.6,22.0,12.1,0.1,74,5.2,19.7,27.1,11.9,0.3,61,8.7,3.1,5.1,-0.2,0.2,-13,3.5,200.0
07-12,São Paulo,São Paulo,Sudeste,17.6,22.9,13.6,0.0,66,7.8,17.0,22.4,13.3,7.5,81,12.7,-0.6,-0.5,-0.3,7.5,15,4.9,inf
07-13,São Paulo,São Paulo,Sudeste,16.9,22.5,14.0,0.0,64,8.4,13.2,17.1,9.8,0.6,73,8.9,-3.7,-5.4,-4.2,0.6,9,0.5,inf
07-14,São Paulo,São Paulo,Sudeste,15.8,21.8,11.6,0.0,68,5.5,12.7,18.0,9.1,0.1,79,8.9,-3.1,-3.8,-2.5,0.1,11,3.4,inf
07-15,São Paulo,São Paulo,Sudeste,15.9,22.5,9.3,0.0,63,4.8,14.6,21.6,9.6,0.0,72,7.9,-1.3,-0.9,0.3,0.0,9,3.1,
07-16,São Paulo,São Paulo,Sudeste,16.7,22.9,10.9,0.0,54,6.1,16.5,24.9,8.9,0.0,64,6.5,-0.2,2.0,-2.0,0.0,10,0.4,
07-17,São Paulo,São Paulo,Sudeste,17.6,23.8,10.4,0.0,48,7.4,17.5,24.4,12.1,0.0,51,9.8,-0.1,0.6,1.7,0.0,3,2.4,
07-18,São Paulo,São Paulo,Sudeste,18.1,24.0,13.6,0.0,57,9.9,17.9,23.7,13.0,0.0,51,12.6,-0.2,-0.3,-0.6,0.0,-6,2.7,
07-19,São Paulo,São Paulo,Sudeste,14.4,20.5,10.3,0.0,68,5.5,19.2,25.1,14.2,0.0,49,12.5,4.8,4.6,3.9,0.0,-19,7.0,
07-20,São Paulo,São Paulo,Sudeste,14.3,21.2,9.2,0.0,76,6.6,20.6,26.3,15.7,0.0,48,11.3,6.3,5.1,6.5,0.0,-28,4.7,
07-21,São Paulo,São Paulo,Sudeste,17.1,24.9,11.7,0.0,73,5.7,21.2,27.2,15.9,0.0,47,10.0,4.1,2.3,4.2,0.0,-26,4.3,
07-22,São Paulo,São Paulo,Sudeste,18.8,25.3,13.3,0.0,65,6.0,20.8,27.0,17.3,0.0,51,8.3,2.0,1.7,4.0,0.0,-14,2.3,
07-23,São Paulo,São Paulo,Sudeste,16.7,21.5,13.0,0.0,65,5.2,18.4,23.0,15.1,0.9,72,7.8,1.7,1.5,2.1,0.9,7,2.6,inf
07-24,São Paulo,São Paulo,Sudeste,16.0,22.1,12.5,0.1,79,8.8,15.1,17.2,13.2,7.5,87,5.2,-0.9,-4.9,0.7,7.4,8,-3.6,7400.0
07-25,São Paulo,São Paulo,Sudeste,15.8,18.6,13.6,5.1,85,5.9,16.2,19.3,13.9,1.1,86,5.6,0.4,0.7,0.3,-4.0,1,-0.3,-78.43
07-26,São Paulo,São Paulo,Sudeste,17.4,23.8,12.4,0.0,71,6.6,17.0,23.6,12.0,0.0,79,3.9,-0.4,-0.2,-0.4,0.0,8,-2.7,
07-27,São Paulo,São Paulo,Sudeste,19.8,26.5,12.6,0.0,58,9.7,18.7,26.7,11.1,0.0,72,2.6,-1.1,0.2,-1.5,0.0,14,-7.1,
07-28,São Paulo,São Paulo,Sudeste,20.2,23.3,17.2,1.7,63,20.1,20.5,27.5,13.8,0.0,61,7.1,0.3,4.2,-3.4,-1.7,-2,-13.0,-100.0
07-29,São Paulo,São Paulo,Sudeste,14.4,18.8,10.5,0.1,58,9.4,20.3,29.2,15.6,6.9,59,10.9,5.9,10.4,5.1,6.8,1,1.5,6800.0
07-30,São Paulo,São Paulo,Sudeste,11.4,16.4,7.6,0.0,69,7.2,16.5,20.9,13.5,0.0,77,8.0,5.1,4.5,5.9,0.0,8,0.8,
07-31,São Paulo,São Paulo,Sudeste,12.6,19.8,7.0,0.0,72,8.5,17.5,24.4,13.2,0.0,75,9.6,4.9,4.6,6.2,0.0,3,1.1,
08-01,São Paulo,São Paulo,Sudeste,15.8,23.7,9.2,0.0,68,8.2,19.1,26.6,13.2,0.0,64,7.3,3.3,2.9,4.0,0.0,-4,-0.9,
08-02,São Paulo,São Paulo,Sudeste,18.3,26.3,10.5,0.0,55,6.8,20.9,27.2,15.0,0.0,54,6.8,2.6,0.9,4.5,0.0,-1,0.0,
08-03,São Paulo,São Paulo,Sudeste,18.9,25.3,12.1,0.0,45,7.1,20.1,25.9,14.7,0.0,57,4.5,1.2,0.6,2.6,0.0,12,-2.6,
08-04,São Paulo,São Paulo,Sudeste,17.2,22.5,12.4,0.0,58,4.9,20.4,25.8,14.5,0.0,61,5.6,3.2,3.3,2.1,0.0,3,0.7,
08-05,São Paulo,São Paulo,Sudeste,15.9,20.0,13.4,0.8,79,7.0,21.6,27.9,15.4,0.6,52,6.9,5.7,7.9,2.0,-0.2,-27,-0.1,-25.0
08-06,São Paulo,São Paulo,Sudeste,15.5,18.9,13.6,0.5,80,9.9,21.1,27.7,16.5,2.2,63,11.3,5.6,8.8,2.9,1.7,-17,1.4,340.0
08-07,São Paulo,São Paulo,Sudeste,17.6,25.3,12.7,0.0,69,5.0,20.0,24.5,17.3,7.7,69,15.4,2.4,-0.8,4.6,7.7,0,10.4,inf
08-08,São Paulo,São Paulo,Sudeste,17.9,25.3,12.4,6.6,73,9.4,21.4,26.8,16.5,3.2,75,11.2,3.5,1.5,4.1,-3.4,2,1.8,-51.52
08-09,São Paulo,São Paulo,Sudeste,14.1,18.3,10.2,2.3,73,8.9,19.8,24.6,15.0,5.0,77,9.6,5.7,6.3,4.8,2.7,4,0.7,117.39
08-10,São Paulo,São Paulo,Sudeste,11.3,15.1,8.8,0.5,79,7.6,14.9,18.1,13.2,2.0,89,12.3,3.6,3.0,4.4,1.5,10,4.7,300.0
08-11,São Paulo,São Paulo,Sudeste,11.3,17.2,7.3,0.0,80,6.5,14.1,16.8,12.5,0.2,88,11.3,2.8,-0.4,5.2,0.2,8,4.8,inf
08-12,São Paulo,São Paulo,Sudeste,13.2,19.4,10.2,0.0,75,6.9,18.0,24.7,13.7,0.0,84,5.0,4.8,5.3,3.5,0.0,9,-1.9,
08-13,São Paulo,São Paulo,Sudeste,16.6,24.9,9.7,0.0,60,5.7,22.1,28.7,16.7,0.1,70,8.9,5.5,3.8,7.0,0.1,10,3.2,inf
08-14,São Paulo,São Paulo,Sudeste,14.6,19.2,11.7,0.0,70,8.0,20.3,25.7,17.0,0.5,79,7.1,5.7,6.5,5.3,0.5,9,-0.9,inf
08-15,São Paulo,São Paulo,Sudeste,14.8,20.7,10.7,0.0,74,11.0,18.5,22.1,16.4,8.2,88,6.7,3.7,1.4,5.7,8.2,14,-4.3,inf
08-16,São Paulo,São Paulo,Sudeste,16.3,23.4,12.8,0.0,77,9.2,19.8,26.3,15.1,0.0,78,8.9,3.5,2.9,2.3,0.0,1,-0.3,
08-17,São Paulo,São Paulo,Sudeste,17.9,25.5,13.6,0.0,75,6.2,21.3,28.8,14.9,0.0,72,6.7,3.4,3.3,1.3,0.0,-3,0.5,
08-18,São Paulo,São Paulo,Sudeste,16.7,23.6,12.5,0.0,77,7.0,23.1,30.1,16.0,0.0,58,5.1,6.4,6.5,3.5,0.0,-19,-1.9,
08-19,São Paulo,São Paulo,Sudeste,18.6,26.8,12.5,0.0,69,10.5,23.4,30.7,15.6,0.0,52,4.8,4.8,3.9,3.1,0.0,-17,-5.7,
06-01,Sergipe,Aracaju,Nordeste,24.7,27.1,22.5,4.1,85,8.4,25.3,28.2,22.3,3.2,81,9.5,0.6,1.1,-0.2,-0.9,-4,1.1,-21.95
06-02,Sergipe,Aracaju,Nordeste,24.3,25.7,22.9,19.0,87,12.4,25.9,28.0,22.6,0.0,71,8.6,1.6,2.3,-0.3,-19.0,-16,-3.8,-100.0
06-03,Sergipe,Aracaju,Nordeste,25.4,26.9,23.4,4.4,78,14.1,26.6,28.3,24.2,1.6,70,11.5,1.2,1.4,0.8,-2.8,-8,-2.6,-63.64
06-04,Sergipe,Aracaju,Nordeste,25.3,28.0,22.8,5.9,79,13.3,26.2,28.7,23.7,6.9,74,16.4,0.9,0.7,0.9,1.0,-5,3.1,16.95
06-05,Sergipe,Aracaju,Nordeste,26.0,28.3,24.3,1.3,75,10.2,25.0,27.6,23.4,6.8,79,16.2,-1.0,-0.7,-0.9,5.5,4,6.0,423.08
06-06,Sergipe,Aracaju,Nordeste,24.9,26.9,22.7,3.1,84,10.1,24.8,26.6,22.7,8.5,75,16.9,-0.1,-0.3,0.0,5.4,-9,6.8,174.19
06-07,Sergipe,Aracaju,Nordeste,25.4,27.2,23.8,2.4,80,11.4,25.9,27.4,24.8,0.6,67,12.5,0.5,0.2,1.0,-1.8,-13,1.1,-75.0
06-08,Sergipe,Aracaju,Nordeste,25.0,27.0,23.3,9.4,82,13.4,25.3,27.2,24.2,4.7,78,12.7,0.3,0.2,0.9,-4.7,-4,-0.7,-50.0
06-09,Sergipe,Aracaju,Nordeste,25.3,28.1,21.6,0.2,80,6.7,25.3,26.7,23.8,2.2,75,15.0,0.0,-1.4,2.2,2.0,-5,8.3,1000.0
06-10,Sergipe,Aracaju,Nordeste,25.5,28.0,22.6,1.3,87,7.5,25.7,27.6,24.4,1.2,76,12.8,0.2,-0.4,1.8,-0.1,-11,5.3,-7.69
06-11,Sergipe,Aracaju,Nordeste,25.8,28.4,23.5,1.0,81,7.3,25.8,27.3,24.3,0.1,75,11.1,0.0,-1.1,0.8,-0.9,-6,3.8,-90.0
06-12,Sergipe,Aracaju,Nordeste,25.6,27.8,23.0,1.0,77,9.0,25.8,28.1,23.7,0.0,73,6.5,0.2,0.3,0.7,-1.0,-4,-2.5,-100.0
06-13,Sergipe,Aracaju,Nordeste,23.8,25.1,22.4,25.8,87,14.9,25.7,28.5,22.9,0.3,79,6.1,1.9,3.4,0.5,-25.5,-8,-8.8,-98.84
06-14,Sergipe,Aracaju,Nordeste,24.9,27.3,23.2,10.3,73,23.9,26.1,28.0,23.8,0.4,77,9.3,1.2,0.7,0.6,-9.9,4,-14.6,-96.12
06-15,Sergipe,Aracaju,Nordeste,24.7,25.9,23.2,18.9,78,20.2,26.2,28.5,23.8,0.6,77,8.1,1.5,2.6,0.6,-18.3,-1,-12.1,-96.83
06-16,Sergipe,Aracaju,Nordeste,23.6,24.7,22.9,45.4,92,9.8,25.9,28.3,24.0,4.0,81,9.0,2.3,3.6,1.1,-41.4,-11,-0.8,-91.19
06-17,Sergipe,Aracaju,Nordeste,24.1,25.4,23.0,33.7,87,15.6,26.0,28.7,23.0,0.4,81,8.3,1.9,3.3,0.0,-33.3,-6,-7.3,-98.81
06-18,Sergipe,Aracaju,Nordeste,25.8,27.1,24.8,0.5,68,19.0,25.9,28.2,23.2,2.7,79,11.0,0.1,1.1,-1.6,2.2,11,-8.0,440.0
06-19,Sergipe,Aracaju,Nordeste,24.4,25.7,22.9,11.2,81,14.2,25.0,27.0,23.1,17.6,75,20.1,0.6,1.3,0.2,6.4,-6,5.9,57.14
06-20,Sergipe,Aracaju,Nordeste,24.9,26.9,22.8,5.2,79,11.3,24.4,26.1,22.4,5.7,78,13.6,-0.5,-0.8,-0.4,0.5,-1,2.3,9.62
06-21,Sergipe,Aracaju,Nordeste,25.3,26.8,24.1,1.7,77,11.5,24.6,27.5,20.6,0.0,72,9.2,-0.7,0.7,-3.5,-1.7,-5,-2.3,-100.0
06-22,Sergipe,Aracaju,Nordeste,25.2,27.1,23.7,0.2,76,9.6,25.0,27.8,21.0,0.6,72,11.1,-0.2,0.7,-2.7,0.4,-4,1.5,200.0
06-23,Sergipe,Aracaju,Nordeste,25.0,26.7,23.4,3.9,80,10.1,24.1,26.0,22.1,11.5,87,9.1,-0.9,-0.7,-1.3,7.6,7,-1.0,194.87
06-24,Sergipe,Aracaju,Nordeste,23.9,25.4,22.8,13.4,92,5.2,25.7,27.4,24.3,1.8,75,10.8,1.8,2.0,1.5,-11.6,-17,5.6,-86.57
06-25,Sergipe,Aracaju,Nordeste,24.8,26.2,22.8,5.8,85,10.4,25.0,27.4,22.6,11.4,80,11.2,0.2,1.2,-0.2,5.6,-5,0.8,96.55
06-26,Sergipe,Aracaju,Nordeste,25.4,27.4,23.5,2.5,77,16.1,25.2,26.8,23.5,15.8,84,15.8,-0.2,-0.6,0.0,13.3,7,-0.3,532.0
06-27,Sergipe,Aracaju,Nordeste,23.9,25.6,22.8,15.9,88,12.3,25.6,27.6,23.2,8.9,76,16.3,1.7,2.0,0.4,-7.0,-12,4.0,-44.03
06-28,Sergipe,Aracaju,Nordeste,25.4,27.5,23.0,3.0,74,16.1,24.7,26.3,23.4,11.6,80,13.7,-0.7,-1.2,0.4,8.6,6,-2.4,286.67
06-29,Sergipe,Aracaju,Nordeste,24.4,26.5,22.8,16.5,81,15.5,24.8,26.5,22.6,16.6,82,14.8,0.4,0.0,-0.2,0.1,1,-0.7,0.61
06-30,Sergipe,Aracaju,Nordeste,23.8,25.4,22.9,20.7,88,13.9,25.1,26.5,24.0,6.2,76,13.5,1.3,1.1,1.1,-14.5,-12,-0.4,-70.05
07-01,Sergipe,Aracaju,Nordeste,24.6,27.0,22.4,5.7,79,12.7,25.9,27.8,24.4,2.1,68,16.7,1.3,0.8,2.0,-3.6,-11,4.0,-63.16
07-02,Sergipe,Aracaju,Nordeste,25.1,27.4,23.9,0.3,69,15.2,25.4,27.8,23.3,3.1,73,13.7,0.3,0.4,-0.6,2.8,4,-1.5,933.33
07-03,Sergipe,Aracaju,Nordeste,24.2,26.5,21.6,6.2,76,15.8,24.8,26.8,22.5,10.3,80,12.9,0.6,0.3,0.9,4.1,4,-2.9,66.13
07-04,Sergipe,Aracaju,Nordeste,24.2,26.7,21.7,5.1,79,10.6,24.7,26.6,22.5,0.9,79,7.3,0.5,-0.1,0.8,-4.2,0,-3.3,-82.35
07-05,Sergipe,Aracaju,Nordeste,23.0,24.8,21.1,4.8,87,10.3,24.9,27.1,22.5,0.7,78,7.5,1.9,2.3,1.4,-4.1,-9,-2.8,-85.42
07-06,Sergipe,Aracaju,Nordeste,23.6,26.0,21.2,1.2,85,8.9,24.6,26.2,22.1,1.1,77,9.0,1.0,0.2,0.9,-0.1,-8,0.1,-8.33
07-07,Sergipe,Aracaju,Nordeste,23.3,25.4,22.0,17.7,88,13.3,24.5,27.0,20.3,0.0,74,8.0,1.2,1.6,-1.7,-17.7,-14,-5.3,-100.0
07-08,Sergipe,Aracaju,Nordeste,23.2,25.6,21.5,14.0,83,13.5,24.1,27.2,19.9,0.0,77,5.8,0.9,1.6,-1.6,-14.0,-6,-7.7,-100.0
07-09,Sergipe,Aracaju,Nordeste,23.7,26.0,21.0,0.9,76,11.7,24.3,27.3,20.3,0.0,76,7.4,0.6,1.3,-0.7,-0.9,0,-4.3,-100.0
07-10,Sergipe,Aracaju,Nordeste,24.2,26.2,22.4,0.8,74,13.4,25.4,27.4,23.9,0.0,70,9.6,1.2,1.2,1.5,-0.8,-4,-3.8,-100.0
07-11,Sergipe,Aracaju,Nordeste,24.1,25.7,23.0,2.6,77,16.3,25.1,27.8,21.6,0.0,72,8.0,1.0,2.1,-1.4,-2.6,-5,-8.3,-100.0
07-12,Sergipe,Aracaju,Nordeste,24.2,25.8,22.4,2.0,71,16.5,24.6,27.6,21.1,0.0,77,8.5,0.4,1.8,-1.3,-2.0,6,-8.0,-100.0
07-13,Sergipe,Aracaju,Nordeste,22.9,26.1,20.5,4.5,85,10.3,25.0,28.4,20.9,0.0,78,10.0,2.1,2.3,0.4,-4.5,-7,-0.3,-100.0
07-14,Sergipe,Aracaju,Nordeste,23.9,26.3,21.3,2.4,77,13.6,26.1,28.9,23.5,0.4,77,10.8,2.2,2.6,2.2,-2.0,0,-2.8,-83.33
07-15,Sergipe,Aracaju,Nordeste,24.5,26.2,23.3,0.2,72,14.0,24.6,26.0,23.2,12.3,77,18.9,0.1,-0.2,-0.1,12.1,5,4.9,6050.0
07-16,Sergipe,Aracaju,Nordeste,23.4,25.2,20.9,1.3,79,11.8,25.1,26.6,23.5,1.2,63,20.0,1.7,1.4,2.6,-0.1,-16,8.2,-7.69
07-17,Sergipe,Aracaju,Nordeste,23.1,25.6,20.3,6.6,85,9.7,25.0,26.8,23.5,3.6,66,16.0,1.9,1.2,3.2,-3.0,-19,6.3,-45.45
07-18,Sergipe,Aracaju,Nordeste,23.7,25.3,22.0,6.2,85,9.4,24.8,27.3,22.4,7.4,69,18.3,1.1,2.0,0.4,1.2,-16,8.9,19.35
07-19,Sergipe,Aracaju,Nordeste,24.5,26.6,22.6,2.6,82,10.0,24.0,25.7,22.2,13.1,79,15.6,-0.5,-0.9,-0.4,10.5,-3,5.6,403.85
07-20,Sergipe,Aracaju,Nordeste,24.2,25.9,22.7,1.4,80,11.8,24.6,26.7,22.2,12.7,79,11.6,0.4,0.8,-0.5,11.3,-1,-0.2,807.14
07-21,Sergipe,Aracaju,Nordeste,23.5,26.0,20.5,1.0,81,9.1,25.4,27.0,23.1,1.3,73,11.4,1.9,1.0,2.6,0.3,-8,2.3,30.0
07-22,Sergipe,Aracaju,Nordeste,24.1,26.1,22.2,1.1,83,10.0,24.7,26.8,22.5,7.4,80,11.6,0.6,0.7,0.3,6.3,-3,1.6,572.73
07-23,Sergipe,Aracaju,Nordeste,24.0,25.6,22.6,2.9,87,9.5,25.5,27.5,23.3,1.2,72,12.5,1.5,1.9,0.7,-1.7,-15,3.0,-58.62
07-24,Sergipe,Aracaju,Nordeste,24.8,26.7,22.4,2.4,78,14.6,25.6,27.3,24.0,0.0,68,9.9,0.8,0.6,1.6,-2.4,-10,-4.7,-100.0
07-25,Sergipe,Aracaju,Nordeste,24.2,26.0,22.4,1.1,77,12.5,26.0,27.7,25.2,0.0,69,10.6,1.8,1.7,2.8,-1.1,-8,-1.9,-100.0
07-26,Sergipe,Aracaju,Nordeste,24.8,27.0,23.3,0.0,65,12.8,25.4,27.5,23.2,0.4,74,8.2,0.6,0.5,-0.1,0.4,9,-4.6,inf
07-27,Sergipe,Aracaju,Nordeste,24.8,26.4,23.8,0.8,69,15.8,24.5,26.3,22.3,1.2,79,7.8,-0.3,-0.1,-1.5,0.4,10,-8.0,50.0
07-28,Sergipe,Aracaju,Nordeste,24.7,26.4,23.2,0.5,73,13.0,24.6,26.8,22.1,2.4,79,9.0,-0.1,0.4,-1.1,1.9,6,-4.0,380.0
07-29,Sergipe,Aracaju,Nordeste,25.1,27.2,23.5,0.2,76,9.2,25.4,27.7,23.6,1.1,71,11.3,0.3,0.5,0.1,0.9,-5,2.1,450.0
07-30,Sergipe,Aracaju,Nordeste,24.6,27.7,20.4,0.0,80,8.1,24.8,27.0,23.1,0.0,67,9.0,0.2,-0.7,2.7,0.0,-13,0.9,
07-31,Sergipe,Aracaju,Nordeste,25.3,27.4,22.9,1.1,71,12.9,24.2,27.1,21.4,6.5,76,11.0,-1.1,-0.3,-1.5,5.4,5,-1.9,490.91
08-01,Sergipe,Aracaju,Nordeste,22.7,24.3,21.5,25.0,90,13.8,24.9,26.8,22.6,4.5,67,17.0,2.2,2.5,1.1,-20.5,-23,3.2,-82.0
08-02,Sergipe,Aracaju,Nordeste,23.6,24.8,22.1,33.7,83,20.8,25.5,27.8,23.5,0.4,60,13.8,1.9,3.0,1.4,-33.3,-23,-7.0,-98.81
08-03,Sergipe,Aracaju,Nordeste,23.9,25.5,22.7,7.4,77,19.1,24.8,26.9,23.2,1.8,72,10.7,0.9,1.4,0.5,-5.6,-5,-8.4,-75.68
08-04,Sergipe,Aracaju,Nordeste,24.2,25.5,23.0,2.1,76,17.3,24.9,26.8,22.8,2.9,71,12.0,0.7,1.3,-0.2,0.8,-5,-5.3,38.1
08-05,Sergipe,Aracaju,Nordeste,23.7,25.0,21.8,3.2,83,11.7,25.3,27.7,22.5,0.4,71,7.8,1.6,2.7,0.7,-2.8,-12,-3.9,-87.5
08-06,Sergipe,Aracaju,Nordeste,24.4,26.7,22.6,1.8,78,12.2,24.9,27.5,21.3,0.3,77,8.2,0.5,0.8,-1.3,-1.5,-1,-4.0,-83.33
08-07,Sergipe,Aracaju,Nordeste,23.8,26.3,21.7,2.5,79,9.6,25.6,27.5,23.4,0.5,79,10.2,1.8,1.2,1.7,-2.0,0,0.6,-80.0
08-08,Sergipe,Aracaju,Nordeste,23.8,25.8,20.7,0.6,81,8.4,25.8,27.7,23.5,1.3,79,13.9,2.0,1.9,2.8,0.7,-2,5.5,116.67
08-09,Sergipe,Aracaju,Nordeste,24.3,26.5,21.1,0.2,84,8.0,26.0,28.3,24.6,1.5,76,13.5,1.7,1.8,3.5,1.3,-8,5.5,650.0
08-10,Sergipe,Aracaju,Nordeste,24.9,27.6,22.0,0.1,83,10.4,25.6,27.6,24.0,2.1,75,10.9,0.7,0.0,2.0,2.0,-8,0.5,2000.0
08-11,Sergipe,Aracaju,Nordeste,25.3,27.2,24.1,1.7,82,11.7,24.8,27.3,22.8,5.6,76,15.0,-0.5,0.1,-1.3,3.9,-6,3.3,229.41
08-12,Sergipe,Aracaju,Nordeste,24.9,27.2,23.3,1.7,79,11.6,24.5,27.3,22.4,7.7,79,10.9,-0.4,0.1,-0.9,6.0,0,-0.7,352.94
08-13,Sergipe,Aracaju,Nordeste,24.7,27.4,22.6,1.7,78,10.6,23.7,25.4,22.0,12.5,86,10.9,-1.0,-2.0,-0.6,10.8,8,0.3,635.29
08-14,Sergipe,Aracaju,Nordeste,25.2,27.6,23.5,1.2,71,12.1,25.2,27.2,23.0,1.2,81,9.0,0.0,-0.4,-0.5,0.0,10,-3.1,0.0
08-15,Sergipe,Aracaju,Nordeste,25.3,27.4,23.4,0.2,68,15.1,25.4,27.4,23.7,0.6,74,11.5,0.1,0.0,0.3,0.4,6,-3.6,200.0
08-16,Sergipe,Aracaju,Nordeste,25.5,27.7,23.9,0.4,63,15.3,25.1,27.1,22.4,3.7,76,13.6,-0.4,-0.6,-1.5,3.3,13,-1.7,825.0
08-17,Sergipe,Aracaju,Nordeste,25.2,27.0,23.5,0.2,65,13.4,24.9,27.2,22.6,7.7,77,17.0,-0.3,0.2,-0.9,7.5,12,3.6,3750.0
08-18,Sergipe,Aracaju,Nordeste,22.8,24.6,21.1,7.8,85,10.9,25.2,26.1,24.5,2.0,68,19.0,2.4,1.5,3.4,-5.8,-17,8.1,-74.36
08-19,Sergipe,Aracaju,Nordeste,24.1,25.9,21.8,1.2,70,18.5,25.2,27.1,23.8,0.0,68,13.0,1.1,1.2,2.0,-1.2,-2,-5.5,-100.0
06-01,Tocantins,Palmas,Norte,27.1,32.3,23.6,1.4,61,7.0,27.6,31.8,23.5,1.2,60,5.5,0.5,-0.5,-0.1,-0.2,-1,-1.5,-14.29
06-02,Tocantins,Palmas,Norte,27.1,32.3,22.7,0.0,63,6.4,27.8,32.7,23.6,0.1,59,4.8,0.7,0.4,0.9,0.1,-4,-1.6,inf
06-03,Tocantins,Palmas,Norte,26.8,32.1,23.2,0.0,59,10.5,27.3,32.8,23.4,0.0,57,7.8,0.5,0.7,0.2,0.0,-2,-2.7,
06-04,Tocantins,Palmas,Norte,26.5,32.6,22.2,0.0,59,9.2,27.5,32.1,24.1,0.0,56,14.1,1.0,-0.5,1.9,0.0,-3,4.9,
06-05,Tocantins,Palmas,Norte,26.5,32.9,21.9,0.0,60,9.0,27.3,32.5,23.4,0.0,53,12.5,0.8,-0.4,1.5,0.0,-7,3.5,
06-06,Tocantins,Palmas,Norte,26.1,31.9,21.1,0.0,62,6.8,26.8,32.3,22.1,0.0,53,8.3,0.7,0.4,1.0,0.0,-9,1.5,
06-07,Tocantins,Palmas,Norte,26.1,33.0,20.0,0.0,57,6.6,27.4,32.8,22.1,0.0,50,7.2,1.3,-0.2,2.1,0.0,-7,0.6,
06-08,Tocantins,Palmas,Norte,26.7,33.0,21.1,0.0,56,6.2,28.0,34.3,22.3,0.0,50,5.0,1.3,1.3,1.2,0.0,-6,-1.2,
06-09,Tocantins,Palmas,Norte,26.3,31.5,22.1,0.0,59,7.2,28.4,34.4,23.0,0.0,48,6.5,2.1,2.9,0.9,0.0,-11,-0.7,
06-10,Tocantins,Palmas,Norte,26.0,31.1,20.5,0.0,57,8.7,28.4,33.4,22.9,0.5,50,5.4,2.4,2.3,2.4,0.5,-7,-3.3,inf
06-11,Tocantins,Palmas,Norte,26.4,31.4,22.0,0.0,53,9.6,28.5,33.4,22.8,0.1,51,5.0,2.1,2.0,0.8,0.1,-2,-4.6,inf
06-12,Tocantins,Palmas,Norte,26.8,32.4,21.5,0.0,52,8.7,28.8,33.6,23.8,0.0,48,4.1,2.0,1.2,2.3,0.0,-4,-4.6,
06-13,Tocantins,Palmas,Norte,26.9,33.1,22.2,0.1,56,6.7,28.9,34.7,23.4,0.0,44,5.8,2.0,1.6,1.2,-0.1,-12,-0.9,-100.0
06-14,Tocantins,Palmas,Norte,27.1,32.7,22.9,0.0,50,10.8,28.7,34.7,23.0,0.0,45,4.8,1.6,2.0,0.1,0.0,-5,-6.0,
06-15,Tocantins,Palmas,Norte,26.4,32.2,22.2,0.0,49,9.5,29.9,35.6,24.1,0.0,43,2.9,3.5,3.4,1.9,0.0,-6,-6.6,
06-16,Tocantins,Palmas,Norte,26.6,33.3,20.5,0.0,50,7.3,29.9,36.3,24.6,0.2,42,3.1,3.3,3.0,4.1,0.2,-8,-4.2,inf
06-17,Tocantins,Palmas,Norte,27.5,33.6,22.2,0.0,48,8.2,29.4,35.6,24.0,0.4,42,4.7,1.9,2.0,1.8,0.4,-6,-3.5,inf
06-18,Tocantins,Palmas,Norte,27.9,34.2,23.2,0.0,47,9.6,27.8,32.9,23.7,2.9,57,3.7,-0.1,-1.3,0.5,2.9,10,-5.9,inf
06-19,Tocantins,Palmas,Norte,27.4,33.5,22.5,0.0,48,9.0,27.4,32.7,22.1,0.0,59,5.8,0.0,-0.8,-0.4,0.0,11,-3.2,
06-20,Tocantins,Palmas,Norte,27.1,33.5,22.3,0.0,42,8.7,25.5,29.6,22.5,0.3,65,7.1,-1.6,-3.9,0.2,0.3,23,-1.6,inf
06-21,Tocantins,Palmas,Norte,27.5,33.2,22.1,0.0,45,5.5,26.3,32.2,20.9,0.0,58,2.8,-1.2,-1.0,-1.2,0.0,13,-2.7,
06-22,Tocantins,Palmas,Norte,28.3,34.4,23.4,0.0,47,4.9,26.9,33.2,20.7,0.0,47,5.0,-1.4,-1.2,-2.7,0.0,0,0.1,
06-23,Tocantins,Palmas,Norte,27.8,34.3,21.6,0.0,47,5.1,27.0,33.7,20.5,0.0,42,5.7,-0.8,-0.6,-1.1,0.0,-5,0.6,
06-24,Tocantins,Palmas,Norte,28.7,34.1,24.4,0.0,42,7.4,28.1,34.4,22.1,0.0,37,4.4,-0.6,0.3,-2.3,0.0,-5,-3.0,
06-25,Tocantins,Palmas,Norte,28.4,35.3,21.9,0.0,38,6.4,28.8,34.6,22.5,0.0,33,7.2,0.4,-0.7,0.6,0.0,-5,0.8,
06-26,Tocantins,Palmas,Norte,28.5,34.8,22.8,0.0,38,9.9,28.0,33.5,23.8,0.0,37,14.3,-0.5,-1.3,1.0,0.0,-1,4.4,
06-27,Tocantins,Palmas,Norte,28.8,33.6,25.3,0.0,46,10.3,27.6,31.9,24.0,0.1,55,14.4,-1.2,-1.7,-1.3,0.1,9,4.1,inf
06-28,Tocantins,Palmas,Norte,28.2,34.0,23.6,0.0,43,10.1,27.4,32.4,23.2,0.0,52,10.1,-0.8,-1.6,-0.4,0.0,9,0.0,
06-29,Tocantins,Palmas,Norte,28.1,34.3,23.0,0.0,43,7.8,27.8,33.4,23.0,0.0,50,11.9,-0.3,-0.9,0.0,0.0,7,4.1,
06-30,Tocantins,Palmas,Norte,28.4,34.3,22.8,0.0,42,7.1,28.4,33.5,23.9,0.0,46,14.0,0.0,-0.8,1.1,0.0,4,6.9,
07-01,Tocantins,Palmas,Norte,27.8,34.2,21.9,0.0,42,7.6,28.1,33.2,24.6,0.0,42,13.7,0.3,-1.0,2.7,0.0,0,6.1,
07-02,Tocantins,Palmas,Norte,28.4,33.3,24.6,0.0,48,9.2,27.6,32.8,23.2,0.0,37,13.7,-0.8,-0.5,-1.4,0.0,-11,4.5,
07-03,Tocantins,Palmas,Norte,27.6,33.6,22.9,0.0,44,10.5,27.6,33.2,23.4,0.0,39,10.8,0.0,-0.4,0.5,0.0,-5,0.3,
07-04,Tocantins,Palmas,Norte,27.0,32.4,22.8,0.0,40,10.9,27.7,33.9,21.0,0.0,42,5.4,0.7,1.5,-1.8,0.0,2,-5.5,
07-05,Tocantins,Palmas,Norte,26.9,33.1,21.4,0.0,40,8.1,28.4,34.1,21.9,0.0,43,4.3,1.5,1.0,0.5,0.0,3,-3.8,
07-06,Tocantins,Palmas,Norte,27.3,32.9,21.8,0.0,39,6.8,28.9,34.5,23.3,0.0,42,5.0,1.6,1.6,1.5,0.0,3,-1.8,
07-07,Tocantins,Palmas,Norte,27.8,33.6,22.0,0.0,38,6.3,28.1,32.8,23.2,0.0,42,6.3,0.3,-0.8,1.2,0.0,4,0.0,
07-08,Tocantins,Palmas,Norte,27.7,33.4,22.1,0.0,38,7.5,28.5,36.0,21.9,0.0,39,5.8,0.8,2.6,-0.2,0.0,1,-1.7,
07-09,Tocantins,Palmas,Norte,27.9,33.8,22.2,0.0,38,8.5,28.6,34.3,22.5,0.0,41,7.3,0.7,0.5,0.3,0.0,3,-1.2,
07-10,Tocantins,Palmas,Norte,28.2,33.6,24.0,0.0,34,11.1,27.8,33.3,22.6,0.4,51,4.6,-0.4,-0.3,-1.4,0.4,17,-6.5,inf
07-11,Tocantins,Palmas,Norte,27.5,32.9,23.1,0.0,35,12.3,27.9,33.5,21.9,0.1,54,5.4,0.4,0.6,-1.2,0.1,19,-6.9,inf
07-12,Tocantins,Palmas,Norte,27.0,33.2,21.6,0.0,40,10.8,28.1,32.9,24.2,0.1,55,6.1,1.1,-0.3,2.6,0.1,15,-4.7,inf
07-13,Tocantins,Palmas,Norte,26.8,31.8,23.3,0.0,38,14.7,29.0,33.6,24.2,0.3,48,5.4,2.2,1.8,0.9,0.3,10,-9.3,inf
07-14,Tocantins,Palmas,Norte,26.3,32.3,21.5,0.0,36,11.0,29.3,33.8,24.9,0.5,50,5.1,3.0,1.5,3.4,0.5,14,-5.9,inf
07-15,Tocantins,Palmas,Norte,26.8,32.7,21.1,0.0,39,7.7,26.5,30.5,24.1,10.9,73,7.4,-0.3,-2.2,3.0,10.9,34,-0.3,inf
07-16,Tocantins,Palmas,Norte,27.4,33.3,21.6,0.0,40,5.0,26.6,31.7,22.1,0.0,60,8.2,-0.8,-1.6,0.5,0.0,20,3.2,
07-17,Tocantins,Palmas,Norte,27.3,33.0,21.4,0.0,39,6.1,26.2,32.0,21.6,0.0,44,11.8,-1.1,-1.0,0.2,0.0,5,5.7,
07-18,Tocantins,Palmas,Norte,26.6,33.1,20.3,0.0,36,4.3,26.5,32.6,22.2,0.0,44,12.5,-0.1,-0.5,1.9,0.0,8,8.2,
07-19,Tocantins,Palmas,Norte,28.0,34.6,22.4,0.0,34,6.1,27.0,33.1,22.6,0.0,42,12.6,-1.0,-1.5,0.2,0.0,8,6.5,
07-20,Tocantins,Palmas,Norte,28.4,34.7,22.7,0.0,36,4.8,27.4,33.4,23.0,0.0,43,10.6,-1.0,-1.3,0.3,0.0,7,5.8,
07-21,Tocantins,Palmas,Norte,28.3,34.4,22.5,0.0,35,5.2,28.2,34.7,22.2,0.0,43,7.3,-0.1,0.3,-0.3,0.0,8,2.1,
07-22,Tocantins,Palmas,Norte,28.2,34.8,21.9,0.0,33,7.0,27.8,34.2,22.0,0.0,40,7.1,-0.4,-0.6,0.1,0.0,7,0.1,
07-23,Tocantins,Palmas,Norte,28.8,35.0,22.8,0.0,35,5.4,29.4,35.1,22.9,0.0,38,3.2,0.6,0.1,0.1,0.0,3,-2.2,
07-24,Tocantins,Palmas,Norte,28.7,34.9,22.7,0.0,34,6.9,29.5,34.5,24.6,0.1,39,6.7,0.8,-0.4,1.9,0.1,5,-0.2,inf
07-25,Tocantins,Palmas,Norte,29.0,35.3,23.7,0.0,35,8.2,29.8,36.7,24.1,0.0,39,4.7,0.8,1.4,0.4,0.0,4,-3.5,
07-26,Tocantins,Palmas,Norte,28.1,34.6,22.6,0.0,38,8.9,29.5,35.3,24.4,0.1,38,4.0,1.4,0.7,1.8,0.1,0,-4.9,inf
07-27,Tocantins,Palmas,Norte,28.2,34.2,23.3,0.0,36,11.1,29.7,35.9,23.4,0.0,34,6.7,1.5,1.7,0.1,0.0,-2,-4.4,
07-28,Tocantins,Palmas,Norte,28.2,34.5,22.3,0.0,35,5.2,29.3,35.3,23.8,0.2,40,7.5,1.1,0.8,1.5,0.2,5,2.3,inf
07-29,Tocantins,Palmas,Norte,29.4,35.7,23.1,0.0,31,4.9,29.1,35.1,23.5,0.0,41,4.9,-0.3,-0.6,0.4,0.0,10,0.0,
07-30,Tocantins,Palmas,Norte,29.1,34.8,23.7,0.0,33,8.6,30.0,36.2,23.9,0.0,34,6.0,0.9,1.4,0.2,0.0,1,-2.6,
07-31,Tocantins,Palmas,Norte,28.9,34.8,23.3,0.0,36,7.9,29.4,35.0,23.6,0.0,32,9.0,0.5,0.2,0.3,0.0,-4,1.1,
08-01,Tocantins,Palmas,Norte,28.8,34.4,22.6,0.0,47,10.3,29.0,34.3,25.0,0.0,30,10.2,0.2,-0.1,2.4,0.0,-17,-0.1,
08-02,Tocantins,Palmas,Norte,28.4,33.6,23.4,0.0,40,10.5,27.8,33.3,22.7,0.0,31,13.1,-0.6,-0.3,-0.7,0.0,-9,2.6,
08-03,Tocantins,Palmas,Norte,28.0,33.1,23.8,0.0,38,10.0,27.7,34.1,22.1,0.0,35,11.0,-0.3,1.0,-1.7,0.0,-3,1.0,
08-04,Tocantins,Palmas,Norte,28.1,34.0,23.2,0.0,35,10.9,28.1,34.1,22.2,0.0,30,10.4,0.0,0.1,-1.0,0.0,-5,-0.5,
08-05,Tocantins,Palmas,Norte,28.2,34.4,22.1,0.0,33,6.7,27.9,34.1,21.8,0.2,35,8.3,-0.3,-0.3,-0.3,0.2,2,1.6,inf
08-06,Tocantins,Palmas,Norte,29.1,35.8,23.2,0.0,33,5.8,29.3,36.0,23.4,0.0,35,5.8,0.2,0.2,0.2,0.0,2,0.0,
08-07,Tocantins,Palmas,Norte,29.2,35.2,23.5,0.0,36,6.1,29.1,34.4,23.9,0.2,42,7.5,-0.1,-0.8,0.4,0.2,6,1.4,inf
08-08,Tocantins,Palmas,Norte,29.5,35.5,24.4,0.0,36,6.3,30.4,36.3,25.4,0.0,40,5.5,0.9,0.8,1.0,0.0,4,-0.8,
08-09,Tocantins,Palmas,Norte,29.6,35.5,24.9,0.1,37,5.8,30.8,36.9,25.8,0.2,41,7.1,1.2,1.4,0.9,0.1,4,1.3,100.0
08-10,Tocantins,Palmas,Norte,29.4,34.2,24.7,0.0,39,5.6,30.3,35.8,25.8,1.3,44,5.0,0.9,1.6,1.1,1.3,5,-0.6,inf
08-11,Tocantins,Palmas,Norte,29.5,35.2,24.6,0.0,40,7.1,30.6,35.4,26.4,0.0,30,12.0,1.1,0.2,1.8,0.0,-10,4.9,
08-12,Tocantins,Palmas,Norte,28.7,34.0,24.4,0.0,34,9.9,29.0,34.5,24.9,0.0,28,15.5,0.3,0.5,0.5,0.0,-6,5.6,
08-13,Tocantins,Palmas,Norte,27.0,31.2,22.9,0.0,50,8.2,28.4,35.5,21.5,0.0,33,11.1,1.4,4.3,-1.4,0.0,-17,2.9,
08-14,Tocantins,Palmas,Norte,28.6,34.0,24.5,0.0,48,6.9,29.8,36.4,23.0,0.0,33,8.2,1.2,2.4,-1.5,0.0,-15,1.3,
08-15,Tocantins,Palmas,Norte,29.5,35.5,24.1,0.0,40,10.3,30.2,36.4,23.8,0.0,29,8.1,0.7,0.9,-0.3,0.0,-11,-2.2,
08-16,Tocantins,Palmas,Norte,29.5,34.9,24.7,0.0,34,15.6,29.8,36.6,23.4,0.0,28,14.7,0.3,1.7,-1.3,0.0,-6,-0.9,
08-17,Tocantins,Palmas,Norte,29.2,35.5,23.6,0.0,35,9.7,29.6,34.8,25.0,0.0,28,16.4,0.4,-0.7,1.4,0.0,-7,6.7,
08-18,Tocantins,Palmas,Norte,29.3,35.4,23.8,0.0,35,9.8,29.5,35.4,24.6,0.0,35,13.3,0.2,0.0,0.8,0.0,0,3.5,
08-19,Tocantins,Palmas,Norte,29.1,35.0,24.5,0.0,35,14.7,29.5,35.6,24.3,0.0,34,11.7,0.4,0.6,-0.2,0.0,-1,-3.0,
