time,temperature_2m_mean,temperature_2m_max,temperature_2m_min,precipitation_sum,relative_humidity_2m_mean,wind_speed_10m_mean,estado,capital,regiao,ano
2025-06-01,23.7,28.3,20.2,0.0,76,6.7,Acre,Rio Branco,Norte,2025
2025-06-02,24.0,29.8,19.2,0.0,76,4.8,Acre,Rio Branco,Norte,2025
2025-06-03,25.1,31.3,19.7,0.0,77,2.8,Acre,Rio Branco,Norte,2025
2025-06-04,25.7,31.7,20.2,0.1,78,2.3,Acre,Rio Branco,Norte,2025
2025-06-05,26.2,31.8,21.9,0.9,80,4.6,Acre,Rio Branco,Norte,2025
2025-06-06,26.0,31.5,21.6,0.3,80,4.1,Acre,Rio Branco,Norte,2025
2025-06-07,26.2,31.1,22.0,1.2,82,3.0,Acre,Rio Branco,Norte,2025
2025-06-08,25.5,31.7,22.4,3.8,86,3.9,Acre,Rio Branco,Norte,2025
2025-06-09,24.9,30.7,22.3,12.4,90,5.3,Acre,Rio Branco,Norte,2025
2025-06-10,23.2,26.2,20.3,0.3,85,11.0,Acre,Rio Branco,Norte,2025
2025-06-11,22.0,26.4,18.4,0.1,83,6.9,Acre,Rio Branco,Norte,2025
2025-06-12,22.4,28.5,17.7,0.0,80,4.4,Acre,Rio Branco,Norte,2025
2025-06-13,23.4,30.0,17.6,0.0,79,4.6,Acre,Rio Branco,Norte,2025
2025-06-14,25.0,30.8,19.8,0.7,81,4.1,Acre,Rio Branco,Norte,2025
2025-06-15,25.1,29.8,21.7,4.4,85,5.1,Acre,Rio Branco,Norte,2025
2025-06-16,25.2,31.0,22.3,4.1,85,4.3,Acre,Rio Branco,Norte,2025
2025-06-17,25.0,30.2,22.5,2.7,89,2.8,Acre,Rio Branco,Norte,2025
2025-06-18,26.0,31.5,21.8,0.1,82,3.0,Acre,Rio Branco,Norte,2025
2025-06-19,26.3,32.3,22.0,1.2,80,3.5,Acre,Rio Branco,Norte,2025
2025-06-20,25.1,30.2,21.3,0.5,79,9.2,Acre,Rio Branco,Norte,2025
2025-06-21,23.4,30.3,18.2,0.0,78,5.4,Acre,Rio Branco,Norte,2025
2025-06-22,24.7,31.2,19.0,0.0,73,7.9,Acre,Rio Branco,Norte,2025
2025-06-23,26.3,31.7,21.6,0.0,76,8.2,Acre,Rio Branco,Norte,2025
2025-06-24,23.0,26.2,18.4,1.7,84,10.2,Acre,Rio Branco,Norte,2025
2025-06-25,21.4,28.7,16.2,0.0,75,5.6,Acre,Rio Branco,Norte,2025
2025-06-26,23.9,30.2,18.8,0.6,80,3.0,Acre,Rio Branco,Norte,2025
2025-06-27,24.9,30.3,19.8,0.3,81,3.7,Acre,Rio Branco,Norte,2025
2025-06-28,26.0,31.9,20.8,0.0,78,3.2,Acre,Rio Branco,Norte,2025
2025-06-29,26.4,32.1,21.0,0.0,76,3.9,Acre,Rio Branco,Norte,2025
2025-06-30,24.9,29.5,20.4,0.2,73,13.3,Acre,Rio Branco,Norte,2025
2025-07-01,19.8,24.9,15.8,0.0,66,12.9,Acre,Rio Branco,Norte,2025
2025-07-02,19.0,24.9,14.3,0.0,71,11.3,Acre,Rio Branco,Norte,2025
2025-07-03,19.5,25.0,14.8,0.0,67,11.2,Acre,Rio Branco,Norte,2025
2025-07-04,20.6,27.2,15.4,0.0,70,7.6,Acre,Rio Branco,Norte,2025
2025-07-05,22.4,29.6,16.3,0.0,74,5.3,Acre,Rio Branco,Norte,2025
2025-07-06,23.8,30.5,18.2,0.0,72,4.1,Acre,Rio Branco,Norte,2025
2025-07-07,24.7,31.9,18.1,0.0,70,1.9,Acre,Rio Branco,Norte,2025
2025-07-08,24.8,31.3,19.6,0.0,67,6.7,Acre,Rio Branco,Norte,2025
2025-07-09,24.8,31.7,19.4,0.0,67,6.4,Acre,Rio Branco,Norte,2025
2025-07-10,24.8,31.6,18.6,0.0,68,5.0,Acre,Rio Branco,Norte,2025
2025-07-11,25.0,31.9,18.9,0.0,66,7.4,Acre,Rio Branco,Norte,2025
2025-07-12,25.1,32.5,18.9,0.0,66,7.0,Acre,Rio Branco,Norte,2025
2025-07-13,24.8,32.2,18.1,0.0,65,5.5,Acre,Rio Branco,Norte,2025
2025-07-14,24.8,32.1,18.0,0.0,66,5.2,Acre,Rio Branco,Norte,2025
2025-07-15,25.2,32.3,18.5,0.0,64,4.6,Acre,Rio Branco,Norte,2025
2025-07-16,25.7,32.9,18.6,0.0,63,4.6,Acre,Rio Branco,Norte,2025
2025-07-17,26.7,33.0,21.1,0.3,64,7.4,Acre,Rio Branco,Norte,2025
2025-07-18,24.6,28.6,21.4,0.0,60,12.1,Acre,Rio Branco,Norte,2025
2025-07-19,23.6,30.5,17.5,0.0,66,6.1,Acre,Rio Branco,Norte,2025
2025-07-20,24.6,31.7,18.2,0.0,71,3.1,Acre,Rio Branco,Norte,2025
2025-07-21,25.6,32.8,19.1,0.0,67,4.2,Acre,Rio Branco,Norte,2025
2025-07-22,26.6,33.7,19.8,0.0,64,3.6,Acre,Rio Branco,Norte,2025
2025-07-23,27.2,34.4,20.9,0.0,63,3.9,Acre,Rio Branco,Norte,2025
2025-07-24,27.0,34.8,19.2,0.0,58,3.6,Acre,Rio Branco,Norte,2025
2025-07-25,27.4,34.5,20.2,0.0,58,5.1,Acre,Rio Branco,Norte,2025
2025-07-26,28.6,34.6,22.4,0.0,57,6.4,Acre,Rio Branco,Norte,2025
2025-07-27,28.2,33.5,23.5,0.0,65,6.5,Acre,Rio Branco,Norte,2025
2025-07-28,27.0,33.4,23.3,11.9,76,6.5,Acre,Rio Branco,Norte,2025
2025-07-29,23.7,27.0,19.2,4.4,85,9.9,Acre,Rio Branco,Norte,2025
2025-07-30,22.7,29.8,17.5,0.0,76,5.8,Acre,Rio Branco,Norte,2025
2025-07-31,25.5,32.2,19.9,0.0,75,4.2,Acre,Rio Branco,Norte,2025
2025-08-01,27.1,33.6,21.5,0.0,69,4.4,Acre,Rio Branco,Norte,2025
2025-08-02,25.4,29.3,21.9,3.4,78,8.7,Acre,Rio Branco,Norte,2025
2025-08-03,25.1,31.1,20.4,0.0,76,4.4,Acre,Rio Branco,Norte,2025
2025-08-04,25.0,31.9,20.3,6.6,78,4.1,Acre,Rio Branco,Norte,2025
2025-08-05,24.8,30.3,21.9,6.0,82,7.0,Acre,Rio Branco,Norte,2025
2025-08-06,25.9,32.1,21.0,0.0,69,7.1,Acre,Rio Branco,Norte,2025
2025-08-07,26.7,32.8,20.8,0.0,70,2.3,Acre,Rio Branco,Norte,2025
2025-08-08,26.5,32.1,21.9,1.3,72,6.2,Acre,Rio Branco,Norte,2025
2025-08-09,24.8,29.5,22.3,0.8,67,12.1,Acre,Rio Branco,Norte,2025
2025-08-10,23.9,30.4,18.3,0.0,54,9.0,Acre,Rio Branco,Norte,2025
2025-08-11,24.7,31.7,19.1,0.0,57,6.6,Acre,Rio Branco,Norte,2025
2025-08-12,25.9,32.9,19.7,0.0,60,5.5,Acre,Rio Branco,Norte,2025
2025-08-13,27.1,34.0,20.3,0.0,62,2.7,Acre,Rio Branco,Norte,2025
2025-08-14,28.5,34.2,24.1,0.0,56,9.7,Acre,Rio Branco,Norte,2025
2025-08-15,27.9,35.1,21.6,0.0,50,8.5,Acre,Rio Branco,Norte,2025
2025-08-16,26.5,34.7,19.4,0.0,52,4.7,Acre,Rio Branco,Norte,2025
2025-08-17,27.4,35.0,20.6,0.1,56,3.9,Acre,Rio Branco,Norte,2025
2025-08-18,28.1,34.0,22.7,0.2,62,5.4,Acre,Rio Branco,Norte,2025
2025-08-19,28.4,34.3,23.5,0.0,67,7.1,Acre,Rio Branco,Norte,2025
2026-06-01,26.4,31.3,22.1,0.4,77,6.0,Acre,Rio Branco,Norte,2026
2026-06-02,26.5,31.6,22.0,0.5,77,6.0,Acre,Rio Branco,Norte,2026
2026-06-03,26.3,31.5,22.0,0.9,79,6.5,Acre,Rio Branco,Norte,2026
2026-06-04,26.2,31.6,21.8,0.2,75,7.4,Acre,Rio Branco,Norte,2026
2026-06-05,25.7,31.6,20.8,0.2,75,5.9,Acre,Rio Branco,Norte,2026
2026-06-06,25.7,31.8,20.8,0.2,77,4.6,Acre,Rio Branco,Norte,2026
2026-06-07,24.6,29.3,21.3,26.2,88,3.7,Acre,Rio Branco,Norte,2026
2026-06-08,25.4,30.9,22.3,1.8,86,4.0,Acre,Rio Branco,Norte,2026
2026-06-09,24.1,27.7,22.4,18.2,92,4.4,Acre,Rio Branco,Norte,2026
2026-06-10,23.2,26.0,21.5,8.9,91,5.6,Acre,Rio Branco,Norte,2026
2026-06-11,24.5,29.0,20.8,1.3,86,6.1,Acre,Rio Branco,Norte,2026
2026-06-12,25.9,31.3,21.7,0.1,82,4.0,Acre,Rio Branco,Norte,2026
2026-06-13,26.4,32.1,22.3,1.0,83,4.3,Acre,Rio Branco,Norte,2026
2026-06-14,26.9,32.6,22.4,0.6,81,2.8,Acre,Rio Branco,Norte,2026
2026-06-15,26.2,31.0,23.0,3.8,85,4.8,Acre,Rio Branco,Norte,2026
2026-06-16,24.3,27.2,21.4,1.4,86,7.8,Acre,Rio Branco,Norte,2026
2026-06-17,23.7,27.4,21.1,0.0,85,7.0,Acre,Rio Branco,Norte,2026
2026-06-18,24.5,29.8,20.1,0.7,81,4.3,Acre,Rio Branco,Norte,2026
2026-06-19,24.9,30.7,20.0,0.6,82,3.7,Acre,Rio Branco,Norte,2026
2026-06-20,24.1,28.1,21.0,7.7,88,5.7,Acre,Rio Branco,Norte,2026
2026-06-21,24.7,30.7,19.5,0.9,81,4.3,Acre,Rio Branco,Norte,2026
2026-06-22,26.1,31.8,21.6,2.2,81,5.2,Acre,Rio Branco,Norte,2026
2026-06-23,26.5,32.0,22.4,0.9,81,4.0,Acre,Rio Branco,Norte,2026
2026-06-24,19.9,23.8,16.1,0.3,83,11.6,Acre,Rio Branco,Norte,2026
2026-06-25,17.7,21.4,15.2,2.9,81,6.3,Acre,Rio Branco,Norte,2026
2026-06-26,22.0,25.5,19.3,0.0,81,7.0,Acre,Rio Branco,Norte,2026
2026-06-27,23.1,26.9,20.2,0.0,81,4.8,Acre,Rio Branco,Norte,2026
2026-06-28,23.7,30.1,18.9,0.2,83,2.2,Acre,Rio Branco,Norte,2026
2026-06-29,25.7,31.4,20.5,0.6,78,2.9,Acre,Rio Branco,Norte,2026
2026-06-30,26.3,31.6,22.2,1.3,81,2.3,Acre,Rio Branco,Norte,2026
2026-07-01,25.6,31.7,21.7,2.8,87,3.0,Acre,Rio Branco,Norte,2026
2026-07-02,26.5,32.4,21.7,0.4,78,6.4,Acre,Rio Branco,Norte,2026
2026-07-03,24.6,29.2,21.0,0.0,71,13.3,Acre,Rio Branco,Norte,2026
2026-07-04,22.4,28.0,17.3,0.0,72,8.8,Acre,Rio Branco,Norte,2026
2026-07-05,23.7,30.2,17.7,0.0,76,4.2,Acre,Rio Branco,Norte,2026
2026-07-06,25.0,30.6,19.2,0.4,75,3.7,Acre,Rio Branco,Norte,2026
2026-07-07,24.0,28.2,20.4,0.0,76,9.5,Acre,Rio Branco,Norte,2026
2026-07-08,23.1,29.5,18.1,0.0,78,3.5,Acre,Rio Branco,Norte,2026
2026-07-09,24.7,31.1,19.5,0.1,81,2.1,Acre,Rio Branco,Norte,2026
2026-07-10,25.5,32.0,21.3,4.5,83,3.4,Acre,Rio Branco,Norte,2026
2026-07-11,25.1,29.3,22.7,7.0,90,6.2,Acre,Rio Branco,Norte,2026
2026-07-12,24.2,27.6,21.9,25.6,93,4.1,Acre,Rio Branco,Norte,2026
2026-07-13,24.0,28.4,21.8,4.4,89,7.3,Acre,Rio Branco,Norte,2026
2026-07-14,24.3,29.7,20.0,0.7,84,4.0,Acre,Rio Branco,Norte,2026
2026-07-15,25.8,31.8,20.4,0.2,80,2.5,Acre,Rio Branco,Norte,2026
2026-07-16,26.0,31.8,21.4,2.9,82,3.7,Acre,Rio Branco,Norte,2026
2026-07-17,26.5,32.0,22.4,1.7,83,4.2,Acre,Rio Branco,Norte,2026
2026-07-18,26.6,32.3,22.1,0.8,80,5.7,Acre,Rio Branco,Norte,2026
2026-07-19,27.5,33.1,22.6,0.9,74,8.0,Acre,Rio Branco,Norte,2026
2026-07-20,27.5,33.4,23.7,2.5,78,8.9,Acre,Rio Branco,Norte,2026
2026-07-21,27.7,33.4,23.0,0.2,71,8.6,Acre,Rio Branco,Norte,2026
2026-07-22,27.9,33.2,22.9,0.3,70,7.1,Acre,Rio Branco,Norte,2026
2026-07-23,26.9,31.8,22.9,1.1,80,3.8,Acre,Rio Branco,Norte,2026
2026-07-24,26.7,32.2,21.9,0.1,80,3.5,Acre,Rio Branco,Norte,2026
2026-07-25,27.4,33.3,22.2,0.9,76,3.3,Acre,Rio Branco,Norte,2026
2026-07-26,26.6,32.1,21.9,3.4,80,4.7,Acre,Rio Branco,Norte,2026
2026-07-27,26.7,32.2,22.4,2.1,79,5.1,Acre,Rio Branco,Norte,2026
2026-07-28,27.5,33.3,22.4,0.6,71,7.1,Acre,Rio Branco,Norte,2026
2026-07-29,28.0,33.6,23.1,0.2,74,5.6,Acre,Rio Branco,Norte,2026
2026-07-30,27.4,34.3,22.8,2.1,76,3.4,Acre,Rio Branco,Norte,2026
2026-07-31,27.8,34.1,23.0,0.8,73,4.1,Acre,Rio Branco,Norte,2026
2026-08-01,26.1,31.6,22.6,7.9,80,6.4,Acre,Rio Branco,Norte,2026
2026-08-02,25.4,31.1,22.6,9.7,87,4.0,Acre,Rio Branco,Norte,2026
2026-08-03,26.7,32.9,22.3,2.6,79,3.1,Acre,Rio Branco,Norte,2026
2026-08-04,26.2,32.3,22.6,6.7,82,4.2,Acre,Rio Branco,Norte,2026
2026-08-05,25.9,31.6,22.6,13.3,82,6.0,Acre,Rio Branco,Norte,2026
2026-08-06,27.4,32.7,23.0,5.1,74,6.2,Acre,Rio Branco,Norte,2026
2026-08-07,28.0,34.2,23.5,2.3,73,8.2,Acre,Rio Branco,Norte,2026
2026-08-08,27.6,34.1,22.5,0.9,75,8.9,Acre,Rio Branco,Norte,2026
2026-08-09,28.0,34.1,24.0,1.4,75,7.4,Acre,Rio Branco,Norte,2026
2026-08-10,26.9,33.9,22.7,3.0,79,5.3,Acre,Rio Branco,Norte,2026
2026-08-11,24.7,29.5,21.7,5.0,83,9.0,Acre,Rio Branco,Norte,2026
2026-08-12,25.4,32.1,19.5,0.0,75,4.5,Acre,Rio Branco,Norte,2026
2026-08-13,27.5,33.3,21.8,0.6,74,2.8,Acre,Rio Branco,Norte,2026
2026-08-14,27.1,34.5,23.0,2.3,79,3.6,Acre,Rio Branco,Norte,2026
2026-08-15,27.6,34.9,22.0,0.9,77,2.6,Acre,Rio Branco,Norte,2026
2026-08-16,27.7,33.9,22.5,3.6,73,4.7,Acre,Rio Branco,Norte,2026
2026-08-17,28.0,34.9,21.9,0.0,67,6.3,Acre,Rio Branco,Norte,2026
2026-08-18,25.8,31.9,22.9,20.4,82,4.9,Acre,Rio Branco,Norte,2026
2026-08-19,25.9,31.0,22.6,5.1,83,5.6,Acre,Rio Branco,Norte,2026
2025-06-01,25.1,27.3,22.7,2.4,85,8.8,Alagoas,Maceió,Nordeste,2025
2025-06-02,24.3,26.8,22.6,13.1,89,9.7,Alagoas,Maceió,Nordeste,2025
2025-06-03,25.5,28.3,23.4,6.4,79,9.7,Alagoas,Maceió,Nordeste,2025
2025-06-04,25.0,26.6,23.7,6.5,84,10.9,Alagoas,Maceió,Nordeste,2025
2025-06-05,25.3,27.6,23.0,4.2,83,9.0,Alagoas,Maceió,Nordeste,2025
2025-06-06,24.8,26.4,23.1,4.2,86,8.0,Alagoas,Maceió,Nordeste,2025
2025-06-07,25.2,27.9,23.1,4.9,84,7.6,Alagoas,Maceió,Nordeste,2025
2025-06-08,25.3,27.9,23.2,6.1,82,9.1,Alagoas,Maceió,Nordeste,2025
2025-06-09,25.2,27.3,23.4,1.9,86,6.1,Alagoas,Maceió,Nordeste,2025
2025-06-10,25.0,27.3,23.0,2.1,89,8.7,Alagoas,Maceió,Nordeste,2025
2025-06-11,25.7,28.1,23.2,0.2,82,8.7,Alagoas,Maceió,Nordeste,2025
2025-06-12,24.7,27.2,22.6,3.4,84,9.1,Alagoas,Maceió,Nordeste,2025
2025-06-13,24.4,26.4,21.0,17.0,83,11.7,Alagoas,Maceió,Nordeste,2025
2025-06-14,24.5,26.4,23.0,18.0,82,19.4,Alagoas,Maceió,Nordeste,2025
2025-06-15,24.3,26.2,23.0,32.9,88,12.9,Alagoas,Maceió,Nordeste,2025
2025-06-16,24.7,26.5,22.6,12.2,86,8.2,Alagoas,Maceió,Nordeste,2025
2025-06-17,24.2,25.3,22.9,33.4,89,14.5,Alagoas,Maceió,Nordeste,2025
2025-06-18,24.8,26.3,22.9,10.1,79,17.4,Alagoas,Maceió,Nordeste,2025
2025-06-19,24.0,25.7,22.7,13.4,88,14.3,Alagoas,Maceió,Nordeste,2025
2025-06-20,24.7,26.7,22.7,18.3,83,12.8,Alagoas,Maceió,Nordeste,2025
2025-06-21,25.2,27.4,23.4,3.5,80,12.8,Alagoas,Maceió,Nordeste,2025
2025-06-22,24.8,27.0,23.0,3.7,84,8.6,Alagoas,Maceió,Nordeste,2025
2025-06-23,24.8,26.4,23.2,2.6,85,7.6,Alagoas,Maceió,Nordeste,2025
2025-06-24,24.5,27.0,23.4,5.6,90,5.5,Alagoas,Maceió,Nordeste,2025
2025-06-25,24.9,27.3,23.1,5.6,86,11.9,Alagoas,Maceió,Nordeste,2025
2025-06-26,25.4,27.3,23.2,5.7,78,15.1,Alagoas,Maceió,Nordeste,2025
2025-06-27,23.7,25.3,22.2,24.5,92,8.0,Alagoas,Maceió,Nordeste,2025
2025-06-28,25.0,26.6,22.8,7.2,81,16.6,Alagoas,Maceió,Nordeste,2025
2025-06-29,23.7,25.3,22.5,29.9,92,14.1,Alagoas,Maceió,Nordeste,2025
2025-06-30,24.1,25.8,22.5,18.4,87,13.7,Alagoas,Maceió,Nordeste,2025
2025-07-01,25.3,27.3,23.8,2.6,76,12.8,Alagoas,Maceió,Nordeste,2025
2025-07-02,25.5,27.1,23.9,1.0,68,15.8,Alagoas,Maceió,Nordeste,2025
2025-07-03,24.8,27.1,22.8,3.2,76,13.8,Alagoas,Maceió,Nordeste,2025
2025-07-04,24.4,27.7,22.1,6.0,78,8.6,Alagoas,Maceió,Nordeste,2025
2025-07-05,23.9,26.7,21.5,1.4,84,8.1,Alagoas,Maceió,Nordeste,2025
2025-07-06,24.1,26.4,21.6,0.7,84,11.1,Alagoas,Maceió,Nordeste,2025
2025-07-07,24.7,27.1,22.3,5.6,80,12.4,Alagoas,Maceió,Nordeste,2025
2025-07-08,24.0,25.9,21.9,8.9,82,13.8,Alagoas,Maceió,Nordeste,2025
2025-07-09,24.0,25.8,22.2,4.8,80,12.5,Alagoas,Maceió,Nordeste,2025
2025-07-10,24.7,26.1,23.4,4.2,77,16.6,Alagoas,Maceió,Nordeste,2025
2025-07-11,24.2,26.7,22.1,9.6,80,17.1,Alagoas,Maceió,Nordeste,2025
2025-07-12,23.5,25.6,21.4,8.2,81,15.1,Alagoas,Maceió,Nordeste,2025
2025-07-13,23.9,26.7,21.3,4.3,80,10.2,Alagoas,Maceió,Nordeste,2025
2025-07-14,24.6,26.8,22.3,4.4,76,13.7,Alagoas,Maceió,Nordeste,2025
2025-07-15,24.9,26.6,23.1,0.9,72,15.6,Alagoas,Maceió,Nordeste,2025
2025-07-16,23.0,24.9,20.9,4.3,85,12.0,Alagoas,Maceió,Nordeste,2025
2025-07-17,23.6,26.2,21.2,2.7,84,10.6,Alagoas,Maceió,Nordeste,2025
2025-07-18,23.9,26.3,22.2,7.8,87,10.4,Alagoas,Maceió,Nordeste,2025
2025-07-19,23.9,25.9,22.4,4.6,87,9.1,Alagoas,Maceió,Nordeste,2025
2025-07-20,23.9,25.8,22.2,4.3,83,9.7,Alagoas,Maceió,Nordeste,2025
2025-07-21,24.2,27.3,21.1,0.9,79,9.2,Alagoas,Maceió,Nordeste,2025
2025-07-22,24.0,25.9,21.6,2.0,85,9.2,Alagoas,Maceió,Nordeste,2025
2025-07-23,24.1,26.2,22.4,8.2,88,9.0,Alagoas,Maceió,Nordeste,2025
2025-07-24,24.6,27.2,22.6,4.2,82,14.1,Alagoas,Maceió,Nordeste,2025
2025-07-25,24.9,27.2,22.3,1.4,71,15.4,Alagoas,Maceió,Nordeste,2025
2025-07-26,25.0,27.7,22.5,1.7,70,13.1,Alagoas,Maceió,Nordeste,2025
2025-07-27,24.0,26.2,22.4,8.4,83,14.2,Alagoas,Maceió,Nordeste,2025
2025-07-28,23.3,23.9,22.8,48.4,93,15.0,Alagoas,Maceió,Nordeste,2025
2025-07-29,24.5,26.9,22.7,8.5,85,8.8,Alagoas,Maceió,Nordeste,2025
2025-07-30,24.6,27.2,21.7,1.5,83,9.5,Alagoas,Maceió,Nordeste,2025
2025-07-31,24.7,27.8,22.5,2.6,80,9.1,Alagoas,Maceió,Nordeste,2025
2025-08-01,24.2,27.0,22.0,5.1,84,12.4,Alagoas,Maceió,Nordeste,2025
2025-08-02,22.9,24.5,21.8,16.7,90,13.6,Alagoas,Maceió,Nordeste,2025
2025-08-03,23.0,24.6,21.8,46.2,91,18.7,Alagoas,Maceió,Nordeste,2025
2025-08-04,23.8,26.8,21.1,14.4,83,13.8,Alagoas,Maceió,Nordeste,2025
2025-08-05,23.8,25.2,22.4,19.8,87,13.8,Alagoas,Maceió,Nordeste,2025
2025-08-06,25.1,27.1,23.5,0.8,74,13.9,Alagoas,Maceió,Nordeste,2025
2025-08-07,24.6,27.1,22.1,1.6,76,8.9,Alagoas,Maceió,Nordeste,2025
2025-08-08,24.0,26.0,22.1,1.9,83,6.5,Alagoas,Maceió,Nordeste,2025
2025-08-09,24.1,26.2,21.5,0.5,86,7.3,Alagoas,Maceió,Nordeste,2025
2025-08-10,24.8,27.5,21.9,0.1,84,8.9,Alagoas,Maceió,Nordeste,2025
2025-08-11,24.9,27.6,22.7,2.3,85,9.9,Alagoas,Maceió,Nordeste,2025
2025-08-12,24.3,26.6,22.0,4.2,85,10.1,Alagoas,Maceió,Nordeste,2025
2025-08-13,24.7,27.6,21.6,0.9,77,9.8,Alagoas,Maceió,Nordeste,2025
2025-08-14,25.5,27.2,24.0,3.2,73,15.3,Alagoas,Maceió,Nordeste,2025
2025-08-15,24.9,26.3,23.0,4.6,77,16.8,Alagoas,Maceió,Nordeste,2025
2025-08-16,24.7,26.9,21.9,8.3,75,15.0,Alagoas,Maceió,Nordeste,2025
2025-08-17,24.9,26.5,23.6,1.0,71,14.6,Alagoas,Maceió,Nordeste,2025
2025-08-18,24.3,26.4,21.6,4.3,77,11.8,Alagoas,Maceió,Nordeste,2025
2025-08-19,23.1,25.0,21.2,10.3,83,15.6,Alagoas,Maceió,Nordeste,2025
2026-06-01,25.9,28.0,23.5,2.7,78,9.6,Alagoas,Maceió,Nordeste,2026
2026-06-02,26.4,27.9,24.5,0.4,70,10.9,Alagoas,Maceió,Nordeste,2026
2026-06-03,25.9,28.4,24.2,4.1,79,8.7,Alagoas,Maceió,Nordeste,2026
2026-06-04,25.9,28.0,24.0,9.0,78,16.3,Alagoas,Maceió,Nordeste,2026
2026-06-05,25.3,27.1,23.6,8.9,81,13.6,Alagoas,Maceió,Nordeste,2026
2026-06-06,24.7,26.2,23.5,18.6,83,17.2,Alagoas,Maceió,Nordeste,2026
2026-06-07,25.3,26.8,23.5,4.7,76,15.0,Alagoas,Maceió,Nordeste,2026
2026-06-08,26.4,27.7,25.0,0.2,70,15.1,Alagoas,Maceió,Nordeste,2026
2026-06-09,25.8,27.4,24.4,5.4,80,15.8,Alagoas,Maceió,Nordeste,2026
2026-06-10,25.0,26.4,24.0,11.3,88,13.4,Alagoas,Maceió,Nordeste,2026
2026-06-11,25.9,27.7,24.1,2.2,77,12.5,Alagoas,Maceió,Nordeste,2026
2026-06-12,25.7,27.9,22.9,0.0,74,6.6,Alagoas,Maceió,Nordeste,2026
2026-06-13,25.2,27.7,22.6,1.1,83,6.4,Alagoas,Maceió,Nordeste,2026
2026-06-14,26.1,28.3,24.0,1.2,78,8.8,Alagoas,Maceió,Nordeste,2026
2026-06-15,25.7,27.3,24.4,6.0,84,10.1,Alagoas,Maceió,Nordeste,2026
2026-06-16,25.9,28.0,24.0,2.1,82,10.7,Alagoas,Maceió,Nordeste,2026
2026-06-17,25.5,28.2,22.3,0.6,84,7.0,Alagoas,Maceió,Nordeste,2026
2026-06-18,25.5,27.5,23.9,4.0,83,9.1,Alagoas,Maceió,Nordeste,2026
2026-06-19,24.6,26.7,22.9,20.6,85,17.0,Alagoas,Maceió,Nordeste,2026
2026-06-20,24.6,27.5,22.6,9.0,84,12.4,Alagoas,Maceió,Nordeste,2026
2026-06-21,25.0,27.6,22.6,5.2,80,9.0,Alagoas,Maceió,Nordeste,2026
2026-06-22,24.7,26.7,23.3,10.2,86,9.5,Alagoas,Maceió,Nordeste,2026
2026-06-23,24.7,26.9,23.0,11.6,85,10.5,Alagoas,Maceió,Nordeste,2026
2026-06-24,25.4,27.8,23.6,4.0,78,11.7,Alagoas,Maceió,Nordeste,2026
2026-06-25,24.4,27.6,22.6,25.8,88,11.3,Alagoas,Maceió,Nordeste,2026
2026-06-26,24.3,25.8,23.8,55.9,93,10.8,Alagoas,Maceió,Nordeste,2026
2026-06-27,25.2,26.7,23.7,21.4,84,16.4,Alagoas,Maceió,Nordeste,2026
2026-06-28,25.5,27.9,23.4,3.8,75,13.2,Alagoas,Maceió,Nordeste,2026
2026-06-29,24.5,26.8,22.9,9.7,87,13.7,Alagoas,Maceió,Nordeste,2026
2026-06-30,24.9,27.4,23.2,5.1,79,13.6,Alagoas,Maceió,Nordeste,2026
2026-07-01,25.7,28.1,23.0,3.9,72,17.1,Alagoas,Maceió,Nordeste,2026
2026-07-02,26.1,28.2,24.6,0.4,66,14.7,Alagoas,Maceió,Nordeste,2026
2026-07-03,25.7,27.4,24.5,0.7,72,14.7,Alagoas,Maceió,Nordeste,2026
2026-07-04,25.5,27.3,23.8,0.1,70,7.2,Alagoas,Maceió,Nordeste,2026
2026-07-05,24.7,27.4,21.2,0.8,81,8.4,Alagoas,Maceió,Nordeste,2026
2026-07-06,24.7,27.4,21.9,0.7,78,10.9,Alagoas,Maceió,Nordeste,2026
2026-07-07,24.4,26.7,21.6,0.3,80,8.1,Alagoas,Maceió,Nordeste,2026
2026-07-08,24.4,26.8,21.4,0.3,81,8.3,Alagoas,Maceió,Nordeste,2026
2026-07-09,25.3,27.3,22.3,0.9,76,8.1,Alagoas,Maceió,Nordeste,2026
2026-07-10,25.2,26.9,23.3,3.7,76,11.4,Alagoas,Maceió,Nordeste,2026
2026-07-11,25.3,27.4,23.0,0.0,75,8.2,Alagoas,Maceió,Nordeste,2026
2026-07-12,24.9,28.0,21.7,0.1,79,8.1,Alagoas,Maceió,Nordeste,2026
2026-07-13,24.9,28.5,21.3,0.0,81,10.6,Alagoas,Maceió,Nordeste,2026
2026-07-14,25.8,29.4,22.9,0.5,80,10.4,Alagoas,Maceió,Nordeste,2026
2026-07-15,25.2,27.1,23.2,13.0,78,17.7,Alagoas,Maceió,Nordeste,2026
2026-07-16,25.1,26.5,23.9,3.5,71,23.0,Alagoas,Maceió,Nordeste,2026
2026-07-17,24.7,25.9,22.8,6.6,76,20.9,Alagoas,Maceió,Nordeste,2026
2026-07-18,25.2,26.4,23.4,5.2,70,21.6,Alagoas,Maceió,Nordeste,2026
2026-07-19,25.2,27.9,23.0,2.5,71,15.1,Alagoas,Maceió,Nordeste,2026
2026-07-20,25.0,27.5,22.6,3.1,77,12.8,Alagoas,Maceió,Nordeste,2026
2026-07-21,25.1,27.1,23.1,4.0,78,12.7,Alagoas,Maceió,Nordeste,2026
2026-07-22,24.8,26.5,23.0,4.2,83,10.4,Alagoas,Maceió,Nordeste,2026
2026-07-23,24.8,26.2,22.9,9.1,83,9.9,Alagoas,Maceió,Nordeste,2026
2026-07-24,25.6,27.3,23.9,0.0,71,10.2,Alagoas,Maceió,Nordeste,2026
2026-07-25,26.0,27.4,25.0,0.3,71,10.0,Alagoas,Maceió,Nordeste,2026
2026-07-26,24.9,26.4,23.3,4.5,81,9.6,Alagoas,Maceió,Nordeste,2026
2026-07-27,24.7,27.1,21.8,0.9,79,8.4,Alagoas,Maceió,Nordeste,2026
2026-07-28,24.8,26.9,22.5,3.0,79,9.8,Alagoas,Maceió,Nordeste,2026
2026-07-29,25.2,27.6,23.4,1.2,73,12.1,Alagoas,Maceió,Nordeste,2026
2026-07-30,24.5,26.9,22.4,3.3,75,8.1,Alagoas,Maceió,Nordeste,2026
2026-07-31,23.9,27.7,21.0,5.3,81,11.4,Alagoas,Maceió,Nordeste,2026
2026-08-01,25.0,27.5,22.8,3.0,70,17.9,Alagoas,Maceió,Nordeste,2026
2026-08-02,25.1,27.2,23.0,1.0,65,14.5,Alagoas,Maceió,Nordeste,2026
2026-08-03,23.3,25.1,22.1,18.2,89,9.2,Alagoas,Maceió,Nordeste,2026
2026-08-04,24.6,27.0,22.3,8.3,78,9.8,Alagoas,Maceió,Nordeste,2026
2026-08-05,25.0,27.2,22.4,0.6,73,7.3,Alagoas,Maceió,Nordeste,2026
2026-08-06,24.6,27.2,21.1,0.3,81,8.0,Alagoas,Maceió,Nordeste,2026
2026-08-07,25.4,28.1,22.4,0.2,82,11.5,Alagoas,Maceió,Nordeste,2026
2026-08-08,25.4,27.6,22.8,0.7,81,12.8,Alagoas,Maceió,Nordeste,2026
2026-08-09,25.9,28.1,24.3,0.5,79,12.1,Alagoas,Maceió,Nordeste,2026
2026-08-10,25.1,27.4,23.4,2.9,83,10.6,Alagoas,Maceió,Nordeste,2026
2026-08-11,24.6,27.1,22.6,8.2,80,14.2,Alagoas,Maceió,Nordeste,2026
2026-08-12,24.8,26.8,22.5,4.8,78,13.3,Alagoas,Maceió,Nordeste,2026
2026-08-13,25.4,27.8,23.5,0.8,74,9.0,Alagoas,Maceió,Nordeste,2026
2026-08-14,25.1,27.3,23.3,0.9,78,7.2,Alagoas,Maceió,Nordeste,2026
2026-08-15,25.1,27.2,22.9,0.5,75,9.2,Alagoas,Maceió,Nordeste,2026
2026-08-16,25.3,27.2,23.6,3.5,75,14.8,Alagoas,Maceió,Nordeste,2026
2026-08-17,24.2,27.6,22.5,20.0,85,13.8,Alagoas,Maceió,Nordeste,2026
2026-08-18,24.3,26.7,22.7,17.5,82,18.8,Alagoas,Maceió,Nordeste,2026
2026-08-19,24.5,26.6,22.5,6.8,79,15.4,Alagoas,Maceió,Nordeste,2026
2025-06-01,27.5,29.9,25.2,0.5,78,13.0,Amapá,Macapá,Norte,2025
2025-06-02,26.3,28.8,23.7,4.5,84,7.8,Amapá,Macapá,Norte,2025
2025-06-03,26.2,28.7,23.4,5.3,85,10.6,Amapá,Macapá,Norte,2025
2025-06-04,26.1,28.2,23.7,9.2,85,13.4,Amapá,Macapá,Norte,2025
2025-06-05,26.5,29.2,24.0,3.8,82,13.9,Amapá,Macapá,Norte,2025
2025-06-06,26.9,28.7,24.7,7.4,83,10.2,Amapá,Macapá,Norte,2025
2025-06-07,25.8,28.5,23.3,9.5,88,8.5,Amapá,Macapá,Norte,2025
2025-06-08,26.2,29.0,23.6,4.2,86,10.5,Amapá,Macapá,Norte,2025
2025-06-09,26.8,29.8,23.6,2.5,81,11.4,Amapá,Macapá,Norte,2025
2025-06-10,26.5,29.2,24.1,3.8,83,10.7,Amapá,Macapá,Norte,2025
2025-06-11,26.0,28.6,23.4,6.2,86,7.4,Amapá,Macapá,Norte,2025
2025-06-12,25.8,28.6,23.7,12.7,87,7.2,Amapá,Macapá,Norte,2025
2025-06-13,25.2,26.8,23.4,7.4,90,7.1,Amapá,Macapá,Norte,2025
2025-06-14,25.8,28.4,24.0,12.3,86,11.1,Amapá,Macapá,Norte,2025
2025-06-15,26.8,29.7,24.5,2.7,80,13.2,Amapá,Macapá,Norte,2025
2025-06-16,25.7,28.1,23.2,7.0,85,14.7,Amapá,Macapá,Norte,2025
2025-06-17,26.8,30.1,23.7,1.5,79,11.0,Amapá,Macapá,Norte,2025
2025-06-18,27.1,30.3,25.1,1.0,79,11.4,Amapá,Macapá,Norte,2025
2025-06-19,25.5,28.5,23.2,27.0,88,7.9,Amapá,Macapá,Norte,2025
2025-06-20,25.4,28.7,23.6,27.3,89,8.8,Amapá,Macapá,Norte,2025
2025-06-21,25.7,28.1,22.6,24.4,85,13.5,Amapá,Macapá,Norte,2025
2025-06-22,26.7,30.1,22.8,1.3,78,10.2,Amapá,Macapá,Norte,2025
2025-06-23,26.9,30.3,22.8,6.8,80,9.2,Amapá,Macapá,Norte,2025
2025-06-24,26.1,28.0,24.2,4.6,86,11.4,Amapá,Macapá,Norte,2025
2025-06-25,25.9,28.9,23.6,6.6,86,10.8,Amapá,Macapá,Norte,2025
2025-06-26,26.9,29.5,24.5,2.5,81,12.1,Amapá,Macapá,Norte,2025
2025-06-27,26.3,28.6,23.8,9.4,83,11.9,Amapá,Macapá,Norte,2025
2025-06-28,26.2,28.8,23.7,6.5,85,10.7,Amapá,Macapá,Norte,2025
2025-06-29,26.7,29.6,23.4,2.4,80,9.1,Amapá,Macapá,Norte,2025
2025-06-30,26.3,29.0,23.5,1.9,84,9.3,Amapá,Macapá,Norte,2025
2025-07-01,26.4,28.9,24.1,6.4,84,11.0,Amapá,Macapá,Norte,2025
2025-07-02,26.6,29.4,23.6,3.0,83,10.4,Amapá,Macapá,Norte,2025
2025-07-03,26.3,29.1,23.5,10.1,83,12.1,Amapá,Macapá,Norte,2025
2025-07-04,25.5,29.4,22.6,7.0,87,9.5,Amapá,Macapá,Norte,2025
2025-07-05,25.4,28.4,23.1,2.5,87,5.9,Amapá,Macapá,Norte,2025
2025-07-06,25.5,28.7,22.4,3.7,85,5.1,Amapá,Macapá,Norte,2025
2025-07-07,26.8,29.6,24.5,0.5,80,8.0,Amapá,Macapá,Norte,2025
2025-07-08,26.2,29.2,23.1,0.8,82,7.7,Amapá,Macapá,Norte,2025
2025-07-09,27.0,29.7,24.1,1.5,79,11.6,Amapá,Macapá,Norte,2025
2025-07-10,26.3,29.0,23.6,16.6,83,11.4,Amapá,Macapá,Norte,2025
2025-07-11,25.7,29.0,23.4,7.2,86,9.8,Amapá,Macapá,Norte,2025
2025-07-12,26.1,29.5,22.6,13.2,84,7.3,Amapá,Macapá,Norte,2025
2025-07-13,24.8,27.8,22.2,27.6,89,7.4,Amapá,Macapá,Norte,2025
2025-07-14,26.8,29.8,23.8,0.7,80,7.8,Amapá,Macapá,Norte,2025
2025-07-15,26.2,29.1,24.0,9.2,84,7.4,Amapá,Macapá,Norte,2025
2025-07-16,26.2,29.4,23.3,3.3,84,6.3,Amapá,Macapá,Norte,2025
2025-07-17,26.5,29.5,24.7,11.5,84,6.0,Amapá,Macapá,Norte,2025
2025-07-18,27.3,30.1,24.6,0.1,79,9.3,Amapá,Macapá,Norte,2025
2025-07-19,26.8,29.9,23.8,0.6,81,9.3,Amapá,Macapá,Norte,2025
2025-07-20,26.4,29.3,23.8,6.6,83,8.9,Amapá,Macapá,Norte,2025
2025-07-21,25.8,29.3,23.5,21.6,86,8.8,Amapá,Macapá,Norte,2025
2025-07-22,27.0,30.5,23.9,3.7,80,12.1,Amapá,Macapá,Norte,2025
2025-07-23,27.4,30.5,24.8,0.6,77,10.1,Amapá,Macapá,Norte,2025
2025-07-24,27.3,30.3,25.1,1.2,79,10.9,Amapá,Macapá,Norte,2025
2025-07-25,26.3,29.3,24.3,8.9,84,11.2,Amapá,Macapá,Norte,2025
2025-07-26,26.4,29.2,23.4,6.8,83,13.1,Amapá,Macapá,Norte,2025
2025-07-27,27.4,30.9,24.5,1.4,75,11.9,Amapá,Macapá,Norte,2025
2025-07-28,26.9,30.0,23.6,1.8,80,9.8,Amapá,Macapá,Norte,2025
2025-07-29,26.6,30.0,23.2,0.9,82,8.7,Amapá,Macapá,Norte,2025
2025-07-30,26.5,29.4,24.3,3.2,84,9.4,Amapá,Macapá,Norte,2025
2025-07-31,25.5,27.1,24.0,10.0,87,10.8,Amapá,Macapá,Norte,2025
2025-08-01,27.3,31.3,24.5,1.6,74,15.6,Amapá,Macapá,Norte,2025
2025-08-02,27.4,30.8,24.9,0.6,69,13.9,Amapá,Macapá,Norte,2025
2025-08-03,27.0,30.5,23.4,0.2,75,7.5,Amapá,Macapá,Norte,2025
2025-08-04,27.7,30.7,25.3,0.1,74,11.1,Amapá,Macapá,Norte,2025
2025-08-05,27.8,31.7,25.4,0.4,76,9.9,Amapá,Macapá,Norte,2025
2025-08-06,27.3,31.4,24.0,0.7,78,10.7,Amapá,Macapá,Norte,2025
2025-08-07,26.4,30.0,24.0,34.5,84,10.7,Amapá,Macapá,Norte,2025
2025-08-08,25.2,28.3,23.2,22.9,88,7.4,Amapá,Macapá,Norte,2025
2025-08-09,26.8,30.3,23.3,1.2,79,11.9,Amapá,Macapá,Norte,2025
2025-08-10,26.9,30.1,23.4,0.0,77,8.6,Amapá,Macapá,Norte,2025
2025-08-11,26.8,30.7,22.3,0.0,78,6.0,Amapá,Macapá,Norte,2025
2025-08-12,28.0,31.3,25.1,5.2,78,8.0,Amapá,Macapá,Norte,2025
2025-08-13,26.3,29.5,23.4,13.2,84,8.5,Amapá,Macapá,Norte,2025
2025-08-14,26.6,29.6,24.1,4.8,82,8.7,Amapá,Macapá,Norte,2025
2025-08-15,27.5,30.7,25.1,1.7,77,12.7,Amapá,Macapá,Norte,2025
2025-08-16,28.0,30.9,25.5,0.7,73,15.1,Amapá,Macapá,Norte,2025
2025-08-17,28.1,31.3,25.7,0.0,70,14.1,Amapá,Macapá,Norte,2025
2025-08-18,27.1,30.8,24.0,1.5,77,11.7,Amapá,Macapá,Norte,2025
2025-08-19,27.1,29.7,24.6,1.6,79,9.7,Amapá,Macapá,Norte,2025
2026-06-01,26.2,28.9,24.4,13.2,89,5.6,Amapá,Macapá,Norte,2026
2026-06-02,26.7,29.4,24.9,6.3,87,6.4,Amapá,Macapá,Norte,2026
2026-06-03,27.1,29.3,25.9,5.0,83,11.4,Amapá,Macapá,Norte,2026
2026-06-04,27.8,30.9,25.3,1.7,79,12.0,Amapá,Macapá,Norte,2026
2026-06-05,26.2,29.5,23.5,21.4,88,8.3,Amapá,Macapá,Norte,2026
2026-06-06,26.4,28.8,24.1,10.5,87,9.8,Amapá,Macapá,Norte,2026
2026-06-07,26.0,28.4,23.6,23.7,88,10.1,Amapá,Macapá,Norte,2026
2026-06-08,25.9,29.5,24.1,23.2,90,9.9,Amapá,Macapá,Norte,2026
2026-06-09,26.5,29.7,23.4,2.4,86,9.0,Amapá,Macapá,Norte,2026
2026-06-10,26.0,28.5,23.1,11.6,87,9.9,Amapá,Macapá,Norte,2026
2026-06-11,26.7,29.9,23.5,7.4,85,6.9,Amapá,Macapá,Norte,2026
2026-06-12,27.4,30.7,24.2,0.2,80,12.9,Amapá,Macapá,Norte,2026
2026-06-13,26.7,30.7,24.2,6.7,84,13.6,Amapá,Macapá,Norte,2026
2026-06-14,26.9,30.1,24.6,7.4,85,12.2,Amapá,Macapá,Norte,2026
2026-06-15,27.2,30.7,24.2,3.8,84,9.0,Amapá,Macapá,Norte,2026
2026-06-16,26.4,30.4,24.2,5.2,87,8.5,Amapá,Macapá,Norte,2026
2026-06-17,25.4,28.0,23.3,12.3,89,10.0,Amapá,Macapá,Norte,2026
2026-06-18,26.9,30.1,23.6,0.6,82,8.6,Amapá,Macapá,Norte,2026
2026-06-19,27.3,30.5,23.8,0.2,79,7.3,Amapá,Macapá,Norte,2026
2026-06-20,26.8,29.8,23.8,7.7,83,8.1,Amapá,Macapá,Norte,2026
2026-06-21,27.0,30.3,23.1,4.7,81,12.9,Amapá,Macapá,Norte,2026
2026-06-22,27.4,30.8,24.3,1.6,80,10.6,Amapá,Macapá,Norte,2026
2026-06-23,26.7,30.5,23.5,6.0,85,8.8,Amapá,Macapá,Norte,2026
2026-06-24,26.6,29.8,22.7,7.9,86,6.9,Amapá,Macapá,Norte,2026
2026-06-25,27.2,30.9,25.0,4.7,85,6.7,Amapá,Macapá,Norte,2026
2026-06-26,26.8,29.8,23.6,5.3,86,10.5,Amapá,Macapá,Norte,2026
2026-06-27,26.6,29.9,23.9,13.9,84,13.7,Amapá,Macapá,Norte,2026
2026-06-28,26.7,30.8,23.7,3.2,84,8.7,Amapá,Macapá,Norte,2026
2026-06-29,26.1,28.6,23.4,37.2,86,13.6,Amapá,Macapá,Norte,2026
2026-06-30,27.2,30.5,24.4,2.8,80,10.7,Amapá,Macapá,Norte,2026
2026-07-01,26.8,30.5,23.7,5.2,85,7.9,Amapá,Macapá,Norte,2026
2026-07-02,25.7,29.2,23.7,17.3,91,8.9,Amapá,Macapá,Norte,2026
2026-07-03,26.2,29.0,24.2,11.6,89,7.8,Amapá,Macapá,Norte,2026
2026-07-04,26.8,30.5,24.4,16.5,86,8.8,Amapá,Macapá,Norte,2026
2026-07-05,26.5,30.1,23.9,9.0,87,9.8,Amapá,Macapá,Norte,2026
2026-07-06,26.7,29.2,24.2,2.0,84,9.3,Amapá,Macapá,Norte,2026
2026-07-07,26.8,30.1,23.3,3.0,84,8.4,Amapá,Macapá,Norte,2026
2026-07-08,26.9,30.2,24.1,3.8,83,11.0,Amapá,Macapá,Norte,2026
2026-07-09,27.0,30.6,23.6,1.8,81,13.2,Amapá,Macapá,Norte,2026
2026-07-10,27.2,30.3,24.0,8.0,78,16.6,Amapá,Macapá,Norte,2026
2026-07-11,27.5,30.3,25.0,1.3,76,16.4,Amapá,Macapá,Norte,2026
2026-07-12,26.7,29.9,24.0,5.7,84,9.9,Amapá,Macapá,Norte,2026
2026-07-13,27.1,29.6,24.6,0.4,81,10.7,Amapá,Macapá,Norte,2026
2026-07-14,27.2,30.2,24.2,2.8,81,13.7,Amapá,Macapá,Norte,2026
2026-07-15,27.4,30.5,24.0,0.1,78,12.7,Amapá,Macapá,Norte,2026
2026-07-16,27.8,30.9,26.1,0.4,73,16.9,Amapá,Macapá,Norte,2026
2026-07-17,26.5,29.5,23.5,7.4,83,14.0,Amapá,Macapá,Norte,2026
2026-07-18,26.5,28.7,24.3,9.0,84,13.0,Amapá,Macapá,Norte,2026
2026-07-19,25.5,28.3,23.8,23.7,90,11.7,Amapá,Macapá,Norte,2026
2026-07-20,26.0,28.7,23.9,14.2,87,12.7,Amapá,Macapá,Norte,2026
2026-07-21,25.9,28.1,24.5,9.7,86,14.5,Amapá,Macapá,Norte,2026
2026-07-22,26.6,29.9,23.7,3.1,80,14.1,Amapá,Macapá,Norte,2026
2026-07-23,27.3,30.6,24.1,1.6,79,12.8,Amapá,Macapá,Norte,2026
2026-07-24,26.9,29.7,24.0,2.6,83,15.3,Amapá,Macapá,Norte,2026
2026-07-25,27.4,30.3,24.4,0.5,78,12.0,Amapá,Macapá,Norte,2026
2026-07-26,27.4,31.0,23.7,0.0,77,10.3,Amapá,Macapá,Norte,2026
2026-07-27,27.1,30.0,24.3,2.3,83,10.3,Amapá,Macapá,Norte,2026
2026-07-28,27.1,30.5,23.5,3.7,81,13.8,Amapá,Macapá,Norte,2026
2026-07-29,27.5,30.6,25.1,2.5,79,13.6,Amapá,Macapá,Norte,2026
2026-07-30,27.3,30.6,24.6,3.4,81,14.9,Amapá,Macapá,Norte,2026
2026-07-31,26.6,29.4,22.9,8.9,81,14.3,Amapá,Macapá,Norte,2026
2026-08-01,26.8,30.3,23.6,3.1,79,9.4,Amapá,Macapá,Norte,2026
2026-08-02,26.6,29.6,24.6,6.0,83,11.1,Amapá,Macapá,Norte,2026
2026-08-03,25.4,29.5,22.4,28.5,88,9.4,Amapá,Macapá,Norte,2026
2026-08-04,26.7,30.8,22.8,3.3,82,8.1,Amapá,Macapá,Norte,2026
2026-08-05,27.6,30.6,25.1,2.1,79,13.1,Amapá,Macapá,Norte,2026
2026-08-06,27.0,29.7,24.0,2.9,82,12.3,Amapá,Macapá,Norte,2026
2026-08-07,27.3,30.2,24.9,1.3,81,11.9,Amapá,Macapá,Norte,2026
2026-08-08,27.0,30.5,24.1,1.7,82,12.7,Amapá,Macapá,Norte,2026
2026-08-09,27.0,30.1,24.0,1.4,80,15.0,Amapá,Macapá,Norte,2026
2026-08-10,27.3,30.6,24.1,1.0,79,11.6,Amapá,Macapá,Norte,2026
2026-08-11,27.3,30.7,24.0,0.9,81,10.8,Amapá,Macapá,Norte,2026
2026-08-12,27.5,30.6,24.1,0.4,79,10.7,Amapá,Macapá,Norte,2026
2026-08-13,27.0,30.3,23.2,9.7,82,7.9,Amapá,Macapá,Norte,2026
2026-08-14,27.8,31.9,24.2,0.8,81,11.2,Amapá,Macapá,Norte,2026
2026-08-15,27.8,30.9,25.1,1.3,77,15.7,Amapá,Macapá,Norte,2026
2026-08-16,27.4,30.6,24.6,4.1,79,13.1,Amapá,Macapá,Norte,2026
2026-08-17,27.2,31.2,24.1,4.3,81,15.4,Amapá,Macapá,Norte,2026
2026-08-18,27.8,31.4,25.4,1.0,74,14.6,Amapá,Macapá,Norte,2026
2026-08-19,27.6,30.6,24.8,2.4,79,12.3,Amapá,Macapá,Norte,2026
2025-06-01,25.8,28.0,23.8,30.0,87,3.5,Amazonas,Manaus,Norte,2025
2025-06-02,26.2,28.2,24.0,16.2,87,4.4,Amazonas,Manaus,Norte,2025
2025-06-03,26.6,29.5,24.8,2.5,85,5.5,Amazonas,Manaus,Norte,2025
2025-06-04,27.2,30.2,25.2,0.5,81,7.0,Amazonas,Manaus,Norte,2025
2025-06-05,26.7,29.2,24.4,2.4,84,8.1,Amazonas,Manaus,Norte,2025
2025-06-06,27.4,29.5,25.1,0.7,83,6.7,Amazonas,Manaus,Norte,2025
2025-06-07,27.7,31.2,23.8,3.4,79,5.4,Amazonas,Manaus,Norte,2025
2025-06-08,25.6,28.4,23.7,29.6,87,5.6,Amazonas,Manaus,Norte,2025
2025-06-09,26.3,29.1,24.2,5.1,87,4.6,Amazonas,Manaus,Norte,2025
2025-06-10,26.8,30.2,23.9,0.8,82,5.2,Amazonas,Manaus,Norte,2025
2025-06-11,26.5,29.9,24.2,12.5,85,4.8,Amazonas,Manaus,Norte,2025
2025-06-12,25.3,27.9,23.5,19.9,88,4.7,Amazonas,Manaus,Norte,2025
2025-06-13,25.9,28.9,23.4,2.9,84,4.7,Amazonas,Manaus,Norte,2025
2025-06-14,26.5,29.0,24.8,15.4,85,8.0,Amazonas,Manaus,Norte,2025
2025-06-15,26.6,30.3,24.7,1.6,85,8.4,Amazonas,Manaus,Norte,2025
2025-06-16,27.5,30.4,24.8,0.4,80,7.6,Amazonas,Manaus,Norte,2025
2025-06-17,27.4,29.8,24.6,4.3,80,8.3,Amazonas,Manaus,Norte,2025
2025-06-18,28.3,31.1,25.4,0.1,76,6.9,Amazonas,Manaus,Norte,2025
2025-06-19,27.2,30.1,23.8,3.3,81,5.6,Amazonas,Manaus,Norte,2025
2025-06-20,26.7,29.7,23.9,6.8,85,3.4,Amazonas,Manaus,Norte,2025
2025-06-21,26.8,29.6,24.4,0.7,84,6.4,Amazonas,Manaus,Norte,2025
2025-06-22,26.0,28.5,23.4,9.1,87,5.9,Amazonas,Manaus,Norte,2025
2025-06-23,27.8,31.7,24.7,0.1,79,4.8,Amazonas,Manaus,Norte,2025
2025-06-24,27.8,30.4,25.3,1.3,80,6.6,Amazonas,Manaus,Norte,2025
2025-06-25,27.5,30.4,24.0,0.3,80,5.6,Amazonas,Manaus,Norte,2025
2025-06-26,27.2,29.7,24.4,2.5,84,5.0,Amazonas,Manaus,Norte,2025
2025-06-27,27.2,30.3,24.5,3.1,82,6.9,Amazonas,Manaus,Norte,2025
2025-06-28,26.1,28.9,24.3,10.0,88,4.0,Amazonas,Manaus,Norte,2025
2025-06-29,27.6,31.3,24.4,0.5,81,6.8,Amazonas,Manaus,Norte,2025
2025-06-30,28.1,31.0,24.7,0.1,77,7.5,Amazonas,Manaus,Norte,2025
2025-07-01,27.9,31.6,24.8,0.3,78,6.4,Amazonas,Manaus,Norte,2025
2025-07-02,26.4,29.1,25.0,5.0,83,6.3,Amazonas,Manaus,Norte,2025
2025-07-03,26.2,29.2,23.9,7.8,83,4.7,Amazonas,Manaus,Norte,2025
2025-07-04,24.5,26.0,22.9,10.8,89,6.7,Amazonas,Manaus,Norte,2025
2025-07-05,25.2,28.3,23.2,2.1,85,4.3,Amazonas,Manaus,Norte,2025
2025-07-06,26.2,29.1,23.8,0.1,83,3.7,Amazonas,Manaus,Norte,2025
2025-07-07,26.6,29.5,24.2,0.6,81,4.6,Amazonas,Manaus,Norte,2025
2025-07-08,27.5,31.2,24.0,0.3,77,4.9,Amazonas,Manaus,Norte,2025
2025-07-09,27.4,30.4,24.3,0.7,78,5.2,Amazonas,Manaus,Norte,2025
2025-07-10,26.8,30.1,25.5,2.4,82,6.0,Amazonas,Manaus,Norte,2025
2025-07-11,26.0,29.0,23.8,5.8,86,4.9,Amazonas,Manaus,Norte,2025
2025-07-12,26.9,30.2,23.8,0.3,83,4.2,Amazonas,Manaus,Norte,2025
2025-07-13,27.2,30.2,24.2,0.9,77,5.9,Amazonas,Manaus,Norte,2025
2025-07-14,26.4,29.9,23.7,0.9,83,5.8,Amazonas,Manaus,Norte,2025
2025-07-15,27.8,30.9,24.8,0.0,75,8.1,Amazonas,Manaus,Norte,2025
2025-07-16,27.5,30.4,24.8,0.5,75,6.5,Amazonas,Manaus,Norte,2025
2025-07-17,28.3,31.4,24.9,0.0,74,5.2,Amazonas,Manaus,Norte,2025
2025-07-18,28.6,32.5,25.0,0.0,70,5.3,Amazonas,Manaus,Norte,2025
2025-07-19,28.4,32.1,24.8,0.7,67,5.8,Amazonas,Manaus,Norte,2025
2025-07-20,28.5,32.0,25.5,0.0,67,6.0,Amazonas,Manaus,Norte,2025
2025-07-21,28.0,31.2,25.3,0.0,71,4.9,Amazonas,Manaus,Norte,2025
2025-07-22,28.3,32.1,24.9,0.9,74,5.8,Amazonas,Manaus,Norte,2025
2025-07-23,28.8,32.3,25.2,0.3,71,8.6,Amazonas,Manaus,Norte,2025
2025-07-24,29.1,32.9,25.0,0.6,70,5.6,Amazonas,Manaus,Norte,2025
2025-07-25,29.6,33.3,26.0,0.0,67,7.9,Amazonas,Manaus,Norte,2025
2025-07-26,28.8,32.8,25.8,1.2,71,8.9,Amazonas,Manaus,Norte,2025
2025-07-27,28.8,31.6,26.1,2.2,73,9.1,Amazonas,Manaus,Norte,2025
2025-07-28,29.8,33.7,25.7,0.0,65,8.6,Amazonas,Manaus,Norte,2025
2025-07-29,29.8,33.7,25.9,0.0,63,7.1,Amazonas,Manaus,Norte,2025
2025-07-30,29.3,32.7,25.9,0.4,68,4.6,Amazonas,Manaus,Norte,2025
2025-07-31,29.1,33.0,25.8,0.8,68,7.0,Amazonas,Manaus,Norte,2025
2025-08-01,27.3,30.8,25.8,6.2,81,7.3,Amazonas,Manaus,Norte,2025
2025-08-02,27.4,29.8,25.3,2.6,79,7.4,Amazonas,Manaus,Norte,2025
2025-08-03,28.4,32.0,24.6,0.0,73,7.2,Amazonas,Manaus,Norte,2025
2025-08-04,29.3,33.4,25.3,0.0,68,7.7,Amazonas,Manaus,Norte,2025
2025-08-05,29.9,33.6,26.8,0.0,64,6.9,Amazonas,Manaus,Norte,2025
2025-08-06,28.0,31.5,24.9,3.5,76,5.9,Amazonas,Manaus,Norte,2025
2025-08-07,27.2,30.1,25.1,1.6,80,6.1,Amazonas,Manaus,Norte,2025
2025-08-08,26.1,29.1,24.3,7.9,83,6.4,Amazonas,Manaus,Norte,2025
2025-08-09,26.8,30.7,23.7,0.4,80,6.2,Amazonas,Manaus,Norte,2025
2025-08-10,26.2,29.1,23.3,25.2,83,5.4,Amazonas,Manaus,Norte,2025
2025-08-11,27.3,30.3,24.9,0.7,82,4.2,Amazonas,Manaus,Norte,2025
2025-08-12,27.6,31.1,24.4,0.7,80,5.0,Amazonas,Manaus,Norte,2025
2025-08-13,28.2,32.1,25.2,0.1,77,5.0,Amazonas,Manaus,Norte,2025
2025-08-14,28.2,31.4,24.8,1.4,77,5.1,Amazonas,Manaus,Norte,2025
2025-08-15,27.2,32.4,24.9,1.1,78,5.5,Amazonas,Manaus,Norte,2025
2025-08-16,27.8,31.7,24.5,0.8,78,5.2,Amazonas,Manaus,Norte,2025
2025-08-17,28.7,32.6,24.9,0.9,72,5.9,Amazonas,Manaus,Norte,2025
2025-08-18,27.5,30.3,24.1,4.5,81,4.1,Amazonas,Manaus,Norte,2025
2025-08-19,29.8,34.2,25.5,0.0,69,5.8,Amazonas,Manaus,Norte,2025
2026-06-01,26.2,29.3,23.4,0.5,86,4.0,Amazonas,Manaus,Norte,2026
2026-06-02,25.9,29.0,23.7,6.9,89,4.9,Amazonas,Manaus,Norte,2026
2026-06-03,27.5,30.8,24.5,5.9,83,6.9,Amazonas,Manaus,Norte,2026
2026-06-04,26.4,29.0,23.8,7.0,89,5.1,Amazonas,Manaus,Norte,2026
2026-06-05,26.1,29.2,24.1,15.2,88,5.2,Amazonas,Manaus,Norte,2026
2026-06-06,25.8,28.6,23.7,14.2,88,5.1,Amazonas,Manaus,Norte,2026
2026-06-07,26.2,28.5,24.0,5.8,87,5.2,Amazonas,Manaus,Norte,2026
2026-06-08,25.8,29.2,23.7,15.4,90,4.1,Amazonas,Manaus,Norte,2026
2026-06-09,25.3,27.8,23.9,9.0,88,4.4,Amazonas,Manaus,Norte,2026
2026-06-10,25.6,27.8,24.1,12.5,89,4.4,Amazonas,Manaus,Norte,2026
2026-06-11,26.9,30.5,23.9,15.8,83,6.7,Amazonas,Manaus,Norte,2026
2026-06-12,27.7,30.9,25.3,1.5,82,8.1,Amazonas,Manaus,Norte,2026
2026-06-13,28.2,31.1,25.3,0.0,76,9.5,Amazonas,Manaus,Norte,2026
2026-06-14,28.1,31.0,25.7,0.6,78,9.6,Amazonas,Manaus,Norte,2026
2026-06-15,27.3,30.4,24.5,1.5,82,6.2,Amazonas,Manaus,Norte,2026
2026-06-16,27.1,31.0,24.7,2.9,86,4.6,Amazonas,Manaus,Norte,2026
2026-06-17,25.9,28.4,23.4,15.0,88,5.3,Amazonas,Manaus,Norte,2026
2026-06-18,27.1,30.3,24.0,1.1,83,3.1,Amazonas,Manaus,Norte,2026
2026-06-19,27.0,29.7,24.4,3.4,86,2.6,Amazonas,Manaus,Norte,2026
2026-06-20,27.4,30.5,24.5,2.3,83,3.6,Amazonas,Manaus,Norte,2026
2026-06-21,28.0,31.6,24.7,2.1,78,7.2,Amazonas,Manaus,Norte,2026
2026-06-22,28.2,31.5,25.6,1.8,78,7.8,Amazonas,Manaus,Norte,2026
2026-06-23,27.6,30.2,25.5,2.6,80,5.9,Amazonas,Manaus,Norte,2026
2026-06-24,27.4,30.5,23.9,5.6,82,4.3,Amazonas,Manaus,Norte,2026
2026-06-25,25.6,27.1,24.2,37.4,91,5.7,Amazonas,Manaus,Norte,2026
2026-06-26,26.7,29.4,25.0,6.3,86,4.6,Amazonas,Manaus,Norte,2026
2026-06-27,26.7,29.7,23.8,7.4,83,7.7,Amazonas,Manaus,Norte,2026
2026-06-28,27.1,29.5,24.6,6.7,83,8.8,Amazonas,Manaus,Norte,2026
2026-06-29,26.6,29.6,24.2,14.6,86,5.8,Amazonas,Manaus,Norte,2026
2026-06-30,26.0,27.8,24.7,11.2,88,6.8,Amazonas,Manaus,Norte,2026
2026-07-01,27.5,30.7,24.6,0.7,80,7.8,Amazonas,Manaus,Norte,2026
2026-07-02,28.4,31.9,25.3,0.6,77,8.4,Amazonas,Manaus,Norte,2026
2026-07-03,28.9,32.1,26.3,0.3,75,6.4,Amazonas,Manaus,Norte,2026
2026-07-04,29.0,33.1,25.4,0.3,69,6.0,Amazonas,Manaus,Norte,2026
2026-07-05,28.6,32.6,24.6,0.0,71,5.9,Amazonas,Manaus,Norte,2026
2026-07-06,28.0,30.7,25.0,6.6,78,5.1,Amazonas,Manaus,Norte,2026
2026-07-07,26.9,30.6,24.5,3.0,82,4.3,Amazonas,Manaus,Norte,2026
2026-07-08,28.6,32.3,24.8,0.0,75,6.3,Amazonas,Manaus,Norte,2026
2026-07-09,29.4,32.8,25.8,0.6,69,9.7,Amazonas,Manaus,Norte,2026
2026-07-10,28.9,32.1,25.8,2.6,72,9.0,Amazonas,Manaus,Norte,2026
2026-07-11,28.9,33.2,26.2,1.7,71,9.4,Amazonas,Manaus,Norte,2026
2026-07-12,29.0,32.2,25.6,0.0,69,7.0,Amazonas,Manaus,Norte,2026
2026-07-13,28.6,31.2,26.1,2.9,76,4.8,Amazonas,Manaus,Norte,2026
2026-07-14,27.2,30.8,25.0,9.9,82,4.6,Amazonas,Manaus,Norte,2026
2026-07-15,28.5,32.1,25.6,1.9,75,6.0,Amazonas,Manaus,Norte,2026
2026-07-16,28.9,31.8,26.2,2.8,74,10.4,Amazonas,Manaus,Norte,2026
2026-07-17,28.5,32.3,25.6,3.0,72,10.6,Amazonas,Manaus,Norte,2026
2026-07-18,28.7,32.1,25.8,1.5,71,10.7,Amazonas,Manaus,Norte,2026
2026-07-19,28.7,32.1,24.8,0.1,70,8.7,Amazonas,Manaus,Norte,2026
2026-07-20,29.3,33.1,25.4,0.2,67,7.7,Amazonas,Manaus,Norte,2026
2026-07-21,28.8,32.2,25.6,2.2,72,8.3,Amazonas,Manaus,Norte,2026
2026-07-22,29.2,32.5,25.3,0.2,68,9.9,Amazonas,Manaus,Norte,2026
2026-07-23,29.4,32.9,25.4,0.3,68,9.8,Amazonas,Manaus,Norte,2026
2026-07-24,30.2,33.7,26.6,0.0,64,8.3,Amazonas,Manaus,Norte,2026
2026-07-25,30.2,33.6,26.4,0.3,66,8.6,Amazonas,Manaus,Norte,2026
2026-07-26,29.5,32.7,26.3,1.8,68,6.2,Amazonas,Manaus,Norte,2026
2026-07-27,29.4,32.8,25.2,0.7,69,4.5,Amazonas,Manaus,Norte,2026
2026-07-28,28.3,31.4,25.2,4.1,74,4.3,Amazonas,Manaus,Norte,2026
2026-07-29,29.8,33.5,25.4,0.4,67,9.0,Amazonas,Manaus,Norte,2026
2026-07-30,30.2,33.2,26.8,0.1,65,10.8,Amazonas,Manaus,Norte,2026
2026-07-31,30.0,33.3,26.0,1.6,63,9.1,Amazonas,Manaus,Norte,2026
2026-08-01,30.0,33.6,26.0,0.4,62,9.6,Amazonas,Manaus,Norte,2026
2026-08-02,30.0,33.2,26.1,0.3,61,11.0,Amazonas,Manaus,Norte,2026
2026-08-03,30.1,33.4,26.0,0.0,59,9.3,Amazonas,Manaus,Norte,2026
2026-08-04,30.0,33.4,25.7,0.0,58,8.9,Amazonas,Manaus,Norte,2026
2026-08-05,29.9,33.9,25.5,0.3,59,8.5,Amazonas,Manaus,Norte,2026
2026-08-06,30.2,33.7,26.0,0.3,60,8.9,Amazonas,Manaus,Norte,2026
2026-08-07,30.3,34.0,26.5,0.1,60,8.4,Amazonas,Manaus,Norte,2026
2026-08-08,30.5,34.0,26.1,0.0,60,8.8,Amazonas,Manaus,Norte,2026
2026-08-09,30.4,33.6,26.5,0.0,61,10.7,Amazonas,Manaus,Norte,2026
2026-08-10,30.8,34.2,27.1,0.1,58,10.3,Amazonas,Manaus,Norte,2026
2026-08-11,30.8,34.8,26.6,0.0,58,7.9,Amazonas,Manaus,Norte,2026
2026-08-12,29.4,32.8,26.4,0.2,65,7.1,Amazonas,Manaus,Norte,2026
2026-08-13,30.1,33.5,26.7,0.7,65,5.2,Amazonas,Manaus,Norte,2026
2026-08-14,30.7,34.4,26.2,0.0,63,7.7,Amazonas,Manaus,Norte,2026
2026-08-15,30.8,34.7,26.8,0.2,58,8.6,Amazonas,Manaus,Norte,2026
2026-08-16,30.6,34.2,27.0,0.4,60,10.9,Amazonas,Manaus,Norte,2026
2026-08-17,30.2,33.6,26.2,0.2,63,11.2,Amazonas,Manaus,Norte,2026
2026-08-18,30.6,34.9,26.0,0.0,58,12.8,Amazonas,Manaus,Norte,2026
2026-08-19,31.1,34.6,27.3,0.0,56,11.6,Amazonas,Manaus,Norte,2026
2025-06-01,25.1,26.8,23.2,6.2,83,15.8,Bahia,Salvador,Nordeste,2025
2025-06-02,25.9,27.4,24.7,0.7,74,18.7,Bahia,Salvador,Nordeste,2025
2025-06-03,25.1,26.3,22.8,3.0,77,16.6,Bahia,Salvador,Nordeste,2025
2025-06-04,25.3,27.3,23.0,2.1,77,14.0,Bahia,Salvador,Nordeste,2025
2025-06-05,25.1,26.7,23.7,3.0,79,12.8,Bahia,Salvador,Nordeste,2025
2025-06-06,24.5,25.8,22.7,2.6,85,10.4,Bahia,Salvador,Nordeste,2025
2025-06-07,25.0,27.4,23.0,1.6,79,9.0,Bahia,Salvador,Nordeste,2025
2025-06-08,25.3,27.0,23.2,0.4,72,11.9,Bahia,Salvador,Nordeste,2025
2025-06-09,24.6,26.8,22.4,0.0,80,8.1,Bahia,Salvador,Nordeste,2025
2025-06-10,25.0,27.1,22.7,1.7,86,8.1,Bahia,Salvador,Nordeste,2025
2025-06-11,25.0,27.0,22.9,0.7,87,8.1,Bahia,Salvador,Nordeste,2025
2025-06-12,23.7,25.3,22.3,11.2,85,16.5,Bahia,Salvador,Nordeste,2025
2025-06-13,23.4,25.4,21.7,31.5,82,26.6,Bahia,Salvador,Nordeste,2025
2025-06-14,24.1,25.9,23.4,1.9,69,26.5,Bahia,Salvador,Nordeste,2025
2025-06-15,24.8,26.1,23.1,0.9,68,20.5,Bahia,Salvador,Nordeste,2025
2025-06-16,23.9,25.6,22.3,9.4,82,17.2,Bahia,Salvador,Nordeste,2025
2025-06-17,24.4,25.1,23.3,6.6,77,20.3,Bahia,Salvador,Nordeste,2025
2025-06-18,24.5,26.7,22.5,3.2,73,17.9,Bahia,Salvador,Nordeste,2025
2025-06-19,24.1,25.1,22.9,2.8,75,14.5,Bahia,Salvador,Nordeste,2025
2025-06-20,23.7,24.9,22.2,4.3,82,12.7,Bahia,Salvador,Nordeste,2025
2025-06-21,23.8,25.4,21.9,1.7,83,5.8,Bahia,Salvador,Nordeste,2025
2025-06-22,24.3,26.5,22.1,0.4,79,6.8,Bahia,Salvador,Nordeste,2025
2025-06-23,24.5,26.2,23.0,1.3,77,9.5,Bahia,Salvador,Nordeste,2025
2025-06-24,23.6,24.8,22.3,6.4,88,11.5,Bahia,Salvador,Nordeste,2025
2025-06-25,24.5,26.6,23.2,6.5,84,13.2,Bahia,Salvador,Nordeste,2025
2025-06-26,24.2,26.0,22.9,13.2,83,17.8,Bahia,Salvador,Nordeste,2025
2025-06-27,24.4,26.1,22.7,2.6,79,13.9,Bahia,Salvador,Nordeste,2025
2025-06-28,24.5,26.2,22.9,3.3,76,19.1,Bahia,Salvador,Nordeste,2025
2025-06-29,24.8,27.2,23.4,1.6,69,14.8,Bahia,Salvador,Nordeste,2025
2025-06-30,24.4,26.1,23.1,0.4,74,14.7,Bahia,Salvador,Nordeste,2025
2025-07-01,24.5,26.8,23.2,1.2,74,15.4,Bahia,Salvador,Nordeste,2025
2025-07-02,24.0,26.3,22.2,1.7,76,15.2,Bahia,Salvador,Nordeste,2025
2025-07-03,23.6,24.9,21.8,3.1,76,17.1,Bahia,Salvador,Nordeste,2025
2025-07-04,23.4,24.5,21.0,2.5,79,13.1,Bahia,Salvador,Nordeste,2025
2025-07-05,23.2,24.8,21.6,12.7,80,19.1,Bahia,Salvador,Nordeste,2025
2025-07-06,22.6,23.4,21.8,46.7,89,19.3,Bahia,Salvador,Nordeste,2025
2025-07-07,23.1,24.1,22.2,15.7,79,23.2,Bahia,Salvador,Nordeste,2025
2025-07-08,23.7,25.1,22.5,1.3,69,18.9,Bahia,Salvador,Nordeste,2025
2025-07-09,23.5,24.8,22.1,1.6,72,12.8,Bahia,Salvador,Nordeste,2025
2025-07-10,23.2,24.2,22.0,2.7,76,14.2,Bahia,Salvador,Nordeste,2025
2025-07-11,23.3,24.5,21.5,5.7,79,16.9,Bahia,Salvador,Nordeste,2025
2025-07-12,23.6,25.1,21.9,2.3,71,21.7,Bahia,Salvador,Nordeste,2025
2025-07-13,22.3,23.4,21.5,12.0,82,18.9,Bahia,Salvador,Nordeste,2025
2025-07-14,22.3,23.9,21.3,18.5,85,15.0,Bahia,Salvador,Nordeste,2025
2025-07-15,22.9,24.3,20.7,3.9,79,11.6,Bahia,Salvador,Nordeste,2025
2025-07-16,23.7,24.5,22.7,1.4,73,15.0,Bahia,Salvador,Nordeste,2025
2025-07-17,23.2,24.3,22.4,5.6,78,14.4,Bahia,Salvador,Nordeste,2025
2025-07-18,23.4,24.9,22.0,2.4,85,9.7,Bahia,Salvador,Nordeste,2025
2025-07-19,24.3,26.2,22.7,0.5,78,9.8,Bahia,Salvador,Nordeste,2025
2025-07-20,24.1,25.9,22.1,1.0,75,13.4,Bahia,Salvador,Nordeste,2025
2025-07-21,22.8,24.3,21.1,6.1,84,11.4,Bahia,Salvador,Nordeste,2025
2025-07-22,24.1,25.9,22.7,1.9,77,11.5,Bahia,Salvador,Nordeste,2025
2025-07-23,23.6,25.0,22.2,1.0,84,10.9,Bahia,Salvador,Nordeste,2025
2025-07-24,24.3,26.2,22.8,1.2,77,13.9,Bahia,Salvador,Nordeste,2025
2025-07-25,23.5,25.9,22.0,3.6,78,15.1,Bahia,Salvador,Nordeste,2025
2025-07-26,23.3,25.4,21.5,2.2,78,11.2,Bahia,Salvador,Nordeste,2025
2025-07-27,24.6,26.7,23.3,0.1,65,13.5,Bahia,Salvador,Nordeste,2025
2025-07-28,24.4,26.1,22.8,0.1,70,10.5,Bahia,Salvador,Nordeste,2025
2025-07-29,23.9,26.7,21.3,0.1,81,7.3,Bahia,Salvador,Nordeste,2025
2025-07-30,24.0,26.5,21.3,0.0,80,10.2,Bahia,Salvador,Nordeste,2025
2025-07-31,23.9,24.9,22.4,3.2,77,15.1,Bahia,Salvador,Nordeste,2025
2025-08-01,23.2,25.0,21.3,10.8,79,23.8,Bahia,Salvador,Nordeste,2025
2025-08-02,23.6,25.6,22.4,1.6,71,23.6,Bahia,Salvador,Nordeste,2025
2025-08-03,24.3,26.3,22.4,0.0,66,19.6,Bahia,Salvador,Nordeste,2025
2025-08-04,24.4,26.5,23.1,0.0,62,15.6,Bahia,Salvador,Nordeste,2025
2025-08-05,23.9,25.4,22.3,2.4,74,14.4,Bahia,Salvador,Nordeste,2025
2025-08-06,24.0,25.6,22.6,0.8,74,13.7,Bahia,Salvador,Nordeste,2025
2025-08-07,23.8,26.0,22.1,1.4,74,13.0,Bahia,Salvador,Nordeste,2025
2025-08-08,24.2,26.1,22.8,0.2,72,9.7,Bahia,Salvador,Nordeste,2025
2025-08-09,24.2,27.0,21.9,0.4,83,9.2,Bahia,Salvador,Nordeste,2025
2025-08-10,25.1,29.1,22.0,0.2,79,12.3,Bahia,Salvador,Nordeste,2025
2025-08-11,25.3,27.3,24.1,1.3,76,13.5,Bahia,Salvador,Nordeste,2025
2025-08-12,25.1,27.0,23.4,0.7,72,11.3,Bahia,Salvador,Nordeste,2025
2025-08-13,24.7,26.8,23.0,1.2,75,11.2,Bahia,Salvador,Nordeste,2025
2025-08-14,25.0,27.2,23.2,0.4,73,10.7,Bahia,Salvador,Nordeste,2025
2025-08-15,23.3,24.1,22.2,4.1,80,14.5,Bahia,Salvador,Nordeste,2025
2025-08-16,23.1,24.9,21.5,11.2,81,15.4,Bahia,Salvador,Nordeste,2025
2025-08-17,22.4,23.4,21.3,19.0,85,18.7,Bahia,Salvador,Nordeste,2025
2025-08-18,23.5,24.6,22.6,1.9,71,20.6,Bahia,Salvador,Nordeste,2025
2025-08-19,24.1,25.9,22.8,0.0,63,20.3,Bahia,Salvador,Nordeste,2025
2026-06-01,24.8,26.1,23.2,2.9,83,7.8,Bahia,Salvador,Nordeste,2026
2026-06-02,24.5,26.4,22.7,7.2,85,9.6,Bahia,Salvador,Nordeste,2026
2026-06-03,24.1,25.5,22.2,17.5,86,12.8,Bahia,Salvador,Nordeste,2026
2026-06-04,24.9,26.9,22.8,16.6,77,21.2,Bahia,Salvador,Nordeste,2026
2026-06-05,25.1,26.1,23.1,8.2,68,27.1,Bahia,Salvador,Nordeste,2026
2026-06-06,24.6,26.0,23.1,4.3,67,17.8,Bahia,Salvador,Nordeste,2026
2026-06-07,24.0,25.8,21.5,6.7,76,8.9,Bahia,Salvador,Nordeste,2026
2026-06-08,25.2,26.7,23.3,0.2,69,12.0,Bahia,Salvador,Nordeste,2026
2026-06-09,25.4,27.1,24.1,0.0,65,11.4,Bahia,Salvador,Nordeste,2026
2026-06-10,24.8,26.5,23.3,0.0,71,7.5,Bahia,Salvador,Nordeste,2026
2026-06-11,25.3,27.0,23.8,0.0,69,8.9,Bahia,Salvador,Nordeste,2026
2026-06-12,25.1,27.1,22.9,0.0,71,8.1,Bahia,Salvador,Nordeste,2026
2026-06-13,25.2,27.7,22.7,0.0,72,5.7,Bahia,Salvador,Nordeste,2026
2026-06-14,24.9,27.0,22.3,0.0,82,7.1,Bahia,Salvador,Nordeste,2026
2026-06-15,25.5,27.5,23.5,1.0,78,6.5,Bahia,Salvador,Nordeste,2026
2026-06-16,25.7,27.3,24.3,3.7,81,8.2,Bahia,Salvador,Nordeste,2026
2026-06-17,25.4,28.0,23.3,1.8,84,8.4,Bahia,Salvador,Nordeste,2026
2026-06-18,24.6,25.8,23.3,10.0,81,20.1,Bahia,Salvador,Nordeste,2026
2026-06-19,24.5,25.8,23.4,4.7,72,23.7,Bahia,Salvador,Nordeste,2026
2026-06-20,24.6,25.7,23.5,0.0,61,16.4,Bahia,Salvador,Nordeste,2026
2026-06-21,24.1,26.2,21.8,0.0,69,8.5,Bahia,Salvador,Nordeste,2026
2026-06-22,24.1,26.4,21.9,0.2,71,7.3,Bahia,Salvador,Nordeste,2026
2026-06-23,23.9,25.7,21.4,3.3,82,9.4,Bahia,Salvador,Nordeste,2026
2026-06-24,24.6,26.5,22.2,1.8,80,7.5,Bahia,Salvador,Nordeste,2026
2026-06-25,25.0,27.5,23.5,7.8,75,13.6,Bahia,Salvador,Nordeste,2026
2026-06-26,25.3,27.3,23.4,11.0,77,20.7,Bahia,Salvador,Nordeste,2026
2026-06-27,25.5,27.1,22.7,4.4,73,20.2,Bahia,Salvador,Nordeste,2026
2026-06-28,24.7,26.9,22.2,12.7,79,18.9,Bahia,Salvador,Nordeste,2026
2026-06-29,25.5,26.8,24.3,1.5,70,16.4,Bahia,Salvador,Nordeste,2026
2026-06-30,25.0,26.8,24.1,1.8,72,13.7,Bahia,Salvador,Nordeste,2026
2026-07-01,24.8,27.3,23.3,4.4,76,14.6,Bahia,Salvador,Nordeste,2026
2026-07-02,25.1,27.0,23.0,4.0,72,14.2,Bahia,Salvador,Nordeste,2026
2026-07-03,24.9,26.7,22.9,2.5,72,14.9,Bahia,Salvador,Nordeste,2026
2026-07-04,24.1,25.9,22.7,6.8,78,12.2,Bahia,Salvador,Nordeste,2026
2026-07-05,23.9,25.0,22.5,9.9,83,11.3,Bahia,Salvador,Nordeste,2026
2026-07-06,24.6,26.1,22.8,2.4,73,12.0,Bahia,Salvador,Nordeste,2026
2026-07-07,23.9,24.9,22.6,1.9,79,9.6,Bahia,Salvador,Nordeste,2026
2026-07-08,24.3,27.1,21.8,1.2,83,6.1,Bahia,Salvador,Nordeste,2026
2026-07-09,24.3,26.8,22.0,0.7,79,7.2,Bahia,Salvador,Nordeste,2026
2026-07-10,24.3,25.9,23.0,2.1,77,7.5,Bahia,Salvador,Nordeste,2026
2026-07-11,24.5,27.3,22.0,0.6,79,6.9,Bahia,Salvador,Nordeste,2026
2026-07-12,24.5,27.5,21.9,1.3,80,8.2,Bahia,Salvador,Nordeste,2026
2026-07-13,24.9,28.5,21.6,0.0,81,9.8,Bahia,Salvador,Nordeste,2026
2026-07-14,24.5,26.1,23.3,5.9,85,12.9,Bahia,Salvador,Nordeste,2026
2026-07-15,23.9,25.1,22.6,8.1,73,26.9,Bahia,Salvador,Nordeste,2026
2026-07-16,23.8,25.4,22.7,1.0,64,21.7,Bahia,Salvador,Nordeste,2026
2026-07-17,24.0,25.8,23.0,2.9,68,21.9,Bahia,Salvador,Nordeste,2026
2026-07-18,24.2,26.7,22.5,2.9,70,19.7,Bahia,Salvador,Nordeste,2026
2026-07-19,24.4,26.0,23.3,2.6,69,19.7,Bahia,Salvador,Nordeste,2026
2026-07-20,24.6,26.3,23.2,1.6,70,13.8,Bahia,Salvador,Nordeste,2026
2026-07-21,23.5,25.3,21.8,10.5,83,13.4,Bahia,Salvador,Nordeste,2026
2026-07-22,24.0,26.4,21.7,6.7,81,11.2,Bahia,Salvador,Nordeste,2026
2026-07-23,24.6,26.4,23.2,0.9,76,9.2,Bahia,Salvador,Nordeste,2026
2026-07-24,24.3,26.5,21.8,0.7,76,8.2,Bahia,Salvador,Nordeste,2026
2026-07-25,25.2,27.0,23.5,0.0,70,10.0,Bahia,Salvador,Nordeste,2026
2026-07-26,24.5,26.8,22.0,1.3,77,7.4,Bahia,Salvador,Nordeste,2026
2026-07-27,24.6,26.3,23.2,0.2,72,10.7,Bahia,Salvador,Nordeste,2026
2026-07-28,24.6,26.6,22.6,2.1,75,10.7,Bahia,Salvador,Nordeste,2026
2026-07-29,24.4,27.1,22.1,1.3,77,10.5,Bahia,Salvador,Nordeste,2026
2026-07-30,24.7,27.2,22.3,0.0,66,9.7,Bahia,Salvador,Nordeste,2026
2026-07-31,24.6,26.1,23.4,2.6,67,18.8,Bahia,Salvador,Nordeste,2026
2026-08-01,25.0,27.1,23.5,0.0,63,17.4,Bahia,Salvador,Nordeste,2026
2026-08-02,24.9,26.9,22.7,2.7,66,13.5,Bahia,Salvador,Nordeste,2026
2026-08-03,24.2,25.9,22.3,3.7,72,14.6,Bahia,Salvador,Nordeste,2026
2026-08-04,24.4,26.4,21.0,2.5,70,12.8,Bahia,Salvador,Nordeste,2026
2026-08-05,24.2,25.8,22.3,1.2,75,10.4,Bahia,Salvador,Nordeste,2026
2026-08-06,24.0,25.9,21.7,1.1,82,8.3,Bahia,Salvador,Nordeste,2026
2026-08-07,25.2,27.6,22.6,1.7,78,9.3,Bahia,Salvador,Nordeste,2026
2026-08-08,25.7,29.1,23.0,0.4,78,13.4,Bahia,Salvador,Nordeste,2026
2026-08-09,25.6,28.2,23.3,2.3,76,11.4,Bahia,Salvador,Nordeste,2026
2026-08-10,25.5,27.4,22.8,0.3,69,10.2,Bahia,Salvador,Nordeste,2026
2026-08-11,25.4,26.9,24.1,2.3,68,20.0,Bahia,Salvador,Nordeste,2026
2026-08-12,24.4,25.3,22.8,6.2,75,20.9,Bahia,Salvador,Nordeste,2026
2026-08-13,24.6,26.4,23.2,0.6,69,14.3,Bahia,Salvador,Nordeste,2026
2026-08-14,24.6,27.2,21.6,0.0,74,6.7,Bahia,Salvador,Nordeste,2026
2026-08-15,25.7,27.8,23.6,0.2,70,12.4,Bahia,Salvador,Nordeste,2026
2026-08-16,25.6,28.0,23.5,4.5,70,16.7,Bahia,Salvador,Nordeste,2026
2026-08-17,24.3,25.4,22.8,8.9,76,23.5,Bahia,Salvador,Nordeste,2026
2026-08-18,24.3,26.1,22.9,2.6,69,19.2,Bahia,Salvador,Nordeste,2026
2026-08-19,24.1,26.0,22.2,2.0,74,13.4,Bahia,Salvador,Nordeste,2026
2025-06-01,26.4,29.2,23.3,6.8,79,14.3,Ceará,Fortaleza,Nordeste,2025
2025-06-02,27.2,30.6,22.7,5.1,75,13.8,Ceará,Fortaleza,Nordeste,2025
2025-06-03,26.4,30.0,23.2,1.5,79,12.6,Ceará,Fortaleza,Nordeste,2025
2025-06-04,27.1,29.8,24.6,2.1,76,14.4,Ceará,Fortaleza,Nordeste,2025
2025-06-05,26.7,30.0,23.7,5.2,80,13.5,Ceará,Fortaleza,Nordeste,2025
2025-06-06,26.4,29.6,23.4,5.3,82,13.6,Ceará,Fortaleza,Nordeste,2025
2025-06-07,27.4,29.8,25.7,1.2,77,14.8,Ceará,Fortaleza,Nordeste,2025
2025-06-08,27.5,30.3,24.8,2.4,77,15.3,Ceará,Fortaleza,Nordeste,2025
2025-06-09,26.2,29.4,23.2,4.3,81,13.5,Ceará,Fortaleza,Nordeste,2025
2025-06-10,26.6,29.8,23.3,1.4,80,11.8,Ceará,Fortaleza,Nordeste,2025
2025-06-11,27.2,29.8,25.7,2.3,76,12.6,Ceará,Fortaleza,Nordeste,2025
2025-06-12,27.0,30.0,24.2,0.8,74,10.5,Ceará,Fortaleza,Nordeste,2025
2025-06-13,27.3,30.8,23.8,1.2,74,13.7,Ceará,Fortaleza,Nordeste,2025
2025-06-14,27.5,31.0,24.4,2.1,68,17.7,Ceará,Fortaleza,Nordeste,2025
2025-06-15,26.3,29.6,23.4,2.8,77,13.0,Ceará,Fortaleza,Nordeste,2025
2025-06-16,26.4,30.6,23.2,1.6,76,10.8,Ceará,Fortaleza,Nordeste,2025
2025-06-17,26.8,30.4,23.3,1.3,74,13.0,Ceará,Fortaleza,Nordeste,2025
2025-06-18,26.9,29.1,24.9,0.7,73,16.7,Ceará,Fortaleza,Nordeste,2025
2025-06-19,26.3,29.2,22.6,8.7,78,16.7,Ceará,Fortaleza,Nordeste,2025
2025-06-20,24.9,27.5,22.6,28.2,88,13.8,Ceará,Fortaleza,Nordeste,2025
2025-06-21,25.2,28.3,23.4,24.9,86,15.5,Ceará,Fortaleza,Nordeste,2025
2025-06-22,25.5,28.6,22.7,8.2,85,14.0,Ceará,Fortaleza,Nordeste,2025
2025-06-23,26.6,29.3,23.8,0.4,79,15.6,Ceará,Fortaleza,Nordeste,2025
2025-06-24,26.5,28.6,24.2,2.1,83,12.9,Ceará,Fortaleza,Nordeste,2025
2025-06-25,26.5,29.3,24.5,1.6,79,14.1,Ceará,Fortaleza,Nordeste,2025
2025-06-26,26.5,29.1,24.4,2.3,78,16.8,Ceará,Fortaleza,Nordeste,2025
2025-06-27,26.1,29.0,22.9,4.1,79,12.7,Ceará,Fortaleza,Nordeste,2025
2025-06-28,25.4,28.2,22.8,6.6,85,10.0,Ceará,Fortaleza,Nordeste,2025
2025-06-29,24.9,28.1,22.1,9.7,87,11.0,Ceará,Fortaleza,Nordeste,2025
2025-06-30,25.8,28.4,23.1,2.0,83,12.0,Ceará,Fortaleza,Nordeste,2025
2025-07-01,25.1,28.1,22.9,3.9,86,12.2,Ceará,Fortaleza,Nordeste,2025
2025-07-02,25.1,29.4,21.9,12.7,85,12.4,Ceará,Fortaleza,Nordeste,2025
2025-07-03,26.2,30.1,23.1,0.5,74,11.8,Ceará,Fortaleza,Nordeste,2025
2025-07-04,26.2,29.8,23.1,0.7,76,11.9,Ceará,Fortaleza,Nordeste,2025
2025-07-05,26.6,30.9,23.2,0.0,74,11.0,Ceará,Fortaleza,Nordeste,2025
2025-07-06,26.2,30.0,22.9,5.7,79,10.5,Ceará,Fortaleza,Nordeste,2025
2025-07-07,25.7,29.6,22.1,6.3,83,9.5,Ceará,Fortaleza,Nordeste,2025
2025-07-08,27.0,31.6,24.5,4.0,74,14.0,Ceará,Fortaleza,Nordeste,2025
2025-07-09,26.8,31.2,23.8,3.9,73,14.1,Ceará,Fortaleza,Nordeste,2025
2025-07-10,25.6,26.9,24.3,2.9,78,12.0,Ceará,Fortaleza,Nordeste,2025
2025-07-11,26.1,29.7,23.5,1.0,75,16.9,Ceará,Fortaleza,Nordeste,2025
2025-07-12,26.2,30.5,23.2,0.0,74,15.3,Ceará,Fortaleza,Nordeste,2025
2025-07-13,26.3,30.6,23.2,0.6,73,13.2,Ceará,Fortaleza,Nordeste,2025
2025-07-14,26.8,31.1,23.8,0.3,75,13.0,Ceará,Fortaleza,Nordeste,2025
2025-07-15,26.7,31.0,24.1,1.5,75,12.4,Ceará,Fortaleza,Nordeste,2025
2025-07-16,27.1,31.6,23.9,0.0,70,13.2,Ceará,Fortaleza,Nordeste,2025
2025-07-17,26.8,31.2,23.7,1.5,72,14.7,Ceará,Fortaleza,Nordeste,2025
2025-07-18,26.8,29.9,23.6,2.2,74,15.0,Ceará,Fortaleza,Nordeste,2025
2025-07-19,26.9,30.0,24.6,1.1,74,15.4,Ceará,Fortaleza,Nordeste,2025
2025-07-20,26.8,29.5,24.1,1.5,76,17.8,Ceará,Fortaleza,Nordeste,2025
2025-07-21,26.1,29.0,22.6,4.3,79,13.7,Ceará,Fortaleza,Nordeste,2025
2025-07-22,26.6,29.8,24.1,1.7,73,16.0,Ceará,Fortaleza,Nordeste,2025
2025-07-23,26.7,29.6,24.4,2.3,76,16.5,Ceará,Fortaleza,Nordeste,2025
2025-07-24,26.6,30.1,23.5,3.1,78,16.3,Ceará,Fortaleza,Nordeste,2025
2025-07-25,26.7,29.7,24.1,0.1,70,16.8,Ceará,Fortaleza,Nordeste,2025
2025-07-26,27.0,30.3,24.0,0.0,71,16.2,Ceará,Fortaleza,Nordeste,2025
2025-07-27,27.3,30.8,24.5,0.4,72,14.4,Ceará,Fortaleza,Nordeste,2025
2025-07-28,27.0,29.9,24.5,1.4,76,16.2,Ceará,Fortaleza,Nordeste,2025
2025-07-29,25.8,29.1,22.5,4.3,81,13.4,Ceará,Fortaleza,Nordeste,2025
2025-07-30,26.3,28.7,24.5,1.5,78,14.3,Ceará,Fortaleza,Nordeste,2025
2025-07-31,26.5,29.0,24.6,2.1,76,17.1,Ceará,Fortaleza,Nordeste,2025
2025-08-01,26.5,29.7,24.2,0.6,74,14.7,Ceará,Fortaleza,Nordeste,2025
2025-08-02,26.7,31.4,23.3,0.8,74,14.8,Ceará,Fortaleza,Nordeste,2025
2025-08-03,26.9,30.2,24.0,1.1,68,16.4,Ceará,Fortaleza,Nordeste,2025
2025-08-04,26.4,29.5,22.8,1.3,74,15.5,Ceará,Fortaleza,Nordeste,2025
2025-08-05,27.0,31.5,22.9,0.4,70,14.9,Ceará,Fortaleza,Nordeste,2025
2025-08-06,27.3,31.8,24.5,0.8,71,14.6,Ceará,Fortaleza,Nordeste,2025
2025-08-07,27.5,31.8,24.9,0.9,68,16.1,Ceará,Fortaleza,Nordeste,2025
2025-08-08,27.0,30.5,24.3,0.3,70,15.0,Ceará,Fortaleza,Nordeste,2025
2025-08-09,26.8,30.3,24.2,0.8,76,11.5,Ceará,Fortaleza,Nordeste,2025
2025-08-10,27.0,30.6,23.9,0.5,75,12.9,Ceará,Fortaleza,Nordeste,2025
2025-08-11,27.3,30.2,25.6,1.3,72,14.4,Ceará,Fortaleza,Nordeste,2025
2025-08-12,26.3,29.2,22.7,1.9,75,13.7,Ceará,Fortaleza,Nordeste,2025
2025-08-13,26.5,29.3,23.6,1.4,72,17.1,Ceará,Fortaleza,Nordeste,2025
2025-08-14,27.1,30.9,24.0,0.0,68,16.4,Ceará,Fortaleza,Nordeste,2025
2025-08-15,26.7,28.6,24.3,2.8,76,18.4,Ceará,Fortaleza,Nordeste,2025
2025-08-16,26.2,29.6,23.5,1.1,75,15.6,Ceará,Fortaleza,Nordeste,2025
2025-08-17,26.5,30.8,22.6,4.6,72,16.0,Ceará,Fortaleza,Nordeste,2025
2025-08-18,26.9,30.9,23.3,0.2,62,18.2,Ceará,Fortaleza,Nordeste,2025
2025-08-19,27.1,31.0,23.4,0.0,62,19.1,Ceará,Fortaleza,Nordeste,2025
2026-06-01,27.0,30.3,24.8,5.4,83,7.5,Ceará,Fortaleza,Nordeste,2026
2026-06-02,27.5,30.5,25.0,0.4,78,8.6,Ceará,Fortaleza,Nordeste,2026
2026-06-03,27.1,29.8,25.2,5.1,80,10.1,Ceará,Fortaleza,Nordeste,2026
2026-06-04,27.3,30.5,24.4,2.4,78,10.2,Ceará,Fortaleza,Nordeste,2026
2026-06-05,26.9,30.3,23.5,2.6,77,12.2,Ceará,Fortaleza,Nordeste,2026
2026-06-06,26.9,30.3,23.6,3.4,79,11.2,Ceará,Fortaleza,Nordeste,2026
2026-06-07,26.3,29.5,23.0,8.3,81,13.9,Ceará,Fortaleza,Nordeste,2026
2026-06-08,27.1,30.8,24.0,0.8,76,14.4,Ceará,Fortaleza,Nordeste,2026
2026-06-09,26.9,30.8,23.5,0.9,78,14.2,Ceará,Fortaleza,Nordeste,2026
2026-06-10,26.3,29.6,24.1,9.2,83,13.5,Ceará,Fortaleza,Nordeste,2026
2026-06-11,27.0,30.7,23.6,0.0,76,10.7,Ceará,Fortaleza,Nordeste,2026
2026-06-12,27.2,29.6,25.1,0.7,77,14.4,Ceará,Fortaleza,Nordeste,2026
2026-06-13,27.2,30.1,24.7,0.3,79,12.7,Ceará,Fortaleza,Nordeste,2026
2026-06-14,26.3,29.0,24.8,9.0,83,11.9,Ceará,Fortaleza,Nordeste,2026
2026-06-15,26.9,30.2,23.6,2.7,81,12.4,Ceará,Fortaleza,Nordeste,2026
2026-06-16,27.1,29.9,24.3,0.4,77,13.4,Ceará,Fortaleza,Nordeste,2026
2026-06-17,26.3,29.5,23.7,5.6,83,10.9,Ceará,Fortaleza,Nordeste,2026
2026-06-18,26.7,30.5,22.6,2.4,81,9.7,Ceará,Fortaleza,Nordeste,2026
2026-06-19,27.0,32.0,22.4,3.6,77,11.2,Ceará,Fortaleza,Nordeste,2026
2026-06-20,26.2,29.9,22.6,5.9,77,11.1,Ceará,Fortaleza,Nordeste,2026
2026-06-21,26.9,30.3,23.8,1.7,79,10.0,Ceará,Fortaleza,Nordeste,2026
2026-06-22,27.3,30.4,24.4,1.2,77,13.4,Ceará,Fortaleza,Nordeste,2026
2026-06-23,27.5,30.9,24.4,2.5,76,14.1,Ceará,Fortaleza,Nordeste,2026
2026-06-24,27.9,31.7,24.7,2.1,71,15.1,Ceará,Fortaleza,Nordeste,2026
2026-06-25,27.7,31.4,24.0,0.0,68,14.9,Ceará,Fortaleza,Nordeste,2026
2026-06-26,27.0,29.7,23.6,4.6,77,12.9,Ceará,Fortaleza,Nordeste,2026
2026-06-27,26.7,30.1,23.6,6.2,79,12.0,Ceará,Fortaleza,Nordeste,2026
2026-06-28,25.8,28.0,23.5,5.3,84,13.1,Ceará,Fortaleza,Nordeste,2026
2026-06-29,26.6,29.3,23.9,1.6,72,15.2,Ceará,Fortaleza,Nordeste,2026
2026-06-30,27.4,30.2,24.8,1.6,73,16.6,Ceará,Fortaleza,Nordeste,2026
2026-07-01,27.2,30.7,23.6,0.4,71,16.6,Ceará,Fortaleza,Nordeste,2026
2026-07-02,27.1,30.9,23.5,0.0,67,16.5,Ceará,Fortaleza,Nordeste,2026
2026-07-03,25.9,29.3,24.3,10.4,79,14.4,Ceará,Fortaleza,Nordeste,2026
2026-07-04,24.5,25.3,23.5,18.6,91,14.3,Ceará,Fortaleza,Nordeste,2026
2026-07-05,25.8,28.9,23.5,16.6,84,14.0,Ceará,Fortaleza,Nordeste,2026
2026-07-06,26.9,30.1,24.3,1.0,79,11.2,Ceará,Fortaleza,Nordeste,2026
2026-07-07,26.9,30.3,24.4,0.8,77,12.2,Ceará,Fortaleza,Nordeste,2026
2026-07-08,27.0,29.2,25.7,2.0,77,14.7,Ceará,Fortaleza,Nordeste,2026
2026-07-09,25.8,28.8,22.5,6.2,84,14.2,Ceará,Fortaleza,Nordeste,2026
2026-07-10,25.9,28.8,23.1,4.9,82,15.2,Ceará,Fortaleza,Nordeste,2026
2026-07-11,26.7,28.9,24.6,2.1,78,15.7,Ceará,Fortaleza,Nordeste,2026
2026-07-12,26.9,29.2,24.6,0.1,77,16.4,Ceará,Fortaleza,Nordeste,2026
2026-07-13,27.0,29.1,24.6,3.5,78,12.9,Ceará,Fortaleza,Nordeste,2026
2026-07-14,27.0,29.3,24.6,1.3,77,10.6,Ceará,Fortaleza,Nordeste,2026
2026-07-15,26.7,29.3,23.8,3.4,78,13.8,Ceará,Fortaleza,Nordeste,2026
2026-07-16,26.7,30.6,23.6,2.4,74,17.2,Ceará,Fortaleza,Nordeste,2026
2026-07-17,27.0,31.4,23.5,0.5,71,17.7,Ceará,Fortaleza,Nordeste,2026
2026-07-18,26.9,29.8,24.9,3.4,74,18.8,Ceará,Fortaleza,Nordeste,2026
2026-07-19,27.1,30.9,23.7,0.0,69,16.0,Ceará,Fortaleza,Nordeste,2026
2026-07-20,27.3,30.3,24.3,2.3,70,16.7,Ceará,Fortaleza,Nordeste,2026
2026-07-21,25.4,28.2,23.2,14.3,85,15.3,Ceará,Fortaleza,Nordeste,2026
2026-07-22,26.2,29.0,23.4,0.2,78,13.9,Ceará,Fortaleza,Nordeste,2026
2026-07-23,26.5,28.9,24.3,3.1,79,15.2,Ceará,Fortaleza,Nordeste,2026
2026-07-24,26.0,28.6,23.6,1.9,82,12.8,Ceará,Fortaleza,Nordeste,2026
2026-07-25,27.0,30.2,24.2,0.2,76,12.2,Ceará,Fortaleza,Nordeste,2026
2026-07-26,27.5,30.0,25.5,1.2,75,17.1,Ceará,Fortaleza,Nordeste,2026
2026-07-27,27.1,29.7,24.2,0.9,74,15.8,Ceará,Fortaleza,Nordeste,2026
2026-07-28,27.3,30.0,25.0,0.7,74,16.6,Ceará,Fortaleza,Nordeste,2026
2026-07-29,27.3,30.7,24.2,1.3,70,16.1,Ceará,Fortaleza,Nordeste,2026
2026-07-30,27.5,30.7,25.2,0.3,69,15.9,Ceará,Fortaleza,Nordeste,2026
2026-07-31,27.6,30.5,25.5,0.2,66,15.2,Ceará,Fortaleza,Nordeste,2026
2026-08-01,27.5,31.7,24.4,0.4,69,15.2,Ceará,Fortaleza,Nordeste,2026
2026-08-02,27.2,31.1,23.8,0.0,63,17.3,Ceará,Fortaleza,Nordeste,2026
2026-08-03,26.9,29.9,23.6,0.9,72,15.0,Ceará,Fortaleza,Nordeste,2026
2026-08-04,27.4,29.9,25.0,0.7,70,17.6,Ceará,Fortaleza,Nordeste,2026
2026-08-05,27.7,31.3,24.6,0.5,68,16.3,Ceará,Fortaleza,Nordeste,2026
2026-08-06,27.6,30.6,25.7,0.2,69,17.7,Ceará,Fortaleza,Nordeste,2026
2026-08-07,27.3,30.1,25.0,1.3,72,17.0,Ceará,Fortaleza,Nordeste,2026
2026-08-08,27.4,29.7,25.6,1.4,72,16.9,Ceará,Fortaleza,Nordeste,2026
2026-08-09,27.1,29.4,25.3,3.8,76,16.4,Ceará,Fortaleza,Nordeste,2026
2026-08-10,27.0,29.7,24.9,2.3,76,16.1,Ceará,Fortaleza,Nordeste,2026
2026-08-11,27.4,31.0,25.2,0.7,73,15.3,Ceará,Fortaleza,Nordeste,2026
2026-08-12,27.0,30.9,23.4,0.4,71,15.1,Ceará,Fortaleza,Nordeste,2026
2026-08-13,27.5,30.8,24.4,0.0,67,17.6,Ceará,Fortaleza,Nordeste,2026
2026-08-14,27.9,31.2,25.0,0.0,65,16.7,Ceará,Fortaleza,Nordeste,2026
2026-08-15,27.7,30.4,25.7,0.4,70,18.1,Ceará,Fortaleza,Nordeste,2026
2026-08-16,27.9,31.5,25.2,0.5,65,20.4,Ceará,Fortaleza,Nordeste,2026
2026-08-17,27.5,30.8,23.9,0.0,64,20.2,Ceará,Fortaleza,Nordeste,2026
2026-08-18,27.9,31.2,24.8,0.0,64,20.0,Ceará,Fortaleza,Nordeste,2026
2026-08-19,27.9,31.5,24.9,1.2,67,18.4,Ceará,Fortaleza,Nordeste,2026
2025-06-01,21.0,24.9,17.4,0.7,72,9.8,Distrito Federal,Brasília,Centro-Oeste,2025
2025-06-02,20.9,25.1,17.5,0.2,70,12.3,Distrito Federal,Brasília,Centro-Oeste,2025
2025-06-03,20.5,25.0,17.0,0.2,73,11.3,Distrito Federal,Brasília,Centro-Oeste,2025
2025-06-04,20.5,25.6,16.5,0.0,70,9.3,Distrito Federal,Brasília,Centro-Oeste,2025
2025-06-05,20.9,26.0,16.8,0.0,67,8.3,Distrito Federal,Brasília,Centro-Oeste,2025
2025-06-06,21.5,27.1,16.8,0.0,61,5.7,Distrito Federal,Brasília,Centro-Oeste,2025
2025-06-07,21.7,27.8,16.9,0.0,56,6.7,Distrito Federal,Brasília,Centro-Oeste,2025
2025-06-08,22.1,28.5,17.1,0.0,47,6.9,Distrito Federal,Brasília,Centro-Oeste,2025
2025-06-09,22.2,28.1,17.2,0.0,45,7.8,Distrito Federal,Brasília,Centro-Oeste,2025
2025-06-10,21.1,26.6,16.4,0.3,63,4.8,Distrito Federal,Brasília,Centro-Oeste,2025
2025-06-11,21.2,27.8,16.2,0.0,62,8.7,Distrito Federal,Brasília,Centro-Oeste,2025
2025-06-12,20.0,25.0,15.4,0.0,62,8.8,Distrito Federal,Brasília,Centro-Oeste,2025
2025-06-13,19.3,23.8,15.8,1.1,70,13.1,Distrito Federal,Brasília,Centro-Oeste,2025
2025-06-14,18.3,23.6,13.5,0.0,66,13.1,Distrito Federal,Brasília,Centro-Oeste,2025
2025-06-15,18.2,24.1,12.6,0.0,61,9.4,Distrito Federal,Brasília,Centro-Oeste,2025
2025-06-16,18.8,24.6,13.8,0.0,56,10.8,Distrito Federal,Brasília,Centro-Oeste,2025
2025-06-17,18.8,25.1,13.2,0.0,60,10.6,Distrito Federal,Brasília,Centro-Oeste,2025
2025-06-18,19.7,25.4,14.8,0.0,62,10.0,Distrito Federal,Brasília,Centro-Oeste,2025
2025-06-19,19.7,24.1,15.8,0.4,62,10.2,Distrito Federal,Brasília,Centro-Oeste,2025
2025-06-20,19.8,24.2,15.1,0.0,53,5.9,Distrito Federal,Brasília,Centro-Oeste,2025
2025-06-21,21.0,27.0,15.6,0.0,48,4.3,Distrito Federal,Brasília,Centro-Oeste,2025
2025-06-22,21.4,27.9,15.4,0.0,51,4.0,Distrito Federal,Brasília,Centro-Oeste,2025
2025-06-23,22.6,29.0,17.0,0.0,47,4.0,Distrito Federal,Brasília,Centro-Oeste,2025
2025-06-24,20.5,25.4,16.5,0.2,67,7.7,Distrito Federal,Brasília,Centro-Oeste,2025
2025-06-25,19.6,25.3,14.5,0.1,72,11.1,Distrito Federal,Brasília,Centro-Oeste,2025
2025-06-26,20.3,25.4,15.8,0.0,62,11.5,Distrito Federal,Brasília,Centro-Oeste,2025
2025-06-27,20.5,26.5,15.8,0.0,58,8.5,Distrito Federal,Brasília,Centro-Oeste,2025
2025-06-28,20.3,25.7,15.0,0.0,55,11.6,Distrito Federal,Brasília,Centro-Oeste,2025
2025-06-29,21.2,27.5,15.4,0.0,53,6.4,Distrito Federal,Brasília,Centro-Oeste,2025
2025-06-30,21.0,26.4,16.5,0.0,52,9.6,Distrito Federal,Brasília,Centro-Oeste,2025
2025-07-01,20.4,26.0,15.5,0.0,47,9.3,Distrito Federal,Brasília,Centro-Oeste,2025
2025-07-02,20.2,25.9,15.1,0.0,49,11.3,Distrito Federal,Brasília,Centro-Oeste,2025
2025-07-03,19.3,24.6,14.7,0.0,51,12.9,Distrito Federal,Brasília,Centro-Oeste,2025
2025-07-04,18.8,23.9,14.1,0.0,55,12.4,Distrito Federal,Brasília,Centro-Oeste,2025
2025-07-05,18.7,23.8,13.8,0.0,55,9.8,Distrito Federal,Brasília,Centro-Oeste,2025
2025-07-06,19.1,24.3,13.8,0.0,53,7.2,Distrito Federal,Brasília,Centro-Oeste,2025
2025-07-07,19.6,25.5,14.4,0.0,46,8.5,Distrito Federal,Brasília,Centro-Oeste,2025
2025-07-08,19.6,24.9,14.2,0.0,48,8.6,Distrito Federal,Brasília,Centro-Oeste,2025
2025-07-09,19.6,25.0,14.4,0.0,45,9.4,Distrito Federal,Brasília,Centro-Oeste,2025
2025-07-10,19.1,24.5,14.0,0.0,46,11.9,Distrito Federal,Brasília,Centro-Oeste,2025
2025-07-11,18.5,23.0,14.0,0.2,53,11.7,Distrito Federal,Brasília,Centro-Oeste,2025
2025-07-12,18.5,23.5,13.6,1.0,57,12.2,Distrito Federal,Brasília,Centro-Oeste,2025
2025-07-13,18.4,23.2,13.7,0.2,58,11.6,Distrito Federal,Brasília,Centro-Oeste,2025
2025-07-14,18.6,23.0,14.4,0.0,54,9.3,Distrito Federal,Brasília,Centro-Oeste,2025
2025-07-15,18.9,24.3,14.0,0.0,49,9.7,Distrito Federal,Brasília,Centro-Oeste,2025
2025-07-16,19.7,25.7,14.5,0.0,47,7.9,Distrito Federal,Brasília,Centro-Oeste,2025
2025-07-17,19.5,25.0,14.1,0.0,48,7.3,Distrito Federal,Brasília,Centro-Oeste,2025
2025-07-18,20.1,25.9,14.5,0.0,43,5.0,Distrito Federal,Brasília,Centro-Oeste,2025
2025-07-19,20.7,26.7,14.8,0.0,41,5.6,Distrito Federal,Brasília,Centro-Oeste,2025
2025-07-20,21.1,27.0,15.9,0.0,40,5.4,Distrito Federal,Brasília,Centro-Oeste,2025
2025-07-21,21.3,26.9,16.0,0.0,46,8.4,Distrito Federal,Brasília,Centro-Oeste,2025
2025-07-22,21.9,27.3,16.8,0.0,45,7.4,Distrito Federal,Brasília,Centro-Oeste,2025
2025-07-23,22.0,27.5,16.5,0.0,44,6.5,Distrito Federal,Brasília,Centro-Oeste,2025
2025-07-24,22.2,27.7,17.1,0.0,40,7.2,Distrito Federal,Brasília,Centro-Oeste,2025
2025-07-25,22.3,28.0,17.1,0.0,43,8.0,Distrito Federal,Brasília,Centro-Oeste,2025
2025-07-26,22.4,27.9,17.3,0.0,41,8.3,Distrito Federal,Brasília,Centro-Oeste,2025
2025-07-27,22.2,27.7,17.3,0.0,40,9.1,Distrito Federal,Brasília,Centro-Oeste,2025
2025-07-28,23.0,29.5,16.8,0.0,39,6.7,Distrito Federal,Brasília,Centro-Oeste,2025
2025-07-29,22.6,28.9,16.5,0.0,45,7.5,Distrito Federal,Brasília,Centro-Oeste,2025
2025-07-30,21.6,28.5,15.0,0.0,45,8.1,Distrito Federal,Brasília,Centro-Oeste,2025
2025-07-31,21.9,28.1,16.9,0.0,39,11.1,Distrito Federal,Brasília,Centro-Oeste,2025
2025-08-01,21.6,27.6,16.1,0.0,54,11.7,Distrito Federal,Brasília,Centro-Oeste,2025
2025-08-02,20.6,26.5,14.9,0.0,45,11.3,Distrito Federal,Brasília,Centro-Oeste,2025
2025-08-03,19.5,25.8,13.7,0.0,41,10.5,Distrito Federal,Brasília,Centro-Oeste,2025
2025-08-04,21.1,27.6,15.0,0.0,40,6.6,Distrito Federal,Brasília,Centro-Oeste,2025
2025-08-05,21.7,26.9,16.7,0.0,45,5.8,Distrito Federal,Brasília,Centro-Oeste,2025
2025-08-06,21.6,27.1,15.8,0.0,46,8.8,Distrito Federal,Brasília,Centro-Oeste,2025
2025-08-07,23.0,29.1,17.3,0.0,41,5.3,Distrito Federal,Brasília,Centro-Oeste,2025
2025-08-08,23.6,28.5,18.1,0.0,36,4.3,Distrito Federal,Brasília,Centro-Oeste,2025
2025-08-09,22.7,29.9,16.8,0.0,38,9.9,Distrito Federal,Brasília,Centro-Oeste,2025
2025-08-10,21.3,28.8,14.3,0.0,39,9.5,Distrito Federal,Brasília,Centro-Oeste,2025
2025-08-11,21.1,28.0,14.8,0.0,33,8.9,Distrito Federal,Brasília,Centro-Oeste,2025
2025-08-12,20.6,28.3,13.5,0.0,25,6.9,Distrito Federal,Brasília,Centro-Oeste,2025
2025-08-13,23.0,29.8,16.4,0.0,39,7.0,Distrito Federal,Brasília,Centro-Oeste,2025
2025-08-14,24.0,29.7,18.6,0.0,43,7.6,Distrito Federal,Brasília,Centro-Oeste,2025
2025-08-15,23.4,28.8,18.5,0.0,40,10.8,Distrito Federal,Brasília,Centro-Oeste,2025
2025-08-16,22.1,27.7,16.5,0.0,40,12.6,Distrito Federal,Brasília,Centro-Oeste,2025
2025-08-17,22.0,28.0,16.1,0.0,38,11.4,Distrito Federal,Brasília,Centro-Oeste,2025
2025-08-18,22.7,28.6,17.5,0.0,37,10.4,Distrito Federal,Brasília,Centro-Oeste,2025
2025-08-19,22.6,28.5,17.1,0.0,35,10.2,Distrito Federal,Brasília,Centro-Oeste,2025
2026-06-01,20.8,25.8,17.9,1.1,68,3.8,Distrito Federal,Brasília,Centro-Oeste,2026
2026-06-02,20.3,24.8,16.0,0.0,64,5.6,Distrito Federal,Brasília,Centro-Oeste,2026
2026-06-03,20.3,25.0,16.8,0.0,65,9.5,Distrito Federal,Brasília,Centro-Oeste,2026
2026-06-04,19.1,24.1,15.0,0.0,68,13.2,Distrito Federal,Brasília,Centro-Oeste,2026
2026-06-05,17.7,22.7,13.7,0.0,68,13.1,Distrito Federal,Brasília,Centro-Oeste,2026
2026-06-06,17.6,23.3,12.8,0.0,62,9.6,Distrito Federal,Brasília,Centro-Oeste,2026
2026-06-07,18.7,24.7,13.2,0.0,56,5.6,Distrito Federal,Brasília,Centro-Oeste,2026
2026-06-08,20.1,25.7,15.0,0.2,59,3.4,Distrito Federal,Brasília,Centro-Oeste,2026
2026-06-09,20.8,26.7,15.6,0.0,61,3.2,Distrito Federal,Brasília,Centro-Oeste,2026
2026-06-10,21.4,26.7,16.4,0.5,61,4.8,Distrito Federal,Brasília,Centro-Oeste,2026
2026-06-11,21.0,26.6,18.4,3.5,72,5.2,Distrito Federal,Brasília,Centro-Oeste,2026
2026-06-12,19.3,23.2,17.6,10.9,90,3.5,Distrito Federal,Brasília,Centro-Oeste,2026
2026-06-13,19.4,23.7,17.0,11.6,89,5.7,Distrito Federal,Brasília,Centro-Oeste,2026
2026-06-14,20.0,25.0,16.5,0.0,84,5.1,Distrito Federal,Brasília,Centro-Oeste,2026
2026-06-15,21.5,26.4,17.1,1.7,74,3.7,Distrito Federal,Brasília,Centro-Oeste,2026
2026-06-16,21.8,26.4,17.5,0.5,69,7.8,Distrito Federal,Brasília,Centro-Oeste,2026
2026-06-17,21.0,26.3,16.6,0.1,65,9.2,Distrito Federal,Brasília,Centro-Oeste,2026
2026-06-18,20.7,26.5,15.8,0.0,58,9.3,Distrito Federal,Brasília,Centro-Oeste,2026
2026-06-19,20.5,26.9,15.6,0.0,68,8.8,Distrito Federal,Brasília,Centro-Oeste,2026
2026-06-20,21.0,26.1,16.3,0.4,67,4.5,Distrito Federal,Brasília,Centro-Oeste,2026
2026-06-21,20.9,24.6,17.3,0.0,70,3.3,Distrito Federal,Brasília,Centro-Oeste,2026
2026-06-22,21.2,26.2,17.0,0.0,61,7.2,Distrito Federal,Brasília,Centro-Oeste,2026
2026-06-23,21.2,26.3,17.1,0.0,64,3.5,Distrito Federal,Brasília,Centro-Oeste,2026
2026-06-24,21.6,27.4,17.5,4.3,64,5.6,Distrito Federal,Brasília,Centro-Oeste,2026
2026-06-25,20.4,26.3,15.6,0.1,70,10.0,Distrito Federal,Brasília,Centro-Oeste,2026
2026-06-26,19.8,24.5,16.0,0.0,65,13.7,Distrito Federal,Brasília,Centro-Oeste,2026
2026-06-27,19.5,24.5,15.7,0.6,72,11.8,Distrito Federal,Brasília,Centro-Oeste,2026
2026-06-28,19.2,24.0,15.0,0.0,72,10.8,Distrito Federal,Brasília,Centro-Oeste,2026
2026-06-29,19.3,24.5,14.9,0.0,68,8.3,Distrito Federal,Brasília,Centro-Oeste,2026
2026-06-30,19.5,25.1,15.1,0.0,65,8.7,Distrito Federal,Brasília,Centro-Oeste,2026
2026-07-01,19.4,24.7,15.3,0.0,58,10.1,Distrito Federal,Brasília,Centro-Oeste,2026
2026-07-02,19.2,24.4,14.7,0.0,65,11.0,Distrito Federal,Brasília,Centro-Oeste,2026
2026-07-03,19.3,24.7,14.6,0.0,60,8.8,Distrito Federal,Brasília,Centro-Oeste,2026
2026-07-04,20.1,25.9,15.3,0.0,59,5.8,Distrito Federal,Brasília,Centro-Oeste,2026
2026-07-05,20.8,25.8,16.0,0.0,58,5.3,Distrito Federal,Brasília,Centro-Oeste,2026
2026-07-06,21.3,26.6,16.4,0.0,53,4.8,Distrito Federal,Brasília,Centro-Oeste,2026
2026-07-07,21.7,27.7,16.7,0.0,48,3.5,Distrito Federal,Brasília,Centro-Oeste,2026
2026-07-08,20.7,26.3,15.8,0.0,51,5.5,Distrito Federal,Brasília,Centro-Oeste,2026
2026-07-09,21.2,26.7,16.4,0.0,53,6.3,Distrito Federal,Brasília,Centro-Oeste,2026
2026-07-10,21.4,26.7,16.6,0.0,54,4.8,Distrito Federal,Brasília,Centro-Oeste,2026
2026-07-11,22.1,27.5,17.2,0.0,51,5.0,Distrito Federal,Brasília,Centro-Oeste,2026
2026-07-12,22.8,27.7,18.3,0.0,47,7.0,Distrito Federal,Brasília,Centro-Oeste,2026
2026-07-13,22.3,27.1,18.1,0.4,57,8.6,Distrito Federal,Brasília,Centro-Oeste,2026
2026-07-14,20.3,25.7,15.5,0.0,66,7.9,Distrito Federal,Brasília,Centro-Oeste,2026
2026-07-15,19.9,25.3,15.0,0.3,62,11.6,Distrito Federal,Brasília,Centro-Oeste,2026
2026-07-16,19.2,24.6,14.7,0.0,62,11.9,Distrito Federal,Brasília,Centro-Oeste,2026
2026-07-17,17.4,22.9,12.4,0.0,54,12.9,Distrito Federal,Brasília,Centro-Oeste,2026
2026-07-18,18.0,23.8,12.8,0.0,59,10.5,Distrito Federal,Brasília,Centro-Oeste,2026
2026-07-19,19.2,25.6,13.8,0.0,58,8.9,Distrito Federal,Brasília,Centro-Oeste,2026
2026-07-20,19.6,25.3,14.4,0.0,56,8.0,Distrito Federal,Brasília,Centro-Oeste,2026
2026-07-21,20.7,26.5,15.2,0.0,51,5.5,Distrito Federal,Brasília,Centro-Oeste,2026
2026-07-22,21.9,27.3,16.4,0.0,46,3.5,Distrito Federal,Brasília,Centro-Oeste,2026
2026-07-23,22.7,28.4,16.7,0.0,43,4.6,Distrito Federal,Brasília,Centro-Oeste,2026
2026-07-24,23.1,28.2,18.3,0.0,44,3.3,Distrito Federal,Brasília,Centro-Oeste,2026
2026-07-25,22.4,28.2,16.5,0.0,49,7.3,Distrito Federal,Brasília,Centro-Oeste,2026
2026-07-26,21.6,26.6,17.0,0.0,56,7.4,Distrito Federal,Brasília,Centro-Oeste,2026
2026-07-27,22.4,28.1,17.2,0.0,48,5.6,Distrito Federal,Brasília,Centro-Oeste,2026
2026-07-28,23.0,29.0,17.4,0.0,43,6.0,Distrito Federal,Brasília,Centro-Oeste,2026
2026-07-29,23.9,29.3,18.2,0.0,42,4.3,Distrito Federal,Brasília,Centro-Oeste,2026
2026-07-30,24.3,30.2,19.2,0.0,37,8.5,Distrito Federal,Brasília,Centro-Oeste,2026
2026-07-31,22.0,27.2,17.5,0.0,39,13.6,Distrito Federal,Brasília,Centro-Oeste,2026
2026-08-01,20.7,26.7,15.2,0.0,45,11.7,Distrito Federal,Brasília,Centro-Oeste,2026
2026-08-02,20.4,26.1,15.0,0.0,51,10.3,Distrito Federal,Brasília,Centro-Oeste,2026
2026-08-03,20.6,25.6,15.6,0.0,56,8.9,Distrito Federal,Brasília,Centro-Oeste,2026
2026-08-04,21.2,25.1,17.7,0.0,52,8.6,Distrito Federal,Brasília,Centro-Oeste,2026
2026-08-05,22.0,27.0,16.8,0.0,45,4.9,Distrito Federal,Brasília,Centro-Oeste,2026
2026-08-06,23.3,29.1,17.4,0.0,39,6.4,Distrito Federal,Brasília,Centro-Oeste,2026
2026-08-07,24.5,30.4,19.1,0.0,35,9.6,Distrito Federal,Brasília,Centro-Oeste,2026
2026-08-08,24.1,31.0,15.8,0.0,38,7.3,Distrito Federal,Brasília,Centro-Oeste,2026
2026-08-09,25.5,31.9,19.0,0.0,34,5.4,Distrito Federal,Brasília,Centro-Oeste,2026
2026-08-10,26.4,32.6,21.7,0.0,31,8.7,Distrito Federal,Brasília,Centro-Oeste,2026
2026-08-11,24.6,29.4,20.3,0.0,35,12.3,Distrito Federal,Brasília,Centro-Oeste,2026
2026-08-12,22.9,28.5,17.7,0.0,47,9.5,Distrito Federal,Brasília,Centro-Oeste,2026
2026-08-13,23.5,28.5,19.4,0.0,44,5.4,Distrito Federal,Brasília,Centro-Oeste,2026
2026-08-14,24.4,29.8,18.7,0.0,36,5.4,Distrito Federal,Brasília,Centro-Oeste,2026
2026-08-15,24.9,30.2,19.4,0.0,33,7.0,Distrito Federal,Brasília,Centro-Oeste,2026
2026-08-16,24.1,29.8,19.4,0.0,40,12.4,Distrito Federal,Brasília,Centro-Oeste,2026
2026-08-17,22.9,27.8,17.8,0.0,49,14.2,Distrito Federal,Brasília,Centro-Oeste,2026
2026-08-18,22.6,28.9,16.7,0.0,51,11.1,Distrito Federal,Brasília,Centro-Oeste,2026
2026-08-19,23.1,29.2,17.6,0.0,41,7.5,Distrito Federal,Brasília,Centro-Oeste,2026
2025-06-01,23.0,26.5,20.7,4.9,89,5.4,Espírito Santo,Vitória,Sudeste,2025
2025-06-02,22.4,24.8,20.9,2.7,88,14.8,Espírito Santo,Vitória,Sudeste,2025
2025-06-03,22.3,25.8,20.8,6.0,91,5.7,Espírito Santo,Vitória,Sudeste,2025
2025-06-04,23.6,29.1,19.5,0.1,84,9.5,Espírito Santo,Vitória,Sudeste,2025
2025-06-05,23.7,29.8,19.3,0.0,78,8.5,Espírito Santo,Vitória,Sudeste,2025
2025-06-06,22.7,27.4,18.8,1.2,87,6.5,Espírito Santo,Vitória,Sudeste,2025
2025-06-07,22.6,25.1,20.8,0.5,85,8.8,Espírito Santo,Vitória,Sudeste,2025
2025-06-08,22.9,27.0,19.2,0.1,86,10.5,Espírito Santo,Vitória,Sudeste,2025
2025-06-09,22.5,26.0,19.6,1.1,85,10.4,Espírito Santo,Vitória,Sudeste,2025
2025-06-10,21.7,25.6,20.1,6.4,89,10.2,Espírito Santo,Vitória,Sudeste,2025
2025-06-11,20.6,23.1,19.0,1.9,80,15.9,Espírito Santo,Vitória,Sudeste,2025
2025-06-12,19.0,21.8,17.1,0.3,70,21.6,Espírito Santo,Vitória,Sudeste,2025
2025-06-13,18.7,21.2,16.7,1.4,76,12.1,Espírito Santo,Vitória,Sudeste,2025
2025-06-14,19.0,22.4,15.9,1.3,78,6.2,Espírito Santo,Vitória,Sudeste,2025
2025-06-15,19.5,23.5,15.5,0.1,86,4.7,Espírito Santo,Vitória,Sudeste,2025
2025-06-16,20.0,24.1,16.6,0.4,87,4.9,Espírito Santo,Vitória,Sudeste,2025
2025-06-17,20.8,25.1,17.1,0.9,83,4.3,Espírito Santo,Vitória,Sudeste,2025
2025-06-18,21.3,25.4,17.8,1.4,84,5.0,Espírito Santo,Vitória,Sudeste,2025
2025-06-19,20.9,24.7,16.9,0.5,84,7.1,Espírito Santo,Vitória,Sudeste,2025
2025-06-20,21.4,26.6,17.6,0.0,80,9.1,Espírito Santo,Vitória,Sudeste,2025
2025-06-21,22.0,29.1,16.3,0.0,73,9.2,Espírito Santo,Vitória,Sudeste,2025
2025-06-22,22.3,28.1,17.8,0.0,82,9.3,Espírito Santo,Vitória,Sudeste,2025
2025-06-23,23.3,28.2,20.4,0.0,81,15.9,Espírito Santo,Vitória,Sudeste,2025
2025-06-24,23.6,30.2,19.5,0.2,77,16.2,Espírito Santo,Vitória,Sudeste,2025
2025-06-25,20.2,22.0,18.9,0.0,72,17.4,Espírito Santo,Vitória,Sudeste,2025
2025-06-26,21.2,26.0,16.7,0.0,75,6.2,Espírito Santo,Vitória,Sudeste,2025
2025-06-27,22.3,26.7,18.4,0.0,84,8.1,Espírito Santo,Vitória,Sudeste,2025
2025-06-28,21.8,25.4,19.0,0.2,88,5.9,Espírito Santo,Vitória,Sudeste,2025
2025-06-29,22.3,28.0,18.2,0.0,79,11.5,Espírito Santo,Vitória,Sudeste,2025
2025-06-30,21.8,28.2,16.8,0.0,79,8.8,Espírito Santo,Vitória,Sudeste,2025
2025-07-01,21.2,24.7,18.2,1.0,87,4.4,Espírito Santo,Vitória,Sudeste,2025
2025-07-02,21.4,25.4,19.1,0.2,83,13.1,Espírito Santo,Vitória,Sudeste,2025
2025-07-03,19.2,19.6,18.8,23.0,94,19.6,Espírito Santo,Vitória,Sudeste,2025
2025-07-04,19.7,22.3,17.5,0.5,80,21.8,Espírito Santo,Vitória,Sudeste,2025
2025-07-05,19.2,22.6,16.6,0.0,76,16.2,Espírito Santo,Vitória,Sudeste,2025
2025-07-06,18.7,22.2,15.5,0.0,79,9.8,Espírito Santo,Vitória,Sudeste,2025
2025-07-07,19.4,22.7,16.4,0.0,76,12.6,Espírito Santo,Vitória,Sudeste,2025
2025-07-08,19.4,22.2,17.6,0.8,85,6.1,Espírito Santo,Vitória,Sudeste,2025
2025-07-09,19.6,23.0,16.6,4.2,88,8.1,Espírito Santo,Vitória,Sudeste,2025
2025-07-10,19.9,21.8,18.4,1.6,85,14.9,Espírito Santo,Vitória,Sudeste,2025
2025-07-11,20.2,22.9,18.3,3.4,86,10.0,Espírito Santo,Vitória,Sudeste,2025
2025-07-12,20.1,22.3,18.6,0.8,83,9.5,Espírito Santo,Vitória,Sudeste,2025
2025-07-13,20.0,22.4,18.1,0.2,74,13.5,Espírito Santo,Vitória,Sudeste,2025
2025-07-14,19.7,23.2,16.7,0.0,81,9.4,Espírito Santo,Vitória,Sudeste,2025
2025-07-15,19.7,24.6,15.4,0.0,84,4.7,Espírito Santo,Vitória,Sudeste,2025
2025-07-16,19.7,23.1,16.4,0.0,84,7.0,Espírito Santo,Vitória,Sudeste,2025
2025-07-17,19.6,24.7,15.3,0.0,81,5.9,Espírito Santo,Vitória,Sudeste,2025
2025-07-18,21.7,28.3,16.6,0.0,74,11.2,Espírito Santo,Vitória,Sudeste,2025
2025-07-19,21.0,24.1,18.1,0.0,79,13.5,Espírito Santo,Vitória,Sudeste,2025
2025-07-20,20.6,24.1,18.0,0.0,75,12.7,Espírito Santo,Vitória,Sudeste,2025
2025-07-21,20.2,24.0,17.3,0.2,83,6.3,Espírito Santo,Vitória,Sudeste,2025
2025-07-22,21.2,26.9,16.4,0.0,81,10.4,Espírito Santo,Vitória,Sudeste,2025
2025-07-23,22.1,28.5,17.5,0.4,81,9.5,Espírito Santo,Vitória,Sudeste,2025
2025-07-24,21.6,25.0,19.6,0.2,78,12.4,Espírito Santo,Vitória,Sudeste,2025
2025-07-25,21.4,25.2,17.9,1.4,83,6.5,Espírito Santo,Vitória,Sudeste,2025
2025-07-26,21.1,25.4,18.4,5.5,87,6.1,Espírito Santo,Vitória,Sudeste,2025
2025-07-27,21.6,26.2,17.8,0.7,84,11.8,Espírito Santo,Vitória,Sudeste,2025
2025-07-28,23.0,28.8,19.5,0.0,74,16.9,Espírito Santo,Vitória,Sudeste,2025
2025-07-29,22.0,25.4,20.0,0.1,76,16.8,Espírito Santo,Vitória,Sudeste,2025
2025-07-30,20.1,22.8,18.2,0.0,65,16.7,Espírito Santo,Vitória,Sudeste,2025
2025-07-31,19.6,23.4,16.6,0.0,67,15.1,Espírito Santo,Vitória,Sudeste,2025
2025-08-01,19.6,23.1,16.2,0.0,71,9.7,Espírito Santo,Vitória,Sudeste,2025
2025-08-02,19.3,23.4,15.7,1.5,81,4.5,Espírito Santo,Vitória,Sudeste,2025
2025-08-03,20.2,24.1,16.0,0.5,81,6.7,Espírito Santo,Vitória,Sudeste,2025
2025-08-04,21.3,26.2,17.5,0.0,80,9.2,Espírito Santo,Vitória,Sudeste,2025
2025-08-05,21.4,26.0,18.4,1.1,81,7.1,Espírito Santo,Vitória,Sudeste,2025
2025-08-06,21.2,24.3,19.2,0.4,77,12.5,Espírito Santo,Vitória,Sudeste,2025
2025-08-07,20.8,24.9,17.0,0.2,82,6.1,Espírito Santo,Vitória,Sudeste,2025
2025-08-08,22.2,28.9,17.4,0.0,76,11.9,Espírito Santo,Vitória,Sudeste,2025
2025-08-09,21.8,27.0,18.2,0.0,80,13.5,Espírito Santo,Vitória,Sudeste,2025
2025-08-10,20.7,22.5,19.3,1.4,73,16.9,Espírito Santo,Vitória,Sudeste,2025
2025-08-11,19.6,22.6,17.3,0.8,74,17.0,Espírito Santo,Vitória,Sudeste,2025
2025-08-12,19.4,22.7,17.5,0.1,77,12.1,Espírito Santo,Vitória,Sudeste,2025
2025-08-13,20.1,24.4,16.6,0.0,78,6.5,Espírito Santo,Vitória,Sudeste,2025
2025-08-14,21.7,27.5,17.6,0.0,77,10.5,Espírito Santo,Vitória,Sudeste,2025
2025-08-15,21.0,24.3,19.0,0.2,72,16.6,Espírito Santo,Vitória,Sudeste,2025
2025-08-16,20.3,23.2,17.8,1.5,77,8.5,Espírito Santo,Vitória,Sudeste,2025
2025-08-17,20.8,23.5,17.8,0.1,77,5.2,Espírito Santo,Vitória,Sudeste,2025
2025-08-18,21.0,23.7,19.3,1.6,75,6.6,Espírito Santo,Vitória,Sudeste,2025
2025-08-19,20.0,23.8,16.9,2.5,76,6.5,Espírito Santo,Vitória,Sudeste,2025
2026-06-01,22.3,26.1,19.0,0.3,81,6.7,Espírito Santo,Vitória,Sudeste,2026
2026-06-02,22.0,24.9,19.9,2.5,82,11.8,Espírito Santo,Vitória,Sudeste,2026
2026-06-03,22.2,25.3,19.9,0.2,75,15.0,Espírito Santo,Vitória,Sudeste,2026
2026-06-04,20.5,22.6,19.1,16.9,85,15.7,Espírito Santo,Vitória,Sudeste,2026
2026-06-05,19.2,21.5,17.8,5.0,84,14.5,Espírito Santo,Vitória,Sudeste,2026
2026-06-06,19.2,22.4,16.6,0.7,79,8.3,Espírito Santo,Vitória,Sudeste,2026
2026-06-07,19.5,25.2,14.7,0.0,77,5.6,Espírito Santo,Vitória,Sudeste,2026
2026-06-08,19.7,24.8,14.8,0.0,80,4.2,Espírito Santo,Vitória,Sudeste,2026
2026-06-09,20.9,26.1,16.1,0.0,80,10.3,Espírito Santo,Vitória,Sudeste,2026
2026-06-10,21.1,25.2,17.5,0.0,81,6.1,Espírito Santo,Vitória,Sudeste,2026
2026-06-11,21.9,26.1,17.9,0.0,81,7.2,Espírito Santo,Vitória,Sudeste,2026
2026-06-12,23.7,28.4,20.1,3.9,77,14.0,Espírito Santo,Vitória,Sudeste,2026
2026-06-13,23.8,30.1,20.8,0.1,80,11.7,Espírito Santo,Vitória,Sudeste,2026
2026-06-14,22.4,25.2,20.1,0.5,85,7.3,Espírito Santo,Vitória,Sudeste,2026
2026-06-15,23.5,28.8,19.4,0.2,85,7.3,Espírito Santo,Vitória,Sudeste,2026
2026-06-16,22.3,24.8,20.5,5.5,90,12.0,Espírito Santo,Vitória,Sudeste,2026
2026-06-17,21.7,24.0,19.6,0.1,79,13.8,Espírito Santo,Vitória,Sudeste,2026
2026-06-18,20.6,23.3,18.5,0.0,70,16.3,Espírito Santo,Vitória,Sudeste,2026
2026-06-19,20.4,24.4,17.4,0.0,76,7.2,Espírito Santo,Vitória,Sudeste,2026
2026-06-20,21.0,26.5,15.9,0.0,73,8.7,Espírito Santo,Vitória,Sudeste,2026
2026-06-21,21.6,27.9,16.8,0.0,69,10.7,Espírito Santo,Vitória,Sudeste,2026
2026-06-22,22.0,25.4,19.2,0.6,80,7.0,Espírito Santo,Vitória,Sudeste,2026
2026-06-23,22.8,28.2,18.2,0.0,69,13.4,Espírito Santo,Vitória,Sudeste,2026
2026-06-24,22.1,27.1,17.6,0.0,79,9.5,Espírito Santo,Vitória,Sudeste,2026
2026-06-25,21.9,25.3,18.7,1.2,83,9.8,Espírito Santo,Vitória,Sudeste,2026
2026-06-26,21.7,24.3,20.2,0.4,87,6.0,Espírito Santo,Vitória,Sudeste,2026
2026-06-27,22.0,25.6,19.2,0.2,87,4.0,Espírito Santo,Vitória,Sudeste,2026
2026-06-28,21.8,25.3,18.6,0.1,85,5.1,Espírito Santo,Vitória,Sudeste,2026
2026-06-29,22.6,27.1,19.0,0.0,82,8.9,Espírito Santo,Vitória,Sudeste,2026
2026-06-30,22.0,25.3,18.5,1.5,87,8.1,Espírito Santo,Vitória,Sudeste,2026
2026-07-01,22.5,26.7,18.9,0.0,81,8.4,Espírito Santo,Vitória,Sudeste,2026
2026-07-02,22.4,27.5,17.6,0.0,80,9.0,Espírito Santo,Vitória,Sudeste,2026
2026-07-03,22.8,27.0,19.7,0.0,80,11.0,Espírito Santo,Vitória,Sudeste,2026
2026-07-04,21.9,25.7,18.2,0.1,82,7.3,Espírito Santo,Vitória,Sudeste,2026
2026-07-05,21.5,24.1,19.0,0.7,83,12.1,Espírito Santo,Vitória,Sudeste,2026
2026-07-06,21.3,24.5,19.0,0.1,78,12.7,Espírito Santo,Vitória,Sudeste,2026
2026-07-07,21.7,27.7,16.4,0.0,80,8.0,Espírito Santo,Vitória,Sudeste,2026
2026-07-08,21.5,24.0,19.5,0.0,80,13.5,Espírito Santo,Vitória,Sudeste,2026
2026-07-09,21.1,23.7,19.5,0.0,76,11.0,Espírito Santo,Vitória,Sudeste,2026
2026-07-10,22.0,28.7,16.3,0.0,76,9.2,Espírito Santo,Vitória,Sudeste,2026
2026-07-11,21.5,26.4,16.7,0.0,76,7.2,Espírito Santo,Vitória,Sudeste,2026
2026-07-12,24.5,32.3,18.9,0.0,66,11.9,Espírito Santo,Vitória,Sudeste,2026
2026-07-13,21.1,23.3,19.2,1.3,75,18.7,Espírito Santo,Vitória,Sudeste,2026
2026-07-14,20.1,23.0,17.8,0.0,65,20.5,Espírito Santo,Vitória,Sudeste,2026
2026-07-15,19.6,22.7,17.3,0.4,70,7.2,Espírito Santo,Vitória,Sudeste,2026
2026-07-16,20.1,24.8,15.9,0.1,71,5.3,Espírito Santo,Vitória,Sudeste,2026
2026-07-17,21.2,25.1,17.2,0.1,70,8.8,Espírito Santo,Vitória,Sudeste,2026
2026-07-18,21.1,24.9,17.4,1.5,84,9.2,Espírito Santo,Vitória,Sudeste,2026
2026-07-19,21.6,24.9,18.8,2.7,86,9.6,Espírito Santo,Vitória,Sudeste,2026
2026-07-20,21.5,24.9,18.3,1.6,82,8.2,Espírito Santo,Vitória,Sudeste,2026
2026-07-21,21.6,24.6,19.8,0.7,84,9.7,Espírito Santo,Vitória,Sudeste,2026
2026-07-22,22.4,27.0,19.1,0.1,79,13.3,Espírito Santo,Vitória,Sudeste,2026
2026-07-23,23.7,29.8,19.8,0.0,78,13.7,Espírito Santo,Vitória,Sudeste,2026
2026-07-24,22.5,24.8,20.4,3.4,84,10.5,Espírito Santo,Vitória,Sudeste,2026
2026-07-25,22.7,26.7,20.7,7.2,88,6.9,Espírito Santo,Vitória,Sudeste,2026
2026-07-26,21.7,24.4,20.0,2.0,83,12.9,Espírito Santo,Vitória,Sudeste,2026
2026-07-27,21.6,25.3,18.4,0.0,78,6.8,Espírito Santo,Vitória,Sudeste,2026
2026-07-28,21.9,27.2,17.2,0.0,80,13.2,Espírito Santo,Vitória,Sudeste,2026
2026-07-29,23.5,29.5,19.2,0.0,78,15.4,Espírito Santo,Vitória,Sudeste,2026
2026-07-30,22.3,26.6,17.9,0.0,74,12.3,Espírito Santo,Vitória,Sudeste,2026
2026-07-31,22.1,24.8,19.8,0.8,76,15.3,Espírito Santo,Vitória,Sudeste,2026
2026-08-01,21.6,24.7,19.2,0.4,74,6.3,Espírito Santo,Vitória,Sudeste,2026
2026-08-02,21.5,26.5,17.4,0.4,77,8.8,Espírito Santo,Vitória,Sudeste,2026
2026-08-03,21.4,26.5,16.6,0.0,78,7.9,Espírito Santo,Vitória,Sudeste,2026
2026-08-04,22.4,27.3,17.9,0.0,80,10.6,Espírito Santo,Vitória,Sudeste,2026
2026-08-05,22.7,26.2,19.6,1.6,80,13.4,Espírito Santo,Vitória,Sudeste,2026
2026-08-06,23.8,29.4,19.9,0.0,74,16.0,Espírito Santo,Vitória,Sudeste,2026
2026-08-07,25.3,32.1,20.2,0.1,75,16.4,Espírito Santo,Vitória,Sudeste,2026
2026-08-08,25.0,29.5,21.4,0.0,81,13.8,Espírito Santo,Vitória,Sudeste,2026
2026-08-09,25.8,31.5,21.8,0.0,77,16.5,Espírito Santo,Vitória,Sudeste,2026
2026-08-10,23.7,26.6,21.3,3.8,84,16.6,Espírito Santo,Vitória,Sudeste,2026
2026-08-11,20.5,22.2,19.4,12.1,91,16.6,Espírito Santo,Vitória,Sudeste,2026
2026-08-12,20.5,22.3,18.7,1.2,86,7.5,Espírito Santo,Vitória,Sudeste,2026
2026-08-13,23.2,29.1,18.4,0.0,76,10.3,Espírito Santo,Vitória,Sudeste,2026
2026-08-14,22.9,26.1,19.8,0.1,84,14.0,Espírito Santo,Vitória,Sudeste,2026
2026-08-15,21.9,23.4,21.1,7.7,89,9.8,Espírito Santo,Vitória,Sudeste,2026
2026-08-16,21.2,22.9,20.1,12.2,89,11.1,Espírito Santo,Vitória,Sudeste,2026
2026-08-17,21.1,24.2,19.4,5.3,82,7.7,Espírito Santo,Vitória,Sudeste,2026
2026-08-18,21.2,24.8,17.7,0.1,78,11.9,Espírito Santo,Vitória,Sudeste,2026
2026-08-19,21.8,27.3,17.9,0.0,79,14.1,Espírito Santo,Vitória,Sudeste,2026
2025-06-01,23.5,28.6,18.8,0.5,63,8.3,Goiás,Goiânia,Centro-Oeste,2025
2025-06-02,23.5,27.8,19.4,0.2,64,9.1,Goiás,Goiânia,Centro-Oeste,2025
2025-06-03,23.5,28.5,18.8,0.2,64,7.4,Goiás,Goiânia,Centro-Oeste,2025
2025-06-04,24.2,29.4,19.4,0.0,56,7.6,Goiás,Goiânia,Centro-Oeste,2025
2025-06-05,24.0,28.9,19.2,0.0,57,6.1,Goiás,Goiânia,Centro-Oeste,2025
2025-06-06,23.5,28.6,17.9,0.0,62,3.8,Goiás,Goiânia,Centro-Oeste,2025
2025-06-07,23.9,29.4,18.6,0.0,51,5.5,Goiás,Goiânia,Centro-Oeste,2025
2025-06-08,24.0,29.8,17.9,0.0,45,5.8,Goiás,Goiânia,Centro-Oeste,2025
2025-06-09,23.1,28.1,18.1,0.0,51,6.1,Goiás,Goiânia,Centro-Oeste,2025
2025-06-10,22.0,27.1,17.8,0.3,70,6.4,Goiás,Goiânia,Centro-Oeste,2025
2025-06-11,21.4,26.7,16.7,0.0,68,8.2,Goiás,Goiânia,Centro-Oeste,2025
2025-06-12,21.3,27.6,15.3,0.0,57,7.1,Goiás,Goiânia,Centro-Oeste,2025
2025-06-13,22.5,28.2,17.6,0.0,56,8.7,Goiás,Goiânia,Centro-Oeste,2025
2025-06-14,22.2,27.5,17.3,0.0,53,10.8,Goiás,Goiânia,Centro-Oeste,2025
2025-06-15,22.4,27.9,16.8,0.0,49,7.9,Goiás,Goiânia,Centro-Oeste,2025
2025-06-16,22.2,27.8,17.3,0.0,47,9.8,Goiás,Goiânia,Centro-Oeste,2025
2025-06-17,21.8,27.5,16.0,0.0,45,8.9,Goiás,Goiânia,Centro-Oeste,2025
2025-06-18,23.0,28.1,17.8,0.0,47,7.7,Goiás,Goiânia,Centro-Oeste,2025
2025-06-19,23.5,28.1,18.8,0.0,48,7.0,Goiás,Goiânia,Centro-Oeste,2025
2025-06-20,23.3,28.1,17.7,0.0,45,5.0,Goiás,Goiânia,Centro-Oeste,2025
2025-06-21,24.3,29.6,19.4,0.0,36,5.0,Goiás,Goiânia,Centro-Oeste,2025
2025-06-22,24.2,29.5,18.1,0.0,39,5.6,Goiás,Goiânia,Centro-Oeste,2025
2025-06-23,24.7,30.6,18.6,0.0,46,8.4,Goiás,Goiânia,Centro-Oeste,2025
2025-06-24,19.5,22.9,15.6,7.6,79,8.2,Goiás,Goiânia,Centro-Oeste,2025
2025-06-25,20.1,27.6,13.7,0.0,73,8.1,Goiás,Goiânia,Centro-Oeste,2025
2025-06-26,22.5,27.9,18.5,0.0,63,7.7,Goiás,Goiânia,Centro-Oeste,2025
2025-06-27,22.3,28.1,17.5,0.0,58,6.0,Goiás,Goiânia,Centro-Oeste,2025
2025-06-28,22.1,27.9,16.7,0.0,55,9.4,Goiás,Goiânia,Centro-Oeste,2025
2025-06-29,23.0,28.3,17.9,0.0,49,5.3,Goiás,Goiânia,Centro-Oeste,2025
2025-06-30,23.1,28.6,17.4,0.0,46,7.1,Goiás,Goiânia,Centro-Oeste,2025
2025-07-01,21.1,26.8,15.5,0.0,61,9.5,Goiás,Goiânia,Centro-Oeste,2025
2025-07-02,21.3,27.9,15.1,0.0,59,8.9,Goiás,Goiânia,Centro-Oeste,2025
2025-07-03,21.5,27.3,15.6,0.0,50,9.2,Goiás,Goiânia,Centro-Oeste,2025
2025-07-04,21.2,26.5,15.9,0.0,49,9.5,Goiás,Goiânia,Centro-Oeste,2025
2025-07-05,21.0,26.4,15.7,0.0,48,8.1,Goiás,Goiânia,Centro-Oeste,2025
2025-07-06,21.4,26.6,15.9,0.0,44,6.9,Goiás,Goiânia,Centro-Oeste,2025
2025-07-07,21.6,27.2,15.8,0.0,43,5.7,Goiás,Goiânia,Centro-Oeste,2025
2025-07-08,21.9,27.4,15.8,0.0,42,6.2,Goiás,Goiânia,Centro-Oeste,2025
2025-07-09,22.5,27.8,16.6,0.0,38,7.5,Goiás,Goiânia,Centro-Oeste,2025
2025-07-10,22.2,27.4,17.2,0.0,36,10.1,Goiás,Goiânia,Centro-Oeste,2025
2025-07-11,21.8,26.2,17.0,0.0,42,10.3,Goiás,Goiânia,Centro-Oeste,2025
2025-07-12,21.8,26.6,16.4,0.0,45,9.0,Goiás,Goiânia,Centro-Oeste,2025
2025-07-13,22.0,26.6,17.8,0.0,44,9.0,Goiás,Goiânia,Centro-Oeste,2025
2025-07-14,22.7,26.7,17.9,0.0,41,6.7,Goiás,Goiânia,Centro-Oeste,2025
2025-07-15,22.7,27.1,17.6,0.0,34,8.2,Goiás,Goiânia,Centro-Oeste,2025
2025-07-16,22.7,27.8,17.4,0.0,37,6.4,Goiás,Goiânia,Centro-Oeste,2025
2025-07-17,22.8,28.1,17.2,0.0,36,5.5,Goiás,Goiânia,Centro-Oeste,2025
2025-07-18,22.7,28.1,16.9,0.0,35,5.1,Goiás,Goiânia,Centro-Oeste,2025
2025-07-19,22.2,28.1,15.7,0.0,41,6.8,Goiás,Goiânia,Centro-Oeste,2025
2025-07-20,23.1,28.9,16.4,0.0,35,5.6,Goiás,Goiânia,Centro-Oeste,2025
2025-07-21,24.0,29.4,17.9,0.0,38,5.6,Goiás,Goiânia,Centro-Oeste,2025
2025-07-22,24.8,30.0,19.1,0.0,40,3.9,Goiás,Goiânia,Centro-Oeste,2025
2025-07-23,25.1,30.3,19.3,0.0,36,4.8,Goiás,Goiânia,Centro-Oeste,2025
2025-07-24,25.4,30.7,19.7,0.0,34,5.3,Goiás,Goiânia,Centro-Oeste,2025
2025-07-25,25.4,30.8,19.9,0.0,35,4.9,Goiás,Goiânia,Centro-Oeste,2025
2025-07-26,25.4,31.0,19.6,0.0,35,5.3,Goiás,Goiânia,Centro-Oeste,2025
2025-07-27,25.3,30.6,19.7,0.0,34,5.8,Goiás,Goiânia,Centro-Oeste,2025
2025-07-28,25.2,31.3,19.0,0.0,36,7.6,Goiás,Goiânia,Centro-Oeste,2025
2025-07-29,21.8,27.4,17.1,0.0,59,8.3,Goiás,Goiânia,Centro-Oeste,2025
2025-07-30,21.3,28.8,14.1,0.0,38,8.1,Goiás,Goiânia,Centro-Oeste,2025
2025-07-31,23.6,30.7,16.6,0.0,29,8.0,Goiás,Goiânia,Centro-Oeste,2025
2025-08-01,25.4,31.4,20.1,0.0,41,10.1,Goiás,Goiânia,Centro-Oeste,2025
2025-08-02,24.4,30.4,19.0,0.0,35,10.2,Goiás,Goiânia,Centro-Oeste,2025
2025-08-03,23.5,29.7,17.4,0.0,27,9.7,Goiás,Goiânia,Centro-Oeste,2025
2025-08-04,23.7,29.5,17.7,0.0,28,7.2,Goiás,Goiânia,Centro-Oeste,2025
2025-08-05,23.6,29.5,19.3,0.0,34,6.3,Goiás,Goiânia,Centro-Oeste,2025
2025-08-06,23.9,30.4,17.6,0.0,43,6.8,Goiás,Goiânia,Centro-Oeste,2025
2025-08-07,25.2,31.2,19.0,0.0,35,6.6,Goiás,Goiânia,Centro-Oeste,2025
2025-08-08,25.8,31.1,21.0,0.0,29,6.0,Goiás,Goiânia,Centro-Oeste,2025
2025-08-09,21.6,26.7,17.1,0.0,49,10.0,Goiás,Goiânia,Centro-Oeste,2025
2025-08-10,21.0,28.7,14.4,0.0,37,8.4,Goiás,Goiânia,Centro-Oeste,2025
2025-08-11,20.5,27.1,14.5,0.0,29,8.2,Goiás,Goiânia,Centro-Oeste,2025
2025-08-12,20.2,27.7,12.5,0.0,24,7.0,Goiás,Goiânia,Centro-Oeste,2025
2025-08-13,23.5,31.6,14.9,0.0,24,6.1,Goiás,Goiânia,Centro-Oeste,2025
2025-08-14,25.4,32.2,17.9,0.0,29,6.1,Goiás,Goiânia,Centro-Oeste,2025
2025-08-15,26.3,32.0,19.7,0.0,28,8.4,Goiás,Goiânia,Centro-Oeste,2025
2025-08-16,26.3,31.6,20.7,0.0,31,9.3,Goiás,Goiânia,Centro-Oeste,2025
2025-08-17,26.0,31.8,20.1,0.0,27,10.0,Goiás,Goiânia,Centro-Oeste,2025
2025-08-18,26.2,32.0,20.5,0.0,25,9.7,Goiás,Goiânia,Centro-Oeste,2025
2025-08-19,26.6,32.2,21.2,0.0,27,9.2,Goiás,Goiânia,Centro-Oeste,2025
2026-06-01,23.1,28.9,18.2,0.5,55,6.8,Goiás,Goiânia,Centro-Oeste,2026
2026-06-02,21.7,27.8,15.6,0.0,46,7.7,Goiás,Goiânia,Centro-Oeste,2026
2026-06-03,22.3,29.0,15.6,0.0,49,7.8,Goiás,Goiânia,Centro-Oeste,2026
2026-06-04,22.6,28.3,17.5,0.0,53,10.1,Goiás,Goiânia,Centro-Oeste,2026
2026-06-05,21.0,26.7,15.9,0.0,55,10.0,Goiás,Goiânia,Centro-Oeste,2026
2026-06-06,20.4,26.7,14.3,0.0,51,7.4,Goiás,Goiânia,Centro-Oeste,2026
2026-06-07,21.4,28.0,14.5,0.0,46,5.9,Goiás,Goiânia,Centro-Oeste,2026
2026-06-08,22.5,28.4,15.6,0.0,45,4.7,Goiás,Goiânia,Centro-Oeste,2026
2026-06-09,22.8,29.2,15.9,0.0,46,3.0,Goiás,Goiânia,Centro-Oeste,2026
2026-06-10,24.1,30.4,17.9,0.0,45,5.4,Goiás,Goiânia,Centro-Oeste,2026
2026-06-11,24.0,27.7,20.2,0.3,55,4.4,Goiás,Goiânia,Centro-Oeste,2026
2026-06-12,22.6,26.7,20.4,6.8,73,3.8,Goiás,Goiânia,Centro-Oeste,2026
2026-06-13,21.9,28.5,18.3,5.2,80,4.6,Goiás,Goiânia,Centro-Oeste,2026
2026-06-14,22.4,28.7,17.9,3.1,75,6.3,Goiás,Goiânia,Centro-Oeste,2026
2026-06-15,23.8,30.0,17.8,0.4,66,4.2,Goiás,Goiânia,Centro-Oeste,2026
2026-06-16,23.3,27.8,18.9,0.4,68,9.0,Goiás,Goiânia,Centro-Oeste,2026
2026-06-17,22.0,27.8,16.9,0.0,65,8.1,Goiás,Goiânia,Centro-Oeste,2026
2026-06-18,22.2,29.4,14.8,0.0,51,6.9,Goiás,Goiânia,Centro-Oeste,2026
2026-06-19,24.0,30.6,17.8,0.0,51,5.8,Goiás,Goiânia,Centro-Oeste,2026
2026-06-20,23.6,28.5,18.7,0.1,58,4.9,Goiás,Goiânia,Centro-Oeste,2026
2026-06-21,22.7,28.3,17.4,0.0,67,3.4,Goiás,Goiânia,Centro-Oeste,2026
2026-06-22,24.1,29.2,18.9,0.0,55,5.4,Goiás,Goiânia,Centro-Oeste,2026
2026-06-23,24.2,29.4,18.2,0.4,59,4.8,Goiás,Goiânia,Centro-Oeste,2026
2026-06-24,21.0,27.8,16.0,2.1,76,8.2,Goiás,Goiânia,Centro-Oeste,2026
2026-06-25,20.7,27.3,15.3,0.5,71,8.2,Goiás,Goiânia,Centro-Oeste,2026
2026-06-26,22.3,28.0,17.5,0.0,64,10.0,Goiás,Goiânia,Centro-Oeste,2026
2026-06-27,23.2,29.6,17.7,0.0,56,9.1,Goiás,Goiânia,Centro-Oeste,2026
2026-06-28,23.6,29.4,18.5,0.0,54,8.6,Goiás,Goiânia,Centro-Oeste,2026
2026-06-29,23.7,29.8,18.3,0.0,53,6.8,Goiás,Goiânia,Centro-Oeste,2026
2026-06-30,23.4,29.6,17.4,0.0,50,7.0,Goiás,Goiânia,Centro-Oeste,2026
2026-07-01,23.5,28.9,18.1,0.0,43,9.8,Goiás,Goiânia,Centro-Oeste,2026
2026-07-02,22.9,28.7,17.0,0.0,46,8.1,Goiás,Goiânia,Centro-Oeste,2026
2026-07-03,23.1,28.6,17.7,0.0,49,8.0,Goiás,Goiânia,Centro-Oeste,2026
2026-07-04,23.5,29.8,17.0,0.0,40,5.1,Goiás,Goiânia,Centro-Oeste,2026
2026-07-05,23.6,29.8,16.3,0.0,42,5.3,Goiás,Goiânia,Centro-Oeste,2026
2026-07-06,23.8,29.7,17.1,0.0,42,4.8,Goiás,Goiânia,Centro-Oeste,2026
2026-07-07,23.5,30.2,16.7,0.0,42,6.2,Goiás,Goiânia,Centro-Oeste,2026
2026-07-08,23.4,30.1,16.4,0.0,47,5.8,Goiás,Goiânia,Centro-Oeste,2026
2026-07-09,24.5,31.0,18.2,0.0,41,6.3,Goiás,Goiânia,Centro-Oeste,2026
2026-07-10,25.0,31.0,19.2,0.0,39,4.9,Goiás,Goiânia,Centro-Oeste,2026
2026-07-11,25.1,31.0,18.8,0.0,40,5.0,Goiás,Goiânia,Centro-Oeste,2026
2026-07-12,24.8,29.9,19.2,0.0,44,5.3,Goiás,Goiânia,Centro-Oeste,2026
2026-07-13,23.8,28.3,20.2,0.1,59,7.6,Goiás,Goiânia,Centro-Oeste,2026
2026-07-14,22.0,28.8,15.0,0.0,49,7.9,Goiás,Goiânia,Centro-Oeste,2026
2026-07-15,23.6,30.5,17.3,0.0,42,8.4,Goiás,Goiânia,Centro-Oeste,2026
2026-07-16,24.2,30.4,18.8,0.0,47,9.8,Goiás,Goiânia,Centro-Oeste,2026
2026-07-17,22.2,28.6,16.4,0.0,39,10.7,Goiás,Goiânia,Centro-Oeste,2026
2026-07-18,21.7,27.9,15.8,0.0,41,9.7,Goiás,Goiânia,Centro-Oeste,2026
2026-07-19,23.0,28.5,17.2,0.0,42,9.5,Goiás,Goiânia,Centro-Oeste,2026
2026-07-20,24.0,30.0,17.7,0.0,41,6.3,Goiás,Goiânia,Centro-Oeste,2026
2026-07-21,24.5,30.3,18.1,0.0,37,5.7,Goiás,Goiânia,Centro-Oeste,2026
2026-07-22,25.0,30.2,18.4,0.0,34,4.4,Goiás,Goiânia,Centro-Oeste,2026
2026-07-23,25.6,31.8,18.3,0.0,35,3.4,Goiás,Goiânia,Centro-Oeste,2026
2026-07-24,26.1,31.7,19.7,0.0,36,5.9,Goiás,Goiânia,Centro-Oeste,2026
2026-07-25,24.8,30.7,18.6,0.0,44,7.0,Goiás,Goiânia,Centro-Oeste,2026
2026-07-26,24.8,30.9,18.5,0.0,47,7.8,Goiás,Goiânia,Centro-Oeste,2026
2026-07-27,25.5,31.8,18.8,0.0,39,5.6,Goiás,Goiânia,Centro-Oeste,2026
2026-07-28,26.2,33.0,19.3,0.0,33,5.2,Goiás,Goiânia,Centro-Oeste,2026
2026-07-29,26.8,32.1,21.1,0.0,34,5.1,Goiás,Goiânia,Centro-Oeste,2026
2026-07-30,27.1,33.6,21.2,0.0,34,7.9,Goiás,Goiânia,Centro-Oeste,2026
2026-07-31,25.3,31.3,19.6,0.0,36,12.4,Goiás,Goiânia,Centro-Oeste,2026
2026-08-01,24.3,30.7,18.2,0.0,35,8.9,Goiás,Goiânia,Centro-Oeste,2026
2026-08-02,24.2,30.6,18.0,0.0,35,7.3,Goiás,Goiânia,Centro-Oeste,2026
2026-08-03,24.2,29.9,18.6,0.0,40,9.2,Goiás,Goiânia,Centro-Oeste,2026
2026-08-04,24.8,29.8,20.3,0.0,43,7.7,Goiás,Goiânia,Centro-Oeste,2026
2026-08-05,25.6,30.9,19.7,0.0,41,5.2,Goiás,Goiânia,Centro-Oeste,2026
2026-08-06,25.8,32.0,18.8,0.0,37,6.4,Goiás,Goiânia,Centro-Oeste,2026
2026-08-07,25.6,32.1,19.3,0.0,39,8.4,Goiás,Goiânia,Centro-Oeste,2026
2026-08-08,26.5,32.9,19.6,0.0,39,8.2,Goiás,Goiânia,Centro-Oeste,2026
2026-08-09,27.8,34.4,20.4,0.0,34,4.4,Goiás,Goiânia,Centro-Oeste,2026
2026-08-10,28.7,35.5,22.3,0.0,28,6.0,Goiás,Goiânia,Centro-Oeste,2026
2026-08-11,27.9,33.7,21.7,0.0,25,9.7,Goiás,Goiânia,Centro-Oeste,2026
2026-08-12,26.6,32.3,21.1,0.0,33,10.3,Goiás,Goiânia,Centro-Oeste,2026
2026-08-13,27.4,33.0,21.7,0.0,31,6.8,Goiás,Goiânia,Centro-Oeste,2026
2026-08-14,27.4,33.4,20.8,0.0,28,4.2,Goiás,Goiânia,Centro-Oeste,2026
2026-08-15,27.7,33.8,21.2,0.0,25,6.0,Goiás,Goiânia,Centro-Oeste,2026
2026-08-16,28.0,33.9,22.3,0.0,28,10.1,Goiás,Goiânia,Centro-Oeste,2026
2026-08-17,26.5,31.8,21.4,0.0,37,12.6,Goiás,Goiânia,Centro-Oeste,2026
2026-08-18,26.5,32.4,20.2,0.0,38,8.8,Goiás,Goiânia,Centro-Oeste,2026
2026-08-19,27.4,33.6,20.9,0.0,33,6.0,Goiás,Goiânia,Centro-Oeste,2026
2025-06-01,27.0,30.3,24.1,5.3,82,10.7,Maranhão,São Luís,Nordeste,2025
2025-06-02,26.2,30.7,23.2,6.5,85,8.3,Maranhão,São Luís,Nordeste,2025
2025-06-03,26.5,30.8,22.5,6.8,83,11.1,Maranhão,São Luís,Nordeste,2025
2025-06-04,27.1,30.6,25.2,5.7,80,12.4,Maranhão,São Luís,Nordeste,2025
2025-06-05,27.6,32.1,25.3,0.5,77,11.3,Maranhão,São Luís,Nordeste,2025
2025-06-06,27.1,30.9,24.3,8.4,82,9.1,Maranhão,São Luís,Nordeste,2025
2025-06-07,27.8,31.8,24.5,0.4,79,9.3,Maranhão,São Luís,Nordeste,2025
2025-06-08,28.0,31.4,23.7,6.3,78,11.0,Maranhão,São Luís,Nordeste,2025
2025-06-09,27.3,31.1,23.7,5.1,80,11.2,Maranhão,São Luís,Nordeste,2025
2025-06-10,27.8,31.2,25.1,0.5,76,11.3,Maranhão,São Luís,Nordeste,2025
2025-06-11,27.3,31.2,24.6,4.1,80,8.9,Maranhão,São Luís,Nordeste,2025
2025-06-12,26.5,30.4,23.5,5.0,83,9.6,Maranhão,São Luís,Nordeste,2025
2025-06-13,26.6,29.6,25.0,7.0,83,8.2,Maranhão,São Luís,Nordeste,2025
2025-06-14,26.5,29.3,24.9,3.8,83,9.0,Maranhão,São Luís,Nordeste,2025
2025-06-15,26.8,30.5,23.6,1.7,81,9.2,Maranhão,São Luís,Nordeste,2025
2025-06-16,26.9,30.7,24.3,0.7,77,9.8,Maranhão,São Luís,Nordeste,2025
2025-06-17,27.1,30.6,24.3,0.7,80,10.0,Maranhão,São Luís,Nordeste,2025
2025-06-18,27.6,31.5,24.5,0.3,80,9.0,Maranhão,São Luís,Nordeste,2025
2025-06-19,27.0,32.0,23.0,8.8,80,9.1,Maranhão,São Luís,Nordeste,2025
2025-06-20,27.1,31.3,24.5,1.5,80,12.9,Maranhão,São Luís,Nordeste,2025
2025-06-21,26.5,28.9,24.4,3.7,82,13.2,Maranhão,São Luís,Nordeste,2025
2025-06-22,26.9,31.6,24.0,2.1,79,12.3,Maranhão,São Luís,Nordeste,2025
2025-06-23,27.9,32.5,25.0,0.2,77,11.3,Maranhão,São Luís,Nordeste,2025
2025-06-24,27.5,30.4,23.7,4.8,81,11.3,Maranhão,São Luís,Nordeste,2025
2025-06-25,27.5,30.9,25.2,1.4,79,13.3,Maranhão,São Luís,Nordeste,2025
2025-06-26,27.5,30.8,25.4,1.8,78,13.3,Maranhão,São Luís,Nordeste,2025
2025-06-27,27.5,30.8,25.3,0.8,78,11.6,Maranhão,São Luís,Nordeste,2025
2025-06-28,27.6,31.2,25.3,0.5,75,11.6,Maranhão,São Luís,Nordeste,2025
2025-06-29,26.6,30.7,23.8,14.1,80,8.5,Maranhão,São Luís,Nordeste,2025
2025-06-30,25.6,29.2,22.6,11.6,86,9.2,Maranhão,São Luís,Nordeste,2025
2025-07-01,26.9,29.7,25.1,1.9,80,11.0,Maranhão,São Luís,Nordeste,2025
2025-07-02,26.7,29.9,24.5,1.1,82,9.2,Maranhão,São Luís,Nordeste,2025
2025-07-03,26.2,30.2,22.9,4.5,86,7.7,Maranhão,São Luís,Nordeste,2025
2025-07-04,27.0,31.3,23.0,0.2,79,7.4,Maranhão,São Luís,Nordeste,2025
2025-07-05,26.5,30.2,24.1,1.3,82,6.0,Maranhão,São Luís,Nordeste,2025
2025-07-06,26.7,30.1,24.7,3.5,81,6.7,Maranhão,São Luís,Nordeste,2025
2025-07-07,26.8,29.9,24.9,3.9,82,7.3,Maranhão,São Luís,Nordeste,2025
2025-07-08,25.7,28.3,22.9,8.4,88,6.5,Maranhão,São Luís,Nordeste,2025
2025-07-09,26.6,29.5,24.6,3.4,85,7.8,Maranhão,São Luís,Nordeste,2025
2025-07-10,26.7,29.8,24.8,2.8,83,8.6,Maranhão,São Luís,Nordeste,2025
2025-07-11,27.4,31.3,24.9,0.9,80,8.5,Maranhão,São Luís,Nordeste,2025
2025-07-12,27.6,32.0,24.5,0.7,78,8.8,Maranhão,São Luís,Nordeste,2025
2025-07-13,26.9,31.6,24.2,1.1,79,7.2,Maranhão,São Luís,Nordeste,2025
2025-07-14,26.8,30.8,23.0,0.9,80,6.5,Maranhão,São Luís,Nordeste,2025
2025-07-15,26.8,29.9,24.5,1.6,82,6.4,Maranhão,São Luís,Nordeste,2025
2025-07-16,26.9,30.1,24.3,1.5,83,5.4,Maranhão,São Luís,Nordeste,2025
2025-07-17,26.6,30.0,24.3,2.4,83,6.8,Maranhão,São Luís,Nordeste,2025
2025-07-18,27.0,30.7,24.0,0.8,81,8.5,Maranhão,São Luís,Nordeste,2025
2025-07-19,27.3,30.9,24.6,0.3,82,8.8,Maranhão,São Luís,Nordeste,2025
2025-07-20,27.2,30.6,24.5,1.4,83,7.0,Maranhão,São Luís,Nordeste,2025
2025-07-21,27.5,30.9,25.1,2.7,80,11.5,Maranhão,São Luís,Nordeste,2025
2025-07-22,27.0,30.1,25.3,2.1,80,11.7,Maranhão,São Luís,Nordeste,2025
2025-07-23,27.8,32.1,25.1,0.3,77,9.9,Maranhão,São Luís,Nordeste,2025
2025-07-24,27.8,31.6,25.5,1.0,79,11.4,Maranhão,São Luís,Nordeste,2025
2025-07-25,27.5,30.8,25.9,4.9,80,11.9,Maranhão,São Luís,Nordeste,2025
2025-07-26,27.6,31.8,25.1,0.0,77,12.4,Maranhão,São Luís,Nordeste,2025
2025-07-27,27.7,31.4,25.2,0.8,77,11.1,Maranhão,São Luís,Nordeste,2025
2025-07-28,27.3,30.9,23.6,2.0,80,8.0,Maranhão,São Luís,Nordeste,2025
2025-07-29,26.1,30.4,22.4,3.8,85,9.0,Maranhão,São Luís,Nordeste,2025
2025-07-30,26.1,29.5,23.3,14.1,83,11.0,Maranhão,São Luís,Nordeste,2025
2025-07-31,26.6,30.1,24.0,4.7,83,14.1,Maranhão,São Luís,Nordeste,2025
2025-08-01,27.2,30.3,25.1,2.0,76,15.5,Maranhão,São Luís,Nordeste,2025
2025-08-02,27.1,31.4,24.2,0.4,76,10.4,Maranhão,São Luís,Nordeste,2025
2025-08-03,26.5,31.3,23.7,4.9,81,7.2,Maranhão,São Luís,Nordeste,2025
2025-08-04,26.6,29.8,23.2,2.1,83,7.5,Maranhão,São Luís,Nordeste,2025
2025-08-05,27.2,32.1,24.3,1.0,80,9.5,Maranhão,São Luís,Nordeste,2025
2025-08-06,27.6,31.5,25.4,1.5,81,9.7,Maranhão,São Luís,Nordeste,2025
2025-08-07,27.3,31.8,24.3,2.8,81,10.3,Maranhão,São Luís,Nordeste,2025
2025-08-08,27.6,31.4,25.4,0.1,76,13.8,Maranhão,São Luís,Nordeste,2025
2025-08-09,27.2,30.5,25.2,2.9,78,13.2,Maranhão,São Luís,Nordeste,2025
2025-08-10,27.2,31.0,24.9,0.0,77,10.8,Maranhão,São Luís,Nordeste,2025
2025-08-11,26.5,29.2,24.1,7.4,79,6.6,Maranhão,São Luís,Nordeste,2025
2025-08-12,26.0,29.1,23.4,2.6,81,8.7,Maranhão,São Luís,Nordeste,2025
2025-08-13,26.6,29.5,24.3,3.1,79,11.6,Maranhão,São Luís,Nordeste,2025
2025-08-14,27.4,31.8,25.0,0.6,76,11.8,Maranhão,São Luís,Nordeste,2025
2025-08-15,27.7,31.4,25.2,2.3,79,13.9,Maranhão,São Luís,Nordeste,2025
2025-08-16,26.5,30.1,24.0,12.1,82,10.3,Maranhão,São Luís,Nordeste,2025
2025-08-17,26.8,30.0,24.2,4.0,81,9.9,Maranhão,São Luís,Nordeste,2025
2025-08-18,27.6,31.9,25.3,0.7,76,9.3,Maranhão,São Luís,Nordeste,2025
2025-08-19,27.3,31.8,24.7,0.5,79,9.0,Maranhão,São Luís,Nordeste,2025
2026-06-01,27.1,30.8,25.1,8.3,84,6.5,Maranhão,São Luís,Nordeste,2026
2026-06-02,27.1,31.3,24.2,8.2,83,9.5,Maranhão,São Luís,Nordeste,2026
2026-06-03,27.5,31.0,25.3,2.8,80,10.7,Maranhão,São Luís,Nordeste,2026
2026-06-04,27.4,31.3,25.0,8.4,81,8.7,Maranhão,São Luís,Nordeste,2026
2026-06-05,28.0,32.4,24.8,0.8,78,8.8,Maranhão,São Luís,Nordeste,2026
2026-06-06,27.1,30.9,24.1,5.0,84,7.1,Maranhão,São Luís,Nordeste,2026
2026-06-07,27.0,30.9,23.6,3.2,82,7.3,Maranhão,São Luís,Nordeste,2026
2026-06-08,27.9,32.5,25.0,0.4,79,9.6,Maranhão,São Luís,Nordeste,2026
2026-06-09,28.1,32.8,24.9,0.6,77,9.5,Maranhão,São Luís,Nordeste,2026
2026-06-10,27.8,32.0,25.4,3.3,79,10.9,Maranhão,São Luís,Nordeste,2026
2026-06-11,27.2,31.2,24.5,0.7,81,9.5,Maranhão,São Luís,Nordeste,2026
2026-06-12,27.7,31.3,25.3,1.6,80,10.1,Maranhão,São Luís,Nordeste,2026
2026-06-13,27.8,31.1,25.6,1.1,80,13.9,Maranhão,São Luís,Nordeste,2026
2026-06-14,27.9,32.3,25.2,0.6,78,11.7,Maranhão,São Luís,Nordeste,2026
2026-06-15,28.2,32.3,25.5,0.6,79,11.4,Maranhão,São Luís,Nordeste,2026
2026-06-16,28.1,31.7,25.6,3.3,80,9.9,Maranhão,São Luís,Nordeste,2026
2026-06-17,27.4,30.8,24.4,2.8,79,11.5,Maranhão,São Luís,Nordeste,2026
2026-06-18,27.2,30.9,24.9,2.4,81,9.5,Maranhão,São Luís,Nordeste,2026
2026-06-19,26.6,29.8,24.9,6.2,84,5.8,Maranhão,São Luís,Nordeste,2026
2026-06-20,26.1,31.0,22.8,21.1,86,5.7,Maranhão,São Luís,Nordeste,2026
2026-06-21,26.8,31.0,23.1,0.1,82,9.8,Maranhão,São Luís,Nordeste,2026
2026-06-22,27.7,31.6,25.3,2.9,79,9.7,Maranhão,São Luís,Nordeste,2026
2026-06-23,27.2,31.1,24.5,3.4,84,7.3,Maranhão,São Luís,Nordeste,2026
2026-06-24,26.3,30.4,23.6,8.5,87,6.2,Maranhão,São Luís,Nordeste,2026
2026-06-25,27.1,29.8,25.1,4.3,86,6.4,Maranhão,São Luís,Nordeste,2026
2026-06-26,27.8,31.8,25.5,1.5,77,12.5,Maranhão,São Luís,Nordeste,2026
2026-06-27,27.4,30.7,25.1,3.4,79,10.6,Maranhão,São Luís,Nordeste,2026
2026-06-28,26.5,31.4,24.1,7.3,87,9.3,Maranhão,São Luís,Nordeste,2026
2026-06-29,27.2,30.7,24.8,1.1,80,10.5,Maranhão,São Luís,Nordeste,2026
2026-06-30,27.7,32.5,24.8,0.2,77,10.3,Maranhão,São Luís,Nordeste,2026
2026-07-01,27.8,31.9,25.0,0.8,80,9.4,Maranhão,São Luís,Nordeste,2026
2026-07-02,27.6,31.9,24.8,0.6,78,8.7,Maranhão,São Luís,Nordeste,2026
2026-07-03,27.6,32.5,24.3,0.9,78,8.3,Maranhão,São Luís,Nordeste,2026
2026-07-04,27.0,30.8,24.1,9.2,82,10.8,Maranhão,São Luís,Nordeste,2026
2026-07-05,27.0,30.6,24.7,2.2,81,12.3,Maranhão,São Luís,Nordeste,2026
2026-07-06,27.4,31.4,25.2,1.1,81,9.1,Maranhão,São Luís,Nordeste,2026
2026-07-07,27.1,30.0,25.1,2.6,83,9.5,Maranhão,São Luís,Nordeste,2026
2026-07-08,27.1,30.3,24.8,5.2,81,11.8,Maranhão,São Luís,Nordeste,2026
2026-07-09,27.5,31.2,25.2,1.3,79,14.0,Maranhão,São Luís,Nordeste,2026
2026-07-10,27.4,30.7,25.3,2.6,78,14.4,Maranhão,São Luís,Nordeste,2026
2026-07-11,27.5,31.4,25.0,0.7,79,13.7,Maranhão,São Luís,Nordeste,2026
2026-07-12,27.6,31.1,25.3,4.0,80,11.3,Maranhão,São Luís,Nordeste,2026
2026-07-13,27.3,30.3,25.5,4.6,82,12.2,Maranhão,São Luís,Nordeste,2026
2026-07-14,27.0,29.9,24.9,2.2,81,13.2,Maranhão,São Luís,Nordeste,2026
2026-07-15,26.9,30.2,25.2,1.7,80,11.8,Maranhão,São Luís,Nordeste,2026
2026-07-16,27.0,30.8,24.1,2.8,81,9.8,Maranhão,São Luís,Nordeste,2026
2026-07-17,27.4,32.1,24.5,0.1,78,9.5,Maranhão,São Luís,Nordeste,2026
2026-07-18,27.6,31.6,24.8,1.0,80,9.6,Maranhão,São Luís,Nordeste,2026
2026-07-19,27.6,31.9,25.0,0.3,78,10.7,Maranhão,São Luís,Nordeste,2026
2026-07-20,27.7,32.0,25.0,1.0,77,12.1,Maranhão,São Luís,Nordeste,2026
2026-07-21,26.8,29.9,24.2,7.4,81,13.8,Maranhão,São Luís,Nordeste,2026
2026-07-22,27.3,30.7,24.7,0.5,79,11.7,Maranhão,São Luís,Nordeste,2026
2026-07-23,27.8,31.5,25.4,0.9,79,12.5,Maranhão,São Luís,Nordeste,2026
2026-07-24,27.5,30.7,25.9,4.7,78,14.9,Maranhão,São Luís,Nordeste,2026
2026-07-25,27.3,30.7,24.8,3.2,80,10.3,Maranhão,São Luís,Nordeste,2026
2026-07-26,27.5,31.2,25.0,3.2,81,11.0,Maranhão,São Luís,Nordeste,2026
2026-07-27,27.2,30.6,24.4,3.4,80,13.3,Maranhão,São Luís,Nordeste,2026
2026-07-28,27.4,30.1,25.9,8.0,78,13.4,Maranhão,São Luís,Nordeste,2026
2026-07-29,27.7,31.8,25.2,1.0,79,13.4,Maranhão,São Luís,Nordeste,2026
2026-07-30,27.5,30.9,25.5,3.7,80,13.7,Maranhão,São Luís,Nordeste,2026
2026-07-31,27.3,30.6,25.4,4.7,77,13.4,Maranhão,São Luís,Nordeste,2026
2026-08-01,27.1,30.2,24.7,5.3,79,8.9,Maranhão,São Luís,Nordeste,2026
2026-08-02,27.4,31.9,24.5,3.0,80,8.9,Maranhão,São Luís,Nordeste,2026
2026-08-03,27.4,32.5,24.6,0.8,77,10.7,Maranhão,São Luís,Nordeste,2026
2026-08-04,27.5,32.1,24.4,1.3,78,10.8,Maranhão,São Luís,Nordeste,2026
2026-08-05,27.8,31.8,25.5,1.1,76,12.5,Maranhão,São Luís,Nordeste,2026
2026-08-06,27.8,31.4,25.6,3.1,76,13.0,Maranhão,São Luís,Nordeste,2026
2026-08-07,27.8,31.4,25.6,2.0,77,14.0,Maranhão,São Luís,Nordeste,2026
2026-08-08,27.8,30.9,25.5,1.6,77,14.3,Maranhão,São Luís,Nordeste,2026
2026-08-09,27.6,31.0,25.5,1.8,78,14.2,Maranhão,São Luís,Nordeste,2026
2026-08-10,27.8,32.1,25.4,1.5,78,12.8,Maranhão,São Luís,Nordeste,2026
2026-08-11,27.5,31.3,25.5,7.4,80,11.6,Maranhão,São Luís,Nordeste,2026
2026-08-12,27.2,30.8,25.1,2.8,82,10.1,Maranhão,São Luís,Nordeste,2026
2026-08-13,27.4,31.5,24.7,2.1,82,9.6,Maranhão,São Luís,Nordeste,2026
2026-08-14,27.2,30.6,24.9,6.6,81,11.2,Maranhão,São Luís,Nordeste,2026
2026-08-15,27.6,31.1,25.3,3.0,79,14.3,Maranhão,São Luís,Nordeste,2026
2026-08-16,28.4,33.7,25.8,0.0,74,15.0,Maranhão,São Luís,Nordeste,2026
2026-08-17,28.3,32.9,25.8,0.5,72,14.1,Maranhão,São Luís,Nordeste,2026
2026-08-18,28.2,33.7,25.0,0.3,74,12.3,Maranhão,São Luís,Nordeste,2026
2026-08-19,28.4,34.0,25.3,0.8,73,11.9,Maranhão,São Luís,Nordeste,2026
2025-06-01,21.7,26.4,17.4,0.0,80,7.9,Mato Grosso,Cuiabá,Centro-Oeste,2025
2025-06-02,22.9,28.4,18.3,0.0,82,4.7,Mato Grosso,Cuiabá,Centro-Oeste,2025
2025-06-03,25.2,30.9,20.2,0.0,81,3.3,Mato Grosso,Cuiabá,Centro-Oeste,2025
2025-06-04,27.1,32.2,22.8,0.0,69,9.7,Mato Grosso,Cuiabá,Centro-Oeste,2025
2025-06-05,26.6,31.9,21.9,0.0,67,7.3,Mato Grosso,Cuiabá,Centro-Oeste,2025
2025-06-06,25.4,31.6,20.1,0.0,74,2.9,Mato Grosso,Cuiabá,Centro-Oeste,2025
2025-06-07,25.6,32.2,20.0,0.0,73,4.4,Mato Grosso,Cuiabá,Centro-Oeste,2025
2025-06-08,25.9,31.6,20.7,0.0,70,5.4,Mato Grosso,Cuiabá,Centro-Oeste,2025
2025-06-09,23.4,27.2,21.7,1.3,84,10.9,Mato Grosso,Cuiabá,Centro-Oeste,2025
2025-06-10,21.8,26.5,18.0,0.0,79,9.0,Mato Grosso,Cuiabá,Centro-Oeste,2025
2025-06-11,22.4,27.0,18.8,0.0,77,8.5,Mato Grosso,Cuiabá,Centro-Oeste,2025
2025-06-12,22.8,29.0,17.4,0.0,77,4.3,Mato Grosso,Cuiabá,Centro-Oeste,2025
2025-06-13,25.6,32.4,19.9,0.0,68,6.8,Mato Grosso,Cuiabá,Centro-Oeste,2025
2025-06-14,27.6,33.1,23.1,0.0,60,9.8,Mato Grosso,Cuiabá,Centro-Oeste,2025
2025-06-15,26.9,31.6,23.5,0.8,66,7.5,Mato Grosso,Cuiabá,Centro-Oeste,2025
2025-06-16,27.0,31.8,23.1,0.0,59,10.6,Mato Grosso,Cuiabá,Centro-Oeste,2025
2025-06-17,26.1,31.4,21.6,0.0,56,7.6,Mato Grosso,Cuiabá,Centro-Oeste,2025
2025-06-18,26.0,32.1,20.7,0.0,55,6.2,Mato Grosso,Cuiabá,Centro-Oeste,2025
2025-06-19,26.1,32.7,20.7,0.0,62,5.7,Mato Grosso,Cuiabá,Centro-Oeste,2025
2025-06-20,22.8,26.7,19.5,0.0,77,9.3,Mato Grosso,Cuiabá,Centro-Oeste,2025
2025-06-21,23.4,30.0,17.9,0.0,77,2.9,Mato Grosso,Cuiabá,Centro-Oeste,2025
2025-06-22,26.7,33.3,20.7,0.0,58,11.7,Mato Grosso,Cuiabá,Centro-Oeste,2025
2025-06-23,25.1,30.3,17.9,36.0,72,12.9,Mato Grosso,Cuiabá,Centro-Oeste,2025
2025-06-24,17.5,19.9,15.1,1.9,81,11.7,Mato Grosso,Cuiabá,Centro-Oeste,2025
2025-06-25,21.1,28.1,15.5,0.0,84,2.9,Mato Grosso,Cuiabá,Centro-Oeste,2025
2025-06-26,25.1,30.0,21.2,0.0,80,4.7,Mato Grosso,Cuiabá,Centro-Oeste,2025
2025-06-27,25.3,30.6,20.8,0.0,82,4.0,Mato Grosso,Cuiabá,Centro-Oeste,2025
2025-06-28,25.7,32.2,21.2,0.0,72,5.9,Mato Grosso,Cuiabá,Centro-Oeste,2025
2025-06-29,25.5,31.1,21.6,0.0,69,6.7,Mato Grosso,Cuiabá,Centro-Oeste,2025
2025-06-30,18.5,22.0,14.9,0.1,81,15.7,Mato Grosso,Cuiabá,Centro-Oeste,2025
2025-07-01,15.8,18.9,14.0,0.0,82,12.2,Mato Grosso,Cuiabá,Centro-Oeste,2025
2025-07-02,16.9,22.2,13.3,0.0,84,9.7,Mato Grosso,Cuiabá,Centro-Oeste,2025
2025-07-03,18.1,23.5,13.5,0.0,82,9.6,Mato Grosso,Cuiabá,Centro-Oeste,2025
2025-07-04,20.3,26.1,15.4,0.0,85,5.7,Mato Grosso,Cuiabá,Centro-Oeste,2025
2025-07-05,22.2,28.9,16.9,0.0,77,4.5,Mato Grosso,Cuiabá,Centro-Oeste,2025
2025-07-06,22.1,28.8,16.2,0.0,71,2.9,Mato Grosso,Cuiabá,Centro-Oeste,2025
2025-07-07,22.2,29.5,16.2,0.0,67,4.0,Mato Grosso,Cuiabá,Centro-Oeste,2025
2025-07-08,22.3,29.6,16.6,0.0,66,5.1,Mato Grosso,Cuiabá,Centro-Oeste,2025
2025-07-09,22.1,29.1,16.0,0.0,69,4.7,Mato Grosso,Cuiabá,Centro-Oeste,2025
2025-07-10,22.4,30.2,15.9,0.0,68,3.8,Mato Grosso,Cuiabá,Centro-Oeste,2025
2025-07-11,22.5,30.6,15.8,0.0,62,5.0,Mato Grosso,Cuiabá,Centro-Oeste,2025
2025-07-12,22.6,31.0,15.5,0.0,60,4.1,Mato Grosso,Cuiabá,Centro-Oeste,2025
2025-07-13,23.1,30.9,15.9,0.0,59,4.3,Mato Grosso,Cuiabá,Centro-Oeste,2025
2025-07-14,24.0,32.3,16.8,0.0,59,4.6,Mato Grosso,Cuiabá,Centro-Oeste,2025
2025-07-15,25.3,32.6,19.3,0.0,48,7.7,Mato Grosso,Cuiabá,Centro-Oeste,2025
2025-07-16,25.6,32.9,19.4,0.0,45,7.3,Mato Grosso,Cuiabá,Centro-Oeste,2025
2025-07-17,23.8,31.7,17.7,0.0,60,8.5,Mato Grosso,Cuiabá,Centro-Oeste,2025
2025-07-18,20.3,25.7,15.9,0.0,68,10.1,Mato Grosso,Cuiabá,Centro-Oeste,2025
2025-07-19,22.7,31.3,15.6,0.0,64,4.2,Mato Grosso,Cuiabá,Centro-Oeste,2025
2025-07-20,24.9,32.4,17.6,0.0,58,3.1,Mato Grosso,Cuiabá,Centro-Oeste,2025
2025-07-21,25.5,34.2,17.2,0.0,49,5.2,Mato Grosso,Cuiabá,Centro-Oeste,2025
2025-07-22,26.6,35.1,19.4,0.0,42,5.2,Mato Grosso,Cuiabá,Centro-Oeste,2025
2025-07-23,26.7,34.9,18.6,0.0,44,3.5,Mato Grosso,Cuiabá,Centro-Oeste,2025
2025-07-24,27.5,35.7,19.3,0.0,42,6.1,Mato Grosso,Cuiabá,Centro-Oeste,2025
2025-07-25,28.3,36.3,21.4,0.0,41,5.7,Mato Grosso,Cuiabá,Centro-Oeste,2025
2025-07-26,29.1,36.4,21.9,0.0,36,8.1,Mato Grosso,Cuiabá,Centro-Oeste,2025
2025-07-27,29.2,36.3,22.7,0.0,38,9.4,Mato Grosso,Cuiabá,Centro-Oeste,2025
2025-07-28,27.1,32.3,22.0,0.1,49,10.9,Mato Grosso,Cuiabá,Centro-Oeste,2025
2025-07-29,20.4,24.4,17.4,0.0,70,12.4,Mato Grosso,Cuiabá,Centro-Oeste,2025
2025-07-30,23.4,31.2,16.9,0.0,63,5.4,Mato Grosso,Cuiabá,Centro-Oeste,2025
2025-07-31,27.2,35.6,19.1,0.0,52,6.5,Mato Grosso,Cuiabá,Centro-Oeste,2025
2025-08-01,29.8,37.5,22.8,0.0,34,9.7,Mato Grosso,Cuiabá,Centro-Oeste,2025
2025-08-02,30.4,36.0,25.6,0.0,42,11.6,Mato Grosso,Cuiabá,Centro-Oeste,2025
2025-08-03,29.2,34.8,24.8,0.9,50,6.8,Mato Grosso,Cuiabá,Centro-Oeste,2025
2025-08-04,24.7,29.6,20.9,7.9,78,11.1,Mato Grosso,Cuiabá,Centro-Oeste,2025
2025-08-05,22.3,26.7,19.0,0.1,78,9.9,Mato Grosso,Cuiabá,Centro-Oeste,2025
2025-08-06,22.9,28.2,18.3,0.0,76,7.0,Mato Grosso,Cuiabá,Centro-Oeste,2025
2025-08-07,24.7,31.7,18.4,0.0,69,4.8,Mato Grosso,Cuiabá,Centro-Oeste,2025
2025-08-08,24.3,29.8,19.8,0.0,67,11.4,Mato Grosso,Cuiabá,Centro-Oeste,2025
2025-08-09,19.9,23.8,16.5,0.0,55,15.8,Mato Grosso,Cuiabá,Centro-Oeste,2025
2025-08-10,19.8,26.5,13.8,0.0,49,9.6,Mato Grosso,Cuiabá,Centro-Oeste,2025
2025-08-11,21.7,28.8,15.1,0.0,48,10.0,Mato Grosso,Cuiabá,Centro-Oeste,2025
2025-08-12,22.1,29.6,15.0,0.0,45,7.1,Mato Grosso,Cuiabá,Centro-Oeste,2025
2025-08-13,23.5,33.0,14.9,0.0,47,3.9,Mato Grosso,Cuiabá,Centro-Oeste,2025
2025-08-14,24.3,33.4,16.5,0.0,41,7.7,Mato Grosso,Cuiabá,Centro-Oeste,2025
2025-08-15,25.2,34.3,16.9,0.0,39,8.5,Mato Grosso,Cuiabá,Centro-Oeste,2025
2025-08-16,27.2,37.8,18.0,0.0,39,3.9,Mato Grosso,Cuiabá,Centro-Oeste,2025
2025-08-17,29.9,38.5,21.8,0.0,35,3.5,Mato Grosso,Cuiabá,Centro-Oeste,2025
2025-08-18,31.6,39.1,26.4,0.0,29,8.5,Mato Grosso,Cuiabá,Centro-Oeste,2025
2025-08-19,30.9,38.5,24.4,0.0,30,11.3,Mato Grosso,Cuiabá,Centro-Oeste,2025
2026-06-01,26.3,32.4,20.8,0.0,63,5.3,Mato Grosso,Cuiabá,Centro-Oeste,2026
2026-06-02,26.6,33.1,21.3,0.0,59,6.8,Mato Grosso,Cuiabá,Centro-Oeste,2026
2026-06-03,26.0,32.9,20.2,0.0,53,7.2,Mato Grosso,Cuiabá,Centro-Oeste,2026
2026-06-04,25.7,33.2,18.8,0.0,52,7.4,Mato Grosso,Cuiabá,Centro-Oeste,2026
2026-06-05,26.3,33.3,19.3,0.0,52,7.4,Mato Grosso,Cuiabá,Centro-Oeste,2026
2026-06-06,25.1,32.2,18.3,0.0,51,4.8,Mato Grosso,Cuiabá,Centro-Oeste,2026
2026-06-07,25.0,32.3,17.4,0.0,52,4.0,Mato Grosso,Cuiabá,Centro-Oeste,2026
2026-06-08,25.9,33.7,17.9,0.0,52,3.8,Mato Grosso,Cuiabá,Centro-Oeste,2026
2026-06-09,26.2,33.0,20.2,0.0,52,3.6,Mato Grosso,Cuiabá,Centro-Oeste,2026
2026-06-10,25.6,28.2,23.2,0.3,64,3.8,Mato Grosso,Cuiabá,Centro-Oeste,2026
2026-06-11,25.5,30.6,21.7,1.4,74,3.5,Mato Grosso,Cuiabá,Centro-Oeste,2026
2026-06-12,26.9,32.8,21.7,1.9,72,5.2,Mato Grosso,Cuiabá,Centro-Oeste,2026
2026-06-13,28.2,33.7,23.1,5.8,63,7.1,Mato Grosso,Cuiabá,Centro-Oeste,2026
2026-06-14,29.2,34.8,24.7,0.5,60,9.5,Mato Grosso,Cuiabá,Centro-Oeste,2026
2026-06-15,23.0,25.0,20.1,0.0,75,12.4,Mato Grosso,Cuiabá,Centro-Oeste,2026
2026-06-16,23.0,27.7,19.8,0.0,76,11.2,Mato Grosso,Cuiabá,Centro-Oeste,2026
2026-06-17,24.1,29.5,19.5,0.0,76,9.9,Mato Grosso,Cuiabá,Centro-Oeste,2026
2026-06-18,26.8,33.4,20.7,0.0,65,7.2,Mato Grosso,Cuiabá,Centro-Oeste,2026
2026-06-19,26.2,32.6,22.1,6.4,67,9.6,Mato Grosso,Cuiabá,Centro-Oeste,2026
2026-06-20,20.7,24.3,17.8,3.6,85,8.8,Mato Grosso,Cuiabá,Centro-Oeste,2026
2026-06-21,23.1,30.3,17.1,0.1,81,5.2,Mato Grosso,Cuiabá,Centro-Oeste,2026
2026-06-22,25.8,30.2,22.8,1.7,76,7.1,Mato Grosso,Cuiabá,Centro-Oeste,2026
2026-06-23,20.3,22.4,17.6,7.7,85,13.4,Mato Grosso,Cuiabá,Centro-Oeste,2026
2026-06-24,15.4,17.1,14.1,16.2,83,12.9,Mato Grosso,Cuiabá,Centro-Oeste,2026
2026-06-25,16.9,20.9,13.8,1.1,90,7.2,Mato Grosso,Cuiabá,Centro-Oeste,2026
2026-06-26,20.3,25.6,16.2,0.1,87,5.6,Mato Grosso,Cuiabá,Centro-Oeste,2026
2026-06-27,23.7,31.2,17.9,0.0,78,4.3,Mato Grosso,Cuiabá,Centro-Oeste,2026
2026-06-28,25.6,31.4,20.7,0.0,72,6.1,Mato Grosso,Cuiabá,Centro-Oeste,2026
2026-06-29,25.8,32.0,21.5,0.0,75,4.4,Mato Grosso,Cuiabá,Centro-Oeste,2026
2026-06-30,25.8,31.9,21.3,0.0,72,5.8,Mato Grosso,Cuiabá,Centro-Oeste,2026
2026-07-01,25.6,31.8,20.8,0.0,68,6.5,Mato Grosso,Cuiabá,Centro-Oeste,2026
2026-07-02,24.7,31.4,20.0,0.0,70,7.6,Mato Grosso,Cuiabá,Centro-Oeste,2026
2026-07-03,18.0,20.1,16.2,0.0,83,14.3,Mato Grosso,Cuiabá,Centro-Oeste,2026
2026-07-04,18.6,22.9,16.3,0.0,83,8.9,Mato Grosso,Cuiabá,Centro-Oeste,2026
2026-07-05,19.5,25.3,15.2,0.0,86,4.9,Mato Grosso,Cuiabá,Centro-Oeste,2026
2026-07-06,22.0,28.6,16.5,0.0,79,7.6,Mato Grosso,Cuiabá,Centro-Oeste,2026
2026-07-07,19.7,23.6,16.1,0.0,81,10.5,Mato Grosso,Cuiabá,Centro-Oeste,2026
2026-07-08,20.5,27.0,15.2,0.0,84,4.0,Mato Grosso,Cuiabá,Centro-Oeste,2026
2026-07-09,24.1,31.0,18.0,0.0,75,3.5,Mato Grosso,Cuiabá,Centro-Oeste,2026
2026-07-10,25.2,31.8,19.5,0.0,69,3.7,Mato Grosso,Cuiabá,Centro-Oeste,2026
2026-07-11,26.2,32.3,20.9,1.9,64,6.3,Mato Grosso,Cuiabá,Centro-Oeste,2026
2026-07-12,24.7,28.4,22.0,0.3,77,7.6,Mato Grosso,Cuiabá,Centro-Oeste,2026
2026-07-13,23.5,26.5,21.8,0.1,82,8.8,Mato Grosso,Cuiabá,Centro-Oeste,2026
2026-07-14,24.0,30.3,18.6,0.0,76,5.0,Mato Grosso,Cuiabá,Centro-Oeste,2026
2026-07-15,26.3,33.7,19.7,0.1,68,4.1,Mato Grosso,Cuiabá,Centro-Oeste,2026
2026-07-16,28.6,34.4,23.4,0.0,55,11.4,Mato Grosso,Cuiabá,Centro-Oeste,2026
2026-07-17,29.2,33.9,24.8,0.0,55,15.3,Mato Grosso,Cuiabá,Centro-Oeste,2026
2026-07-18,29.2,34.2,24.4,0.0,41,15.7,Mato Grosso,Cuiabá,Centro-Oeste,2026
2026-07-19,29.2,34.6,24.0,0.0,41,14.9,Mato Grosso,Cuiabá,Centro-Oeste,2026
2026-07-20,29.5,34.5,24.7,0.0,43,11.8,Mato Grosso,Cuiabá,Centro-Oeste,2026
2026-07-21,29.8,35.5,24.5,0.0,41,12.1,Mato Grosso,Cuiabá,Centro-Oeste,2026
2026-07-22,29.2,35.2,23.4,0.0,43,8.2,Mato Grosso,Cuiabá,Centro-Oeste,2026
2026-07-23,27.0,32.2,21.9,0.0,62,9.6,Mato Grosso,Cuiabá,Centro-Oeste,2026
2026-07-24,27.6,34.3,21.3,0.0,61,6.1,Mato Grosso,Cuiabá,Centro-Oeste,2026
2026-07-25,29.0,35.2,22.8,0.0,52,4.7,Mato Grosso,Cuiabá,Centro-Oeste,2026
2026-07-26,29.7,36.9,22.8,0.0,49,5.3,Mato Grosso,Cuiabá,Centro-Oeste,2026
2026-07-27,30.4,37.0,24.1,0.0,40,8.4,Mato Grosso,Cuiabá,Centro-Oeste,2026
2026-07-28,30.6,37.0,24.4,0.0,36,10.8,Mato Grosso,Cuiabá,Centro-Oeste,2026
2026-07-29,30.6,35.8,25.6,0.0,47,9.5,Mato Grosso,Cuiabá,Centro-Oeste,2026
2026-07-30,29.3,35.7,24.4,1.0,57,7.0,Mato Grosso,Cuiabá,Centro-Oeste,2026
2026-07-31,28.1,35.4,21.6,0.0,62,4.8,Mato Grosso,Cuiabá,Centro-Oeste,2026
2026-08-01,29.0,36.2,22.8,0.0,48,8.2,Mato Grosso,Cuiabá,Centro-Oeste,2026
2026-08-02,28.4,34.4,23.2,0.3,57,7.2,Mato Grosso,Cuiabá,Centro-Oeste,2026
2026-08-03,27.5,33.2,23.8,0.0,63,5.9,Mato Grosso,Cuiabá,Centro-Oeste,2026
2026-08-04,28.5,35.8,21.7,0.0,53,4.6,Mato Grosso,Cuiabá,Centro-Oeste,2026
2026-08-05,29.3,36.8,22.2,0.0,38,7.2,Mato Grosso,Cuiabá,Centro-Oeste,2026
2026-08-06,30.4,36.9,24.3,0.0,34,11.1,Mato Grosso,Cuiabá,Centro-Oeste,2026
2026-08-07,30.7,36.7,24.5,0.0,39,11.7,Mato Grosso,Cuiabá,Centro-Oeste,2026
2026-08-08,31.4,37.1,25.5,0.0,40,13.0,Mato Grosso,Cuiabá,Centro-Oeste,2026
2026-08-09,32.0,37.5,26.3,0.0,40,7.5,Mato Grosso,Cuiabá,Centro-Oeste,2026
2026-08-10,31.4,37.7,24.9,0.0,40,7.4,Mato Grosso,Cuiabá,Centro-Oeste,2026
2026-08-11,25.4,30.9,19.7,0.0,59,13.2,Mato Grosso,Cuiabá,Centro-Oeste,2026
2026-08-12,28.4,36.0,20.7,0.0,48,9.1,Mato Grosso,Cuiabá,Centro-Oeste,2026
2026-08-13,30.3,36.4,23.5,0.0,31,8.4,Mato Grosso,Cuiabá,Centro-Oeste,2026
2026-08-14,29.8,37.2,21.9,0.0,31,6.3,Mato Grosso,Cuiabá,Centro-Oeste,2026
2026-08-15,30.7,38.3,22.9,0.0,31,9.3,Mato Grosso,Cuiabá,Centro-Oeste,2026
2026-08-16,32.1,38.1,25.2,0.0,29,12.1,Mato Grosso,Cuiabá,Centro-Oeste,2026
2026-08-17,32.1,38.3,23.9,0.0,29,12.3,Mato Grosso,Cuiabá,Centro-Oeste,2026
2026-08-18,31.8,37.6,25.8,0.0,27,10.5,Mato Grosso,Cuiabá,Centro-Oeste,2026
2026-08-19,29.8,36.8,23.7,0.0,34,8.0,Mato Grosso,Cuiabá,Centro-Oeste,2026
2025-06-01,19.6,25.6,15.0,0.0,70,8.6,Mato Grosso do Sul,Campo Grande,Centro-Oeste,2025
2025-06-02,20.7,27.8,16.8,2.3,67,12.8,Mato Grosso do Sul,Campo Grande,Centro-Oeste,2025
2025-06-03,21.5,27.6,17.3,0.6,77,11.8,Mato Grosso do Sul,Campo Grande,Centro-Oeste,2025
2025-06-04,23.8,28.6,19.7,0.6,73,12.7,Mato Grosso do Sul,Campo Grande,Centro-Oeste,2025
2025-06-05,23.9,27.9,21.6,1.2,74,11.9,Mato Grosso do Sul,Campo Grande,Centro-Oeste,2025
2025-06-06,22.9,26.9,19.0,3.2,79,6.7,Mato Grosso do Sul,Campo Grande,Centro-Oeste,2025
2025-06-07,22.7,28.1,18.4,0.1,76,6.4,Mato Grosso do Sul,Campo Grande,Centro-Oeste,2025
2025-06-08,19.6,22.2,17.5,32.1,90,6.8,Mato Grosso do Sul,Campo Grande,Centro-Oeste,2025
2025-06-09,18.5,22.0,14.9,0.3,82,9.8,Mato Grosso do Sul,Campo Grande,Centro-Oeste,2025
2025-06-10,15.7,21.9,10.9,0.0,72,9.9,Mato Grosso do Sul,Campo Grande,Centro-Oeste,2025
2025-06-11,16.4,21.6,13.3,0.0,72,10.9,Mato Grosso do Sul,Campo Grande,Centro-Oeste,2025
2025-06-12,15.9,21.0,12.0,0.0,69,19.6,Mato Grosso do Sul,Campo Grande,Centro-Oeste,2025
2025-06-13,18.1,24.3,13.3,0.0,68,19.8,Mato Grosso do Sul,Campo Grande,Centro-Oeste,2025
2025-06-14,22.4,28.5,17.8,0.2,65,18.5,Mato Grosso do Sul,Campo Grande,Centro-Oeste,2025
2025-06-15,20.6,24.6,17.8,12.7,85,9.6,Mato Grosso do Sul,Campo Grande,Centro-Oeste,2025
2025-06-16,22.4,27.7,18.3,2.4,76,13.4,Mato Grosso do Sul,Campo Grande,Centro-Oeste,2025
2025-06-17,22.9,27.6,19.7,0.0,61,12.6,Mato Grosso do Sul,Campo Grande,Centro-Oeste,2025
2025-06-18,22.4,27.8,18.1,0.0,57,11.6,Mato Grosso do Sul,Campo Grande,Centro-Oeste,2025
2025-06-19,22.7,27.9,19.0,0.0,62,8.5,Mato Grosso do Sul,Campo Grande,Centro-Oeste,2025
2025-06-20,19.6,24.7,16.4,0.0,86,5.6,Mato Grosso do Sul,Campo Grande,Centro-Oeste,2025
2025-06-21,19.7,25.1,14.8,0.0,83,6.4,Mato Grosso do Sul,Campo Grande,Centro-Oeste,2025
2025-06-22,22.6,26.9,19.1,0.0,64,16.9,Mato Grosso do Sul,Campo Grande,Centro-Oeste,2025
2025-06-23,17.2,22.5,11.5,23.2,86,19.0,Mato Grosso do Sul,Campo Grande,Centro-Oeste,2025
2025-06-24,10.2,15.3,6.0,0.0,66,12.6,Mato Grosso do Sul,Campo Grande,Centro-Oeste,2025
2025-06-25,15.2,23.5,7.7,0.0,69,16.0,Mato Grosso do Sul,Campo Grande,Centro-Oeste,2025
2025-06-26,21.9,25.4,19.3,1.1,75,14.9,Mato Grosso do Sul,Campo Grande,Centro-Oeste,2025
2025-06-27,21.1,27.0,16.7,1.6,84,7.3,Mato Grosso do Sul,Campo Grande,Centro-Oeste,2025
2025-06-28,23.4,28.6,19.6,0.0,71,13.6,Mato Grosso do Sul,Campo Grande,Centro-Oeste,2025
2025-06-29,22.3,27.1,17.9,2.3,74,11.5,Mato Grosso do Sul,Campo Grande,Centro-Oeste,2025
2025-06-30,14.4,17.0,11.4,0.0,80,13.3,Mato Grosso do Sul,Campo Grande,Centro-Oeste,2025
2025-07-01,13.3,18.6,9.4,0.0,75,11.8,Mato Grosso do Sul,Campo Grande,Centro-Oeste,2025
2025-07-02,14.6,21.4,9.1,0.0,76,11.6,Mato Grosso do Sul,Campo Grande,Centro-Oeste,2025
2025-07-03,17.0,22.4,12.7,0.0,77,13.7,Mato Grosso do Sul,Campo Grande,Centro-Oeste,2025
2025-07-04,17.5,23.2,12.9,0.0,74,17.2,Mato Grosso do Sul,Campo Grande,Centro-Oeste,2025
2025-07-05,19.2,25.5,14.2,0.0,66,11.9,Mato Grosso do Sul,Campo Grande,Centro-Oeste,2025
2025-07-06,19.8,25.7,14.8,0.0,56,10.7,Mato Grosso do Sul,Campo Grande,Centro-Oeste,2025
2025-07-07,19.9,25.9,15.2,0.0,58,10.1,Mato Grosso do Sul,Campo Grande,Centro-Oeste,2025
2025-07-08,19.9,25.2,15.2,0.0,56,7.8,Mato Grosso do Sul,Campo Grande,Centro-Oeste,2025
2025-07-09,19.5,25.0,14.3,0.0,54,10.3,Mato Grosso do Sul,Campo Grande,Centro-Oeste,2025
2025-07-10,20.2,26.9,15.0,0.0,53,11.7,Mato Grosso do Sul,Campo Grande,Centro-Oeste,2025
2025-07-11,21.2,27.5,16.3,0.0,48,11.0,Mato Grosso do Sul,Campo Grande,Centro-Oeste,2025
2025-07-12,21.5,26.9,16.4,0.0,43,12.2,Mato Grosso do Sul,Campo Grande,Centro-Oeste,2025
2025-07-13,21.6,27.4,17.0,0.0,44,11.6,Mato Grosso do Sul,Campo Grande,Centro-Oeste,2025
2025-07-14,22.0,28.4,16.8,0.0,49,11.3,Mato Grosso do Sul,Campo Grande,Centro-Oeste,2025
2025-07-15,23.0,29.0,18.2,0.0,41,11.3,Mato Grosso do Sul,Campo Grande,Centro-Oeste,2025
2025-07-16,23.1,28.6,18.1,0.0,38,11.2,Mato Grosso do Sul,Campo Grande,Centro-Oeste,2025
2025-07-17,21.2,26.5,15.0,0.0,50,10.4,Mato Grosso do Sul,Campo Grande,Centro-Oeste,2025
2025-07-18,15.6,22.9,10.1,0.0,54,12.6,Mato Grosso do Sul,Campo Grande,Centro-Oeste,2025
2025-07-19,18.0,26.3,11.2,0.0,52,10.2,Mato Grosso do Sul,Campo Grande,Centro-Oeste,2025
2025-07-20,21.6,27.8,16.4,0.0,47,10.0,Mato Grosso do Sul,Campo Grande,Centro-Oeste,2025
2025-07-21,23.1,28.8,18.8,0.0,43,9.7,Mato Grosso do Sul,Campo Grande,Centro-Oeste,2025
2025-07-22,23.2,29.8,16.4,0.0,44,6.2,Mato Grosso do Sul,Campo Grande,Centro-Oeste,2025
2025-07-23,24.0,30.4,18.4,0.0,42,7.6,Mato Grosso do Sul,Campo Grande,Centro-Oeste,2025
2025-07-24,25.0,31.1,19.9,0.0,36,12.1,Mato Grosso do Sul,Campo Grande,Centro-Oeste,2025
2025-07-25,23.5,31.2,16.8,0.0,45,11.0,Mato Grosso do Sul,Campo Grande,Centro-Oeste,2025
2025-07-26,25.7,32.4,20.0,0.0,38,13.9,Mato Grosso do Sul,Campo Grande,Centro-Oeste,2025
2025-07-27,26.8,32.5,21.8,0.2,38,17.0,Mato Grosso do Sul,Campo Grande,Centro-Oeste,2025
2025-07-28,18.6,22.0,13.8,25.9,80,10.6,Mato Grosso do Sul,Campo Grande,Centro-Oeste,2025
2025-07-29,14.2,19.8,10.1,0.0,75,14.7,Mato Grosso do Sul,Campo Grande,Centro-Oeste,2025
2025-07-30,16.4,23.7,10.8,0.0,58,15.6,Mato Grosso do Sul,Campo Grande,Centro-Oeste,2025
2025-07-31,19.4,27.0,13.8,0.0,43,19.1,Mato Grosso do Sul,Campo Grande,Centro-Oeste,2025
2025-08-01,24.3,32.5,17.1,0.0,36,16.9,Mato Grosso do Sul,Campo Grande,Centro-Oeste,2025
2025-08-02,26.7,32.1,22.2,0.0,39,13.2,Mato Grosso do Sul,Campo Grande,Centro-Oeste,2025
2025-08-03,25.3,30.6,20.9,2.1,53,10.9,Mato Grosso do Sul,Campo Grande,Centro-Oeste,2025
2025-08-04,20.0,23.6,16.0,6.8,84,7.6,Mato Grosso do Sul,Campo Grande,Centro-Oeste,2025
2025-08-05,18.1,22.7,14.4,0.0,83,9.7,Mato Grosso do Sul,Campo Grande,Centro-Oeste,2025
2025-08-06,19.0,24.5,14.5,0.0,73,10.9,Mato Grosso do Sul,Campo Grande,Centro-Oeste,2025
2025-08-07,20.5,26.3,15.9,0.0,67,9.8,Mato Grosso do Sul,Campo Grande,Centro-Oeste,2025
2025-08-08,17.6,22.3,12.7,0.2,77,12.1,Mato Grosso do Sul,Campo Grande,Centro-Oeste,2025
2025-08-09,12.2,17.4,8.0,0.0,64,11.3,Mato Grosso do Sul,Campo Grande,Centro-Oeste,2025
2025-08-10,13.0,20.6,6.6,0.0,55,9.4,Mato Grosso do Sul,Campo Grande,Centro-Oeste,2025
2025-08-11,15.6,22.8,9.1,0.0,42,11.2,Mato Grosso do Sul,Campo Grande,Centro-Oeste,2025
2025-08-12,17.0,24.1,10.7,0.0,46,11.3,Mato Grosso do Sul,Campo Grande,Centro-Oeste,2025
2025-08-13,19.4,27.6,13.0,0.0,42,10.6,Mato Grosso do Sul,Campo Grande,Centro-Oeste,2025
2025-08-14,21.0,28.6,14.7,0.0,34,9.1,Mato Grosso do Sul,Campo Grande,Centro-Oeste,2025
2025-08-15,21.4,28.6,15.4,0.0,37,10.3,Mato Grosso do Sul,Campo Grande,Centro-Oeste,2025
2025-08-16,23.7,32.4,17.6,0.0,37,13.6,Mato Grosso do Sul,Campo Grande,Centro-Oeste,2025
2025-08-17,25.8,33.1,20.3,0.0,40,12.0,Mato Grosso do Sul,Campo Grande,Centro-Oeste,2025
2025-08-18,26.9,33.9,21.2,0.0,34,16.4,Mato Grosso do Sul,Campo Grande,Centro-Oeste,2025
2025-08-19,28.4,33.7,23.5,0.0,28,21.2,Mato Grosso do Sul,Campo Grande,Centro-Oeste,2025
2026-06-01,21.2,27.1,16.6,0.0,71,10.0,Mato Grosso do Sul,Campo Grande,Centro-Oeste,2026
2026-06-02,20.4,26.9,16.1,0.0,64,12.8,Mato Grosso do Sul,Campo Grande,Centro-Oeste,2026
2026-06-03,18.0,23.9,13.1,0.0,66,13.8,Mato Grosso do Sul,Campo Grande,Centro-Oeste,2026
2026-06-04,20.1,27.7,14.5,0.0,63,10.8,Mato Grosso do Sul,Campo Grande,Centro-Oeste,2026
2026-06-05,21.0,27.0,16.5,0.0,64,12.7,Mato Grosso do Sul,Campo Grande,Centro-Oeste,2026
2026-06-06,20.5,26.2,16.1,0.0,62,10.7,Mato Grosso do Sul,Campo Grande,Centro-Oeste,2026
2026-06-07,20.0,26.2,15.2,0.0,61,9.7,Mato Grosso do Sul,Campo Grande,Centro-Oeste,2026
2026-06-08,20.4,26.7,15.9,0.0,60,8.5,Mato Grosso do Sul,Campo Grande,Centro-Oeste,2026
2026-06-09,21.6,27.2,17.3,0.0,61,6.0,Mato Grosso do Sul,Campo Grande,Centro-Oeste,2026
2026-06-10,20.6,23.6,18.7,5.7,74,7.8,Mato Grosso do Sul,Campo Grande,Centro-Oeste,2026
2026-06-11,21.0,25.8,17.6,4.7,78,10.2,Mato Grosso do Sul,Campo Grande,Centro-Oeste,2026
2026-06-12,19.8,23.2,17.6,17.0,91,13.3,Mato Grosso do Sul,Campo Grande,Centro-Oeste,2026
2026-06-13,19.2,23.6,17.0,62.0,93,5.6,Mato Grosso do Sul,Campo Grande,Centro-Oeste,2026
2026-06-14,20.1,23.0,18.4,20.0,94,10.0,Mato Grosso do Sul,Campo Grande,Centro-Oeste,2026
2026-06-15,18.5,21.2,16.6,0.1,88,6.3,Mato Grosso do Sul,Campo Grande,Centro-Oeste,2026
2026-06-16,18.4,22.5,15.0,0.6,88,5.6,Mato Grosso do Sul,Campo Grande,Centro-Oeste,2026
2026-06-17,19.3,24.4,16.0,0.5,83,9.8,Mato Grosso do Sul,Campo Grande,Centro-Oeste,2026
2026-06-18,19.6,25.0,15.8,0.0,75,16.2,Mato Grosso do Sul,Campo Grande,Centro-Oeste,2026
2026-06-19,19.8,26.3,17.3,25.5,80,15.0,Mato Grosso do Sul,Campo Grande,Centro-Oeste,2026
2026-06-20,15.6,19.0,12.3,1.3,85,8.3,Mato Grosso do Sul,Campo Grande,Centro-Oeste,2026
2026-06-21,18.7,25.4,11.7,0.0,74,10.7,Mato Grosso do Sul,Campo Grande,Centro-Oeste,2026
2026-06-22,20.8,25.1,15.8,9.2,85,15.3,Mato Grosso do Sul,Campo Grande,Centro-Oeste,2026
2026-06-23,12.3,15.0,9.7,3.8,86,12.9,Mato Grosso do Sul,Campo Grande,Centro-Oeste,2026
2026-06-24,10.6,13.9,8.7,5.4,81,9.9,Mato Grosso do Sul,Campo Grande,Centro-Oeste,2026
2026-06-25,13.2,18.8,9.1,0.3,78,13.9,Mato Grosso do Sul,Campo Grande,Centro-Oeste,2026
2026-06-26,17.9,24.2,13.4,0.2,82,10.7,Mato Grosso do Sul,Campo Grande,Centro-Oeste,2026
2026-06-27,21.7,27.8,17.0,0.0,76,13.1,Mato Grosso do Sul,Campo Grande,Centro-Oeste,2026
2026-06-28,23.0,27.8,19.0,0.0,69,11.0,Mato Grosso do Sul,Campo Grande,Centro-Oeste,2026
2026-06-29,22.9,27.1,18.4,0.0,73,6.3,Mato Grosso do Sul,Campo Grande,Centro-Oeste,2026
2026-06-30,23.0,28.0,18.2,0.6,74,8.3,Mato Grosso do Sul,Campo Grande,Centro-Oeste,2026
2026-07-01,23.8,29.0,19.9,0.0,62,8.6,Mato Grosso do Sul,Campo Grande,Centro-Oeste,2026
2026-07-02,22.5,28.5,18.0,0.0,70,7.4,Mato Grosso do Sul,Campo Grande,Centro-Oeste,2026
2026-07-03,16.9,20.9,14.5,0.0,84,10.8,Mato Grosso do Sul,Campo Grande,Centro-Oeste,2026
2026-07-04,17.8,24.6,12.9,0.0,81,7.8,Mato Grosso do Sul,Campo Grande,Centro-Oeste,2026
2026-07-05,20.5,26.6,15.7,0.0,70,8.4,Mato Grosso do Sul,Campo Grande,Centro-Oeste,2026
2026-07-06,20.3,25.4,16.3,0.0,70,7.6,Mato Grosso do Sul,Campo Grande,Centro-Oeste,2026
2026-07-07,16.9,22.7,12.0,0.0,82,8.7,Mato Grosso do Sul,Campo Grande,Centro-Oeste,2026
2026-07-08,19.4,26.5,14.0,0.0,71,9.6,Mato Grosso do Sul,Campo Grande,Centro-Oeste,2026
2026-07-09,22.4,29.2,17.0,0.0,65,11.4,Mato Grosso do Sul,Campo Grande,Centro-Oeste,2026
2026-07-10,23.6,28.9,19.2,0.1,61,10.8,Mato Grosso do Sul,Campo Grande,Centro-Oeste,2026
2026-07-11,24.0,28.8,19.8,0.9,59,10.3,Mato Grosso do Sul,Campo Grande,Centro-Oeste,2026
2026-07-12,20.6,24.4,18.5,3.5,85,7.2,Mato Grosso do Sul,Campo Grande,Centro-Oeste,2026
2026-07-13,16.6,23.0,11.1,0.0,68,11.3,Mato Grosso do Sul,Campo Grande,Centro-Oeste,2026
2026-07-14,16.9,23.8,11.5,0.0,64,15.2,Mato Grosso do Sul,Campo Grande,Centro-Oeste,2026
2026-07-15,20.4,28.9,13.7,0.0,56,15.1,Mato Grosso do Sul,Campo Grande,Centro-Oeste,2026
2026-07-16,24.5,31.3,18.9,0.0,51,17.6,Mato Grosso do Sul,Campo Grande,Centro-Oeste,2026
2026-07-17,25.9,29.6,23.2,0.6,58,19.0,Mato Grosso do Sul,Campo Grande,Centro-Oeste,2026
2026-07-18,25.5,29.7,22.6,0.0,50,17.7,Mato Grosso do Sul,Campo Grande,Centro-Oeste,2026
2026-07-19,25.3,29.7,21.9,0.0,47,18.7,Mato Grosso do Sul,Campo Grande,Centro-Oeste,2026
2026-07-20,25.8,29.7,22.5,0.0,51,16.9,Mato Grosso do Sul,Campo Grande,Centro-Oeste,2026
2026-07-21,26.2,30.0,23.5,0.0,49,17.0,Mato Grosso do Sul,Campo Grande,Centro-Oeste,2026
2026-07-22,24.2,28.3,19.8,4.9,63,15.4,Mato Grosso do Sul,Campo Grande,Centro-Oeste,2026
2026-07-23,20.9,26.1,16.7,4.3,84,9.6,Mato Grosso do Sul,Campo Grande,Centro-Oeste,2026
2026-07-24,22.8,27.7,18.5,2.4,76,9.0,Mato Grosso do Sul,Campo Grande,Centro-Oeste,2026
2026-07-25,23.6,28.9,19.3,4.2,71,8.6,Mato Grosso do Sul,Campo Grande,Centro-Oeste,2026
2026-07-26,24.9,31.1,19.7,0.3,60,11.4,Mato Grosso do Sul,Campo Grande,Centro-Oeste,2026
2026-07-27,26.3,32.3,20.9,0.0,53,13.5,Mato Grosso do Sul,Campo Grande,Centro-Oeste,2026
2026-07-28,27.4,32.0,22.7,0.0,44,13.3,Mato Grosso do Sul,Campo Grande,Centro-Oeste,2026
2026-07-29,26.2,30.4,21.8,2.3,54,12.9,Mato Grosso do Sul,Campo Grande,Centro-Oeste,2026
2026-07-30,21.3,25.8,17.4,39.8,77,15.8,Mato Grosso do Sul,Campo Grande,Centro-Oeste,2026
2026-07-31,23.0,29.4,18.5,0.0,68,17.4,Mato Grosso do Sul,Campo Grande,Centro-Oeste,2026
2026-08-01,25.4,30.7,21.2,0.0,51,14.5,Mato Grosso do Sul,Campo Grande,Centro-Oeste,2026
2026-08-02,23.7,28.5,20.9,0.0,63,7.1,Mato Grosso do Sul,Campo Grande,Centro-Oeste,2026
2026-08-03,22.7,27.6,20.6,0.1,64,11.2,Mato Grosso do Sul,Campo Grande,Centro-Oeste,2026
2026-08-04,23.1,28.2,19.2,2.1,64,9.4,Mato Grosso do Sul,Campo Grande,Centro-Oeste,2026
2026-08-05,23.4,28.4,19.8,1.5,61,10.2,Mato Grosso do Sul,Campo Grande,Centro-Oeste,2026
2026-08-06,24.5,29.8,19.6,0.2,55,15.3,Mato Grosso do Sul,Campo Grande,Centro-Oeste,2026
2026-08-07,24.8,28.1,22.0,2.3,63,18.3,Mato Grosso do Sul,Campo Grande,Centro-Oeste,2026
2026-08-08,25.6,30.6,20.7,0.1,65,19.2,Mato Grosso do Sul,Campo Grande,Centro-Oeste,2026
2026-08-09,26.6,30.5,23.3,2.0,60,14.4,Mato Grosso do Sul,Campo Grande,Centro-Oeste,2026
2026-08-10,24.3,29.5,20.3,4.6,78,9.4,Mato Grosso do Sul,Campo Grande,Centro-Oeste,2026
2026-08-11,22.4,28.1,19.2,0.0,80,12.6,Mato Grosso do Sul,Campo Grande,Centro-Oeste,2026
2026-08-12,24.4,30.8,19.3,0.6,63,14.1,Mato Grosso do Sul,Campo Grande,Centro-Oeste,2026
2026-08-13,25.8,30.9,21.4,0.1,54,8.8,Mato Grosso do Sul,Campo Grande,Centro-Oeste,2026
2026-08-14,25.5,31.3,19.2,0.0,55,7.1,Mato Grosso do Sul,Campo Grande,Centro-Oeste,2026
2026-08-15,27.0,33.4,21.1,0.0,46,9.4,Mato Grosso do Sul,Campo Grande,Centro-Oeste,2026
2026-08-16,27.8,34.7,21.9,0.0,38,11.3,Mato Grosso do Sul,Campo Grande,Centro-Oeste,2026
2026-08-17,29.2,34.6,24.2,0.0,28,13.2,Mato Grosso do Sul,Campo Grande,Centro-Oeste,2026
2026-08-18,28.7,33.7,24.0,0.0,33,12.9,Mato Grosso do Sul,Campo Grande,Centro-Oeste,2026
2026-08-19,26.0,31.9,20.5,0.6,50,10.6,Mato Grosso do Sul,Campo Grande,Centro-Oeste,2026
2025-06-01,20.7,25.8,16.1,0.1,70,6.4,Minas Gerais,Belo Horizonte,Sudeste,2025
2025-06-02,19.7,24.1,16.0,0.0,71,10.2,Minas Gerais,Belo Horizonte,Sudeste,2025
2025-06-03,19.0,23.7,16.1,1.4,75,8.7,Minas Gerais,Belo Horizonte,Sudeste,2025
2025-06-04,19.4,24.8,14.3,0.0,71,4.8,Minas Gerais,Belo Horizonte,Sudeste,2025
2025-06-05,20.3,25.2,15.6,0.0,64,5.7,Minas Gerais,Belo Horizonte,Sudeste,2025
2025-06-06,20.6,24.9,16.1,0.0,63,5.0,Minas Gerais,Belo Horizonte,Sudeste,2025
2025-06-07,20.4,24.4,16.1,0.5,70,6.3,Minas Gerais,Belo Horizonte,Sudeste,2025
2025-06-08,20.6,25.4,16.1,1.4,66,7.8,Minas Gerais,Belo Horizonte,Sudeste,2025
2025-06-09,20.4,24.3,16.7,0.0,58,5.6,Minas Gerais,Belo Horizonte,Sudeste,2025
2025-06-10,19.6,23.8,15.7,0.2,68,6.3,Minas Gerais,Belo Horizonte,Sudeste,2025
2025-06-11,18.0,23.8,13.7,0.2,67,8.4,Minas Gerais,Belo Horizonte,Sudeste,2025
2025-06-12,14.9,20.7,10.7,0.0,56,12.4,Minas Gerais,Belo Horizonte,Sudeste,2025
2025-06-13,14.4,19.6,9.8,0.0,63,11.6,Minas Gerais,Belo Horizonte,Sudeste,2025
2025-06-14,14.6,19.7,11.0,0.0,64,12.0,Minas Gerais,Belo Horizonte,Sudeste,2025
2025-06-15,15.6,21.0,10.7,0.0,57,7.8,Minas Gerais,Belo Horizonte,Sudeste,2025
2025-06-16,16.4,22.3,11.4,0.0,61,8.2,Minas Gerais,Belo Horizonte,Sudeste,2025
2025-06-17,16.8,21.9,12.0,0.0,66,10.6,Minas Gerais,Belo Horizonte,Sudeste,2025
2025-06-18,17.4,23.5,12.4,0.0,72,9.8,Minas Gerais,Belo Horizonte,Sudeste,2025
2025-06-19,18.4,23.7,14.0,0.0,65,8.9,Minas Gerais,Belo Horizonte,Sudeste,2025
2025-06-20,18.4,23.7,13.5,0.0,58,7.8,Minas Gerais,Belo Horizonte,Sudeste,2025
2025-06-21,19.9,25.4,14.7,0.0,56,5.7,Minas Gerais,Belo Horizonte,Sudeste,2025
2025-06-22,20.2,25.6,15.4,0.0,48,6.6,Minas Gerais,Belo Horizonte,Sudeste,2025
2025-06-23,21.0,27.1,15.5,0.0,54,7.4,Minas Gerais,Belo Horizonte,Sudeste,2025
2025-06-24,20.0,25.8,16.2,0.0,64,9.1,Minas Gerais,Belo Horizonte,Sudeste,2025
2025-06-25,17.8,23.5,13.2,0.2,69,9.8,Minas Gerais,Belo Horizonte,Sudeste,2025
2025-06-26,18.7,24.5,14.3,0.0,70,9.8,Minas Gerais,Belo Horizonte,Sudeste,2025
2025-06-27,19.7,26.1,14.1,0.0,60,6.3,Minas Gerais,Belo Horizonte,Sudeste,2025
2025-06-28,19.2,24.5,15.0,0.0,60,10.6,Minas Gerais,Belo Horizonte,Sudeste,2025
2025-06-29,19.9,26.1,13.9,0.0,60,6.5,Minas Gerais,Belo Horizonte,Sudeste,2025
2025-06-30,20.2,26.5,14.5,0.0,47,7.5,Minas Gerais,Belo Horizonte,Sudeste,2025
2025-07-01,19.2,24.9,14.4,0.0,48,8.8,Minas Gerais,Belo Horizonte,Sudeste,2025
2025-07-02,17.8,22.6,13.1,0.0,63,10.0,Minas Gerais,Belo Horizonte,Sudeste,2025
2025-07-03,17.2,22.5,13.1,0.0,68,10.9,Minas Gerais,Belo Horizonte,Sudeste,2025
2025-07-04,16.0,19.9,13.2,1.1,74,9.5,Minas Gerais,Belo Horizonte,Sudeste,2025
2025-07-05,16.6,22.4,11.3,0.0,61,6.7,Minas Gerais,Belo Horizonte,Sudeste,2025
2025-07-06,17.1,22.5,11.9,0.0,56,5.7,Minas Gerais,Belo Horizonte,Sudeste,2025
2025-07-07,16.2,21.6,11.3,0.0,61,8.9,Minas Gerais,Belo Horizonte,Sudeste,2025
2025-07-08,16.3,21.3,11.4,0.0,55,5.8,Minas Gerais,Belo Horizonte,Sudeste,2025
2025-07-09,16.8,21.9,12.2,0.0,54,8.8,Minas Gerais,Belo Horizonte,Sudeste,2025
2025-07-10,16.7,21.8,12.1,0.0,63,10.2,Minas Gerais,Belo Horizonte,Sudeste,2025
2025-07-11,16.9,21.4,12.0,0.2,67,9.6,Minas Gerais,Belo Horizonte,Sudeste,2025
2025-07-12,16.8,21.4,12.5,0.2,72,9.9,Minas Gerais,Belo Horizonte,Sudeste,2025
2025-07-13,17.0,21.8,12.8,0.0,59,8.5,Minas Gerais,Belo Horizonte,Sudeste,2025
2025-07-14,16.4,20.8,11.1,0.0,53,5.7,Minas Gerais,Belo Horizonte,Sudeste,2025
2025-07-15,18.2,22.7,13.6,0.0,43,5.4,Minas Gerais,Belo Horizonte,Sudeste,2025
2025-07-16,17.7,22.6,12.7,0.0,47,7.6,Minas Gerais,Belo Horizonte,Sudeste,2025
2025-07-17,17.5,23.1,12.5,0.0,50,6.4,Minas Gerais,Belo Horizonte,Sudeste,2025
2025-07-18,18.5,24.3,12.5,0.0,47,6.8,Minas Gerais,Belo Horizonte,Sudeste,2025
2025-07-19,20.1,25.5,14.8,0.0,44,5.0,Minas Gerais,Belo Horizonte,Sudeste,2025
2025-07-20,18.4,23.4,13.3,0.0,62,8.8,Minas Gerais,Belo Horizonte,Sudeste,2025
2025-07-21,18.5,24.3,13.8,0.0,62,7.9,Minas Gerais,Belo Horizonte,Sudeste,2025
2025-07-22,19.6,27.1,13.7,0.0,54,6.2,Minas Gerais,Belo Horizonte,Sudeste,2025
2025-07-23,20.8,26.7,15.5,0.0,51,6.1,Minas Gerais,Belo Horizonte,Sudeste,2025
2025-07-24,19.8,25.5,15.1,0.0,58,9.3,Minas Gerais,Belo Horizonte,Sudeste,2025
2025-07-25,18.8,24.3,14.4,3.0,64,10.4,Minas Gerais,Belo Horizonte,Sudeste,2025
2025-07-26,18.9,24.2,14.5,0.0,64,6.4,Minas Gerais,Belo Horizonte,Sudeste,2025
2025-07-27,18.8,24.4,14.4,0.0,64,8.8,Minas Gerais,Belo Horizonte,Sudeste,2025
2025-07-28,20.2,26.7,14.2,0.1,54,8.4,Minas Gerais,Belo Horizonte,Sudeste,2025
2025-07-29,18.8,23.6,15.9,0.0,62,9.8,Minas Gerais,Belo Horizonte,Sudeste,2025
2025-07-30,17.1,24.4,11.0,0.0,45,6.6,Minas Gerais,Belo Horizonte,Sudeste,2025
2025-07-31,15.9,21.8,10.3,0.0,54,10.4,Minas Gerais,Belo Horizonte,Sudeste,2025
2025-08-01,16.8,22.7,12.0,0.0,61,10.5,Minas Gerais,Belo Horizonte,Sudeste,2025
2025-08-02,16.8,22.6,11.5,0.0,56,9.5,Minas Gerais,Belo Horizonte,Sudeste,2025
2025-08-03,16.8,22.7,11.7,0.0,57,11.0,Minas Gerais,Belo Horizonte,Sudeste,2025
2025-08-04,17.5,23.6,12.1,0.0,57,8.8,Minas Gerais,Belo Horizonte,Sudeste,2025
2025-08-05,17.2,20.9,13.7,0.0,56,8.4,Minas Gerais,Belo Horizonte,Sudeste,2025
2025-08-06,18.0,23.3,13.5,0.0,59,8.8,Minas Gerais,Belo Horizonte,Sudeste,2025
2025-08-07,19.7,26.2,13.9,0.0,53,8.0,Minas Gerais,Belo Horizonte,Sudeste,2025
2025-08-08,21.4,28.3,15.1,0.0,48,8.7,Minas Gerais,Belo Horizonte,Sudeste,2025
2025-08-09,21.4,26.3,17.4,0.0,47,9.9,Minas Gerais,Belo Horizonte,Sudeste,2025
2025-08-10,19.1,24.5,14.1,0.0,39,8.1,Minas Gerais,Belo Horizonte,Sudeste,2025
2025-08-11,17.1,24.1,11.0,0.0,53,8.8,Minas Gerais,Belo Horizonte,Sudeste,2025
2025-08-12,16.7,23.0,11.9,0.1,65,10.0,Minas Gerais,Belo Horizonte,Sudeste,2025
2025-08-13,19.1,25.7,13.7,0.0,62,8.2,Minas Gerais,Belo Horizonte,Sudeste,2025
2025-08-14,20.3,28.1,13.5,0.0,56,7.6,Minas Gerais,Belo Horizonte,Sudeste,2025
2025-08-15,18.2,23.4,13.1,0.0,64,11.7,Minas Gerais,Belo Horizonte,Sudeste,2025
2025-08-16,18.1,24.5,13.1,0.0,61,10.6,Minas Gerais,Belo Horizonte,Sudeste,2025
2025-08-17,19.5,26.7,13.6,0.0,53,8.0,Minas Gerais,Belo Horizonte,Sudeste,2025
2025-08-18,19.8,26.2,14.9,0.0,56,10.9,Minas Gerais,Belo Horizonte,Sudeste,2025
2025-08-19,18.6,24.6,14.0,0.0,63,12.7,Minas Gerais,Belo Horizonte,Sudeste,2025
2026-06-01,19.3,24.5,15.7,0.9,71,6.1,Minas Gerais,Belo Horizonte,Sudeste,2026
2026-06-02,18.4,22.7,15.7,2.7,76,8.8,Minas Gerais,Belo Horizonte,Sudeste,2026
2026-06-03,18.0,22.4,14.9,1.7,77,9.1,Minas Gerais,Belo Horizonte,Sudeste,2026
2026-06-04,17.3,22.5,13.8,0.0,71,10.9,Minas Gerais,Belo Horizonte,Sudeste,2026
2026-06-05,16.3,21.6,13.0,0.0,66,10.1,Minas Gerais,Belo Horizonte,Sudeste,2026
2026-06-06,15.2,20.2,9.7,0.0,66,4.4,Minas Gerais,Belo Horizonte,Sudeste,2026
2026-06-07,16.5,21.7,11.4,0.0,58,3.2,Minas Gerais,Belo Horizonte,Sudeste,2026
2026-06-08,17.3,22.7,11.6,0.0,57,5.4,Minas Gerais,Belo Horizonte,Sudeste,2026
2026-06-09,18.2,24.5,12.7,0.0,58,7.3,Minas Gerais,Belo Horizonte,Sudeste,2026
2026-06-10,19.6,25.4,13.9,0.0,58,5.3,Minas Gerais,Belo Horizonte,Sudeste,2026
2026-06-11,17.6,20.2,15.6,5.2,83,5.2,Minas Gerais,Belo Horizonte,Sudeste,2026
2026-06-12,17.7,24.1,13.9,0.4,83,4.7,Minas Gerais,Belo Horizonte,Sudeste,2026
2026-06-13,18.2,22.0,15.6,0.5,85,5.3,Minas Gerais,Belo Horizonte,Sudeste,2026
2026-06-14,18.4,21.6,15.6,2.8,85,4.4,Minas Gerais,Belo Horizonte,Sudeste,2026
2026-06-15,20.1,25.1,16.4,0.7,76,5.8,Minas Gerais,Belo Horizonte,Sudeste,2026
2026-06-16,20.0,24.7,16.4,0.2,73,6.2,Minas Gerais,Belo Horizonte,Sudeste,2026
2026-06-17,18.2,23.5,13.8,0.0,70,6.1,Minas Gerais,Belo Horizonte,Sudeste,2026
2026-06-18,16.5,21.7,12.3,0.0,71,9.5,Minas Gerais,Belo Horizonte,Sudeste,2026
2026-06-19,16.1,21.1,12.0,0.0,69,8.6,Minas Gerais,Belo Horizonte,Sudeste,2026
2026-06-20,16.5,22.3,11.2,0.0,66,6.3,Minas Gerais,Belo Horizonte,Sudeste,2026
2026-06-21,18.4,24.1,13.6,0.0,66,4.8,Minas Gerais,Belo Horizonte,Sudeste,2026
2026-06-22,19.1,23.7,15.3,0.0,64,5.7,Minas Gerais,Belo Horizonte,Sudeste,2026
2026-06-23,19.2,24.9,14.0,0.0,66,5.1,Minas Gerais,Belo Horizonte,Sudeste,2026
2026-06-24,19.9,25.5,15.0,0.0,65,6.1,Minas Gerais,Belo Horizonte,Sudeste,2026
2026-06-25,19.3,24.6,16.2,0.0,69,10.8,Minas Gerais,Belo Horizonte,Sudeste,2026
2026-06-26,19.1,23.9,15.6,0.0,73,10.3,Minas Gerais,Belo Horizonte,Sudeste,2026
2026-06-27,19.6,24.4,15.8,0.0,69,10.0,Minas Gerais,Belo Horizonte,Sudeste,2026
2026-06-28,18.9,24.0,15.4,0.0,68,9.8,Minas Gerais,Belo Horizonte,Sudeste,2026
2026-06-29,18.6,24.2,13.8,0.0,65,7.6,Minas Gerais,Belo Horizonte,Sudeste,2026
2026-06-30,19.1,25.2,14.0,0.0,69,8.7,Minas Gerais,Belo Horizonte,Sudeste,2026
2026-07-01,19.6,25.4,14.8,0.0,72,9.1,Minas Gerais,Belo Horizonte,Sudeste,2026
2026-07-02,19.6,25.6,14.5,0.0,64,6.9,Minas Gerais,Belo Horizonte,Sudeste,2026
2026-07-03,19.8,25.9,13.5,0.0,55,4.6,Minas Gerais,Belo Horizonte,Sudeste,2026
2026-07-04,20.3,26.2,15.1,0.0,62,7.6,Minas Gerais,Belo Horizonte,Sudeste,2026
2026-07-05,19.4,24.4,15.2,0.0,67,7.3,Minas Gerais,Belo Horizonte,Sudeste,2026
2026-07-06,19.2,24.2,14.9,0.2,68,6.3,Minas Gerais,Belo Horizonte,Sudeste,2026
2026-07-07,20.3,25.6,15.8,0.0,59,8.6,Minas Gerais,Belo Horizonte,Sudeste,2026
2026-07-08,19.9,25.0,14.8,0.0,50,6.4,Minas Gerais,Belo Horizonte,Sudeste,2026
2026-07-09,19.3,25.2,13.8,0.0,53,5.8,Minas Gerais,Belo Horizonte,Sudeste,2026
2026-07-10,19.8,26.4,13.8,0.0,54,7.4,Minas Gerais,Belo Horizonte,Sudeste,2026
2026-07-11,21.2,27.8,14.5,0.0,43,4.7,Minas Gerais,Belo Horizonte,Sudeste,2026
2026-07-12,21.8,27.2,17.0,0.0,45,7.2,Minas Gerais,Belo Horizonte,Sudeste,2026
2026-07-13,20.6,24.8,15.1,2.2,61,8.2,Minas Gerais,Belo Horizonte,Sudeste,2026
2026-07-14,16.2,22.4,11.5,0.0,60,11.6,Minas Gerais,Belo Horizonte,Sudeste,2026
2026-07-15,15.5,21.2,11.8,0.0,62,11.6,Minas Gerais,Belo Horizonte,Sudeste,2026
2026-07-16,14.4,19.7,10.2,0.0,66,11.9,Minas Gerais,Belo Horizonte,Sudeste,2026
2026-07-17,15.2,21.0,10.4,0.0,67,11.7,Minas Gerais,Belo Horizonte,Sudeste,2026
2026-07-18,16.8,22.8,11.5,0.0,63,11.2,Minas Gerais,Belo Horizonte,Sudeste,2026
2026-07-19,18.0,23.6,13.8,0.1,66,10.3,Minas Gerais,Belo Horizonte,Sudeste,2026
2026-07-20,18.0,23.9,12.9,0.0,63,8.1,Minas Gerais,Belo Horizonte,Sudeste,2026
2026-07-21,18.6,23.4,13.5,0.6,70,8.0,Minas Gerais,Belo Horizonte,Sudeste,2026
2026-07-22,19.9,26.0,14.6,0.0,64,7.3,Minas Gerais,Belo Horizonte,Sudeste,2026
2026-07-23,21.7,28.5,15.8,0.0,54,6.3,Minas Gerais,Belo Horizonte,Sudeste,2026
2026-07-24,21.5,27.0,17.4,2.9,57,7.8,Minas Gerais,Belo Horizonte,Sudeste,2026
2026-07-25,19.3,24.8,14.7,1.1,70,7.7,Minas Gerais,Belo Horizonte,Sudeste,2026
2026-07-26,20.0,25.5,15.1,0.0,64,5.0,Minas Gerais,Belo Horizonte,Sudeste,2026
2026-07-27,20.2,26.5,15.2,0.0,63,7.7,Minas Gerais,Belo Horizonte,Sudeste,2026
2026-07-28,21.2,27.1,15.4,0.0,56,6.9,Minas Gerais,Belo Horizonte,Sudeste,2026
2026-07-29,22.2,28.6,15.8,0.0,48,5.3,Minas Gerais,Belo Horizonte,Sudeste,2026
2026-07-30,22.1,29.5,16.3,0.2,50,7.7,Minas Gerais,Belo Horizonte,Sudeste,2026
2026-07-31,19.0,23.8,14.9,0.0,62,10.9,Minas Gerais,Belo Horizonte,Sudeste,2026
2026-08-01,17.9,23.3,13.6,0.0,65,9.7,Minas Gerais,Belo Horizonte,Sudeste,2026
2026-08-02,18.9,25.3,13.1,0.0,60,7.6,Minas Gerais,Belo Horizonte,Sudeste,2026
2026-08-03,19.4,25.3,14.3,0.0,52,8.6,Minas Gerais,Belo Horizonte,Sudeste,2026
2026-08-04,19.6,25.5,14.3,0.0,52,9.4,Minas Gerais,Belo Horizonte,Sudeste,2026
2026-08-05,20.6,26.3,15.2,0.0,52,7.6,Minas Gerais,Belo Horizonte,Sudeste,2026
2026-08-06,21.6,28.3,15.1,0.0,51,6.9,Minas Gerais,Belo Horizonte,Sudeste,2026
2026-08-07,23.3,29.7,16.6,0.0,46,8.5,Minas Gerais,Belo Horizonte,Sudeste,2026
2026-08-08,25.1,31.4,18.2,0.0,38,7.3,Minas Gerais,Belo Horizonte,Sudeste,2026
2026-08-09,26.2,32.7,20.0,0.0,34,6.1,Minas Gerais,Belo Horizonte,Sudeste,2026
2026-08-10,25.0,31.8,19.3,0.0,46,10.6,Minas Gerais,Belo Horizonte,Sudeste,2026
2026-08-11,20.1,23.4,17.5,0.9,71,11.3,Minas Gerais,Belo Horizonte,Sudeste,2026
2026-08-12,20.4,27.0,15.6,0.0,68,9.1,Minas Gerais,Belo Horizonte,Sudeste,2026
2026-08-13,22.3,28.8,15.5,0.0,58,6.5,Minas Gerais,Belo Horizonte,Sudeste,2026
2026-08-14,24.2,30.2,18.7,0.0,47,4.6,Minas Gerais,Belo Horizonte,Sudeste,2026
2026-08-15,21.9,28.2,18.1,0.9,66,9.9,Minas Gerais,Belo Horizonte,Sudeste,2026
2026-08-16,20.6,25.4,17.1,0.7,71,12.0,Minas Gerais,Belo Horizonte,Sudeste,2026
2026-08-17,19.9,25.0,16.2,0.0,68,12.3,Minas Gerais,Belo Horizonte,Sudeste,2026
2026-08-18,19.4,25.6,14.2,0.0,63,9.6,Minas Gerais,Belo Horizonte,Sudeste,2026
2026-08-19,21.2,28.7,14.5,0.0,48,7.1,Minas Gerais,Belo Horizonte,Sudeste,2026
2025-06-01,27.3,32.5,24.0,1.5,78,8.3,Pará,Belém,Norte,2025
2025-06-02,26.5,32.3,23.7,3.5,83,6.7,Pará,Belém,Norte,2025
2025-06-03,26.1,32.1,23.5,2.9,85,7.1,Pará,Belém,Norte,2025
2025-06-04,26.5,31.7,23.7,1.8,83,10.2,Pará,Belém,Norte,2025
2025-06-05,26.4,31.0,23.5,1.8,84,8.7,Pará,Belém,Norte,2025
2025-06-06,26.8,32.1,23.8,1.1,83,7.6,Pará,Belém,Norte,2025
2025-06-07,26.6,32.2,23.7,4.7,84,6.2,Pará,Belém,Norte,2025
2025-06-08,27.0,32.0,24.2,9.3,84,5.4,Pará,Belém,Norte,2025
2025-06-09,26.8,32.0,23.6,1.4,83,7.4,Pará,Belém,Norte,2025
2025-06-10,27.2,32.5,23.8,0.5,79,7.8,Pará,Belém,Norte,2025
2025-06-11,27.2,32.7,23.8,3.5,79,6.3,Pará,Belém,Norte,2025
2025-06-12,25.6,29.1,23.7,7.7,89,5.7,Pará,Belém,Norte,2025
2025-06-13,25.3,29.4,23.4,9.1,89,5.7,Pará,Belém,Norte,2025
2025-06-14,25.6,30.4,23.2,10.0,88,7.1,Pará,Belém,Norte,2025
2025-06-15,26.6,31.2,23.5,1.4,80,8.4,Pará,Belém,Norte,2025
2025-06-16,26.4,31.4,23.4,2.0,81,8.3,Pará,Belém,Norte,2025
2025-06-17,27.0,31.9,23.3,0.6,77,8.5,Pará,Belém,Norte,2025
2025-06-18,26.6,32.4,23.2,9.8,81,7.9,Pará,Belém,Norte,2025
2025-06-19,26.1,31.1,23.6,1.9,84,8.1,Pará,Belém,Norte,2025
2025-06-20,26.0,30.7,23.5,2.8,85,9.7,Pará,Belém,Norte,2025
2025-06-21,25.6,29.5,23.3,4.0,87,9.1,Pará,Belém,Norte,2025
2025-06-22,25.5,30.1,23.0,7.4,87,7.4,Pará,Belém,Norte,2025
2025-06-23,26.5,31.4,22.8,0.8,83,7.6,Pará,Belém,Norte,2025
2025-06-24,26.3,30.5,23.7,2.7,84,5.7,Pará,Belém,Norte,2025
2025-06-25,27.0,31.9,23.7,1.0,81,8.3,Pará,Belém,Norte,2025
2025-06-26,26.2,31.7,23.3,4.7,84,7.7,Pará,Belém,Norte,2025
2025-06-27,25.8,31.1,23.6,4.9,85,7.3,Pará,Belém,Norte,2025
2025-06-28,26.4,31.7,23.0,2.1,82,8.4,Pará,Belém,Norte,2025
2025-06-29,26.0,31.9,23.1,4.1,83,6.6,Pará,Belém,Norte,2025
2025-06-30,25.7,31.0,22.8,10.8,85,6.3,Pará,Belém,Norte,2025
2025-07-01,26.3,31.3,23.2,2.9,83,7.6,Pará,Belém,Norte,2025
2025-07-02,26.3,31.9,23.0,3.0,82,8.8,Pará,Belém,Norte,2025
2025-07-03,25.4,30.4,23.1,5.3,86,6.6,Pará,Belém,Norte,2025
2025-07-04,25.5,31.1,22.8,8.4,86,5.8,Pará,Belém,Norte,2025
2025-07-05,25.6,30.4,22.3,3.1,84,4.3,Pará,Belém,Norte,2025
2025-07-06,26.4,30.7,23.2,1.3,83,5.0,Pará,Belém,Norte,2025
2025-07-07,26.8,32.4,23.0,4.5,79,6.3,Pará,Belém,Norte,2025
2025-07-08,25.3,31.3,22.2,17.6,86,5.9,Pará,Belém,Norte,2025
2025-07-09,25.7,31.2,22.8,4.9,85,6.2,Pará,Belém,Norte,2025
2025-07-10,26.2,31.5,23.3,3.1,84,8.0,Pará,Belém,Norte,2025
2025-07-11,25.6,30.8,23.0,5.0,86,7.2,Pará,Belém,Norte,2025
2025-07-12,26.2,31.6,23.4,8.0,83,4.4,Pará,Belém,Norte,2025
2025-07-13,26.6,30.9,23.9,1.7,81,5.6,Pará,Belém,Norte,2025
2025-07-14,27.5,32.9,23.1,0.0,73,5.8,Pará,Belém,Norte,2025
2025-07-15,27.2,32.4,23.4,0.6,73,7.3,Pará,Belém,Norte,2025
2025-07-16,27.1,32.9,23.6,0.9,77,5.5,Pará,Belém,Norte,2025
2025-07-17,26.8,31.8,23.3,3.3,79,6.1,Pará,Belém,Norte,2025
2025-07-18,27.3,33.0,22.9,0.0,73,6.3,Pará,Belém,Norte,2025
2025-07-19,27.5,33.2,23.2,0.6,74,6.8,Pará,Belém,Norte,2025
2025-07-20,26.6,31.5,23.6,2.4,80,5.8,Pará,Belém,Norte,2025
2025-07-21,26.8,32.6,23.8,2.6,80,6.5,Pará,Belém,Norte,2025
2025-07-22,28.1,33.3,23.4,0.4,71,9.1,Pará,Belém,Norte,2025
2025-07-23,27.1,32.4,23.7,3.8,77,6.6,Pará,Belém,Norte,2025
2025-07-24,27.1,32.9,23.5,1.1,79,6.9,Pará,Belém,Norte,2025
2025-07-25,26.6,33.0,23.7,3.4,82,6.8,Pará,Belém,Norte,2025
2025-07-26,27.0,32.3,23.2,2.2,80,8.9,Pará,Belém,Norte,2025
2025-07-27,27.5,32.5,23.0,0.4,73,8.6,Pará,Belém,Norte,2025
2025-07-28,27.7,33.2,23.3,0.7,71,7.2,Pará,Belém,Norte,2025
2025-07-29,26.6,32.3,23.4,3.0,79,6.3,Pará,Belém,Norte,2025
2025-07-30,26.5,30.9,23.5,1.7,82,6.4,Pará,Belém,Norte,2025
2025-07-31,25.6,30.8,23.9,23.7,85,7.9,Pará,Belém,Norte,2025
2025-08-01,26.5,31.9,22.8,0.6,77,10.3,Pará,Belém,Norte,2025
2025-08-02,27.0,32.5,22.3,0.2,70,8.4,Pará,Belém,Norte,2025
2025-08-03,27.2,32.7,22.5,1.1,70,6.2,Pará,Belém,Norte,2025
2025-08-04,26.2,32.7,23.6,6.8,79,5.8,Pará,Belém,Norte,2025
2025-08-05,26.1,31.6,23.4,4.7,84,6.6,Pará,Belém,Norte,2025
2025-08-06,26.5,30.7,23.8,2.5,83,6.3,Pará,Belém,Norte,2025
2025-08-07,25.6,31.3,23.3,5.1,86,6.1,Pará,Belém,Norte,2025
2025-08-08,25.5,30.5,23.6,14.4,87,5.3,Pará,Belém,Norte,2025
2025-08-09,25.7,30.6,22.8,2.5,85,5.7,Pará,Belém,Norte,2025
2025-08-10,26.5,31.0,23.1,0.1,79,6.8,Pará,Belém,Norte,2025
2025-08-11,26.5,31.8,23.2,10.2,80,5.5,Pará,Belém,Norte,2025
2025-08-12,26.2,31.9,22.9,3.0,84,4.7,Pará,Belém,Norte,2025
2025-08-13,26.2,32.3,22.6,16.0,83,7.9,Pará,Belém,Norte,2025
2025-08-14,26.3,32.3,23.4,3.9,82,6.4,Pará,Belém,Norte,2025
2025-08-15,26.8,32.9,23.4,1.7,79,8.0,Pará,Belém,Norte,2025
2025-08-16,27.2,33.5,23.7,1.5,77,8.2,Pará,Belém,Norte,2025
2025-08-17,26.0,31.3,23.3,3.2,82,8.1,Pará,Belém,Norte,2025
2025-08-18,26.3,30.6,23.4,3.0,82,6.7,Pará,Belém,Norte,2025
2025-08-19,27.5,33.1,23.2,0.4,75,6.7,Pará,Belém,Norte,2025
2026-06-01,26.8,31.7,24.8,6.3,84,6.9,Pará,Belém,Norte,2026
2026-06-02,26.8,32.3,24.0,12.0,86,5.3,Pará,Belém,Norte,2026
2026-06-03,26.9,31.6,24.1,3.1,85,6.3,Pará,Belém,Norte,2026
2026-06-04,26.8,32.3,23.6,16.8,85,7.7,Pará,Belém,Norte,2026
2026-06-05,26.9,32.2,24.0,3.7,85,6.7,Pará,Belém,Norte,2026
2026-06-06,26.7,31.9,24.1,4.5,86,6.7,Pará,Belém,Norte,2026
2026-06-07,26.8,31.8,23.7,3.2,84,7.1,Pará,Belém,Norte,2026
2026-06-08,26.7,31.6,24.1,7.8,87,6.8,Pará,Belém,Norte,2026
2026-06-09,27.1,32.7,23.8,6.1,83,7.3,Pará,Belém,Norte,2026
2026-06-10,26.8,32.2,24.2,3.2,85,7.2,Pará,Belém,Norte,2026
2026-06-11,26.9,31.8,23.5,3.0,83,7.9,Pará,Belém,Norte,2026
2026-06-12,27.0,32.1,23.6,3.8,83,8.4,Pará,Belém,Norte,2026
2026-06-13,27.2,32.0,23.9,2.5,82,10.6,Pará,Belém,Norte,2026
2026-06-14,27.2,32.5,22.9,1.3,77,10.8,Pará,Belém,Norte,2026
2026-06-15,27.4,32.4,24.0,2.4,82,7.4,Pará,Belém,Norte,2026
2026-06-16,27.2,32.2,23.5,4.4,84,6.7,Pará,Belém,Norte,2026
2026-06-17,25.5,31.0,23.0,16.5,88,5.8,Pará,Belém,Norte,2026
2026-06-18,26.7,32.2,23.0,0.9,82,6.2,Pará,Belém,Norte,2026
2026-06-19,26.1,31.3,23.4,7.2,85,5.2,Pará,Belém,Norte,2026
2026-06-20,26.3,30.8,23.4,3.4,85,5.5,Pará,Belém,Norte,2026
2026-06-21,27.1,32.6,23.3,1.7,80,8.1,Pará,Belém,Norte,2026
2026-06-22,27.6,32.4,23.8,2.3,78,7.9,Pará,Belém,Norte,2026
2026-06-23,27.2,32.3,23.5,3.6,82,6.1,Pará,Belém,Norte,2026
2026-06-24,26.7,30.8,24.3,4.5,85,3.3,Pará,Belém,Norte,2026
2026-06-25,26.6,32.0,23.8,2.8,85,4.2,Pará,Belém,Norte,2026
2026-06-26,27.1,32.1,23.9,1.4,82,9.2,Pará,Belém,Norte,2026
2026-06-27,27.1,31.0,23.9,0.1,79,9.7,Pará,Belém,Norte,2026
2026-06-28,26.9,31.5,24.2,7.6,79,8.1,Pará,Belém,Norte,2026
2026-06-29,25.8,31.4,23.9,14.5,88,8.4,Pará,Belém,Norte,2026
2026-06-30,27.2,32.4,23.3,1.4,80,8.0,Pará,Belém,Norte,2026
2026-07-01,27.6,32.6,23.7,6.0,80,8.6,Pará,Belém,Norte,2026
2026-07-02,27.7,33.3,23.7,4.5,77,9.6,Pará,Belém,Norte,2026
2026-07-03,27.9,32.7,24.1,3.9,79,8.5,Pará,Belém,Norte,2026
2026-07-04,27.3,33.4,23.8,7.1,81,8.3,Pará,Belém,Norte,2026
2026-07-05,26.7,32.8,24.0,8.9,84,9.6,Pará,Belém,Norte,2026
2026-07-06,27.5,32.3,23.3,0.9,79,7.7,Pará,Belém,Norte,2026
2026-07-07,28.0,33.7,24.3,0.8,76,6.6,Pará,Belém,Norte,2026
2026-07-08,27.4,33.3,24.0,4.0,79,6.7,Pará,Belém,Norte,2026
2026-07-09,27.3,32.7,24.0,2.1,80,9.5,Pará,Belém,Norte,2026
2026-07-10,27.5,32.8,24.1,1.1,75,11.9,Pará,Belém,Norte,2026
2026-07-11,27.4,32.4,23.5,2.4,76,10.2,Pará,Belém,Norte,2026
2026-07-12,27.3,33.0,23.9,5.1,79,8.3,Pará,Belém,Norte,2026
2026-07-13,27.4,32.6,23.9,2.3,80,6.3,Pará,Belém,Norte,2026
2026-07-14,27.6,32.3,24.2,3.1,77,8.7,Pará,Belém,Norte,2026
2026-07-15,27.7,32.5,23.9,0.9,74,8.4,Pará,Belém,Norte,2026
2026-07-16,27.3,32.1,23.7,1.2,76,9.7,Pará,Belém,Norte,2026
2026-07-17,26.9,32.0,23.8,2.5,80,9.2,Pará,Belém,Norte,2026
2026-07-18,27.2,32.5,23.5,3.5,77,8.8,Pará,Belém,Norte,2026
2026-07-19,27.3,31.9,24.1,2.3,79,9.6,Pará,Belém,Norte,2026
2026-07-20,27.4,32.2,24.2,2.0,76,9.6,Pará,Belém,Norte,2026
2026-07-21,26.9,31.5,24.1,2.9,80,10.3,Pará,Belém,Norte,2026
2026-07-22,27.2,32.3,23.4,3.4,78,9.2,Pará,Belém,Norte,2026
2026-07-23,27.3,32.8,23.5,2.3,81,8.1,Pará,Belém,Norte,2026
2026-07-24,26.9,31.3,24.1,3.4,82,9.8,Pará,Belém,Norte,2026
2026-07-25,27.2,32.7,23.1,0.4,76,8.5,Pará,Belém,Norte,2026
2026-07-26,27.2,32.9,23.7,7.4,78,6.9,Pará,Belém,Norte,2026
2026-07-27,27.0,32.1,23.2,9.0,81,6.9,Pará,Belém,Norte,2026
2026-07-28,27.3,32.5,24.1,2.4,79,8.2,Pará,Belém,Norte,2026
2026-07-29,27.5,32.9,23.4,3.9,76,8.8,Pará,Belém,Norte,2026
2026-07-30,27.6,33.1,23.8,2.6,78,9.1,Pará,Belém,Norte,2026
2026-07-31,27.0,31.6,23.9,5.5,80,9.0,Pará,Belém,Norte,2026
2026-08-01,27.3,32.3,23.4,0.5,79,7.7,Pará,Belém,Norte,2026
2026-08-02,27.1,32.8,22.9,7.7,78,8.0,Pará,Belém,Norte,2026
2026-08-03,27.2,32.8,22.8,2.9,79,7.8,Pará,Belém,Norte,2026
2026-08-04,27.6,33.1,23.3,0.9,76,7.2,Pará,Belém,Norte,2026
2026-08-05,27.4,32.7,24.0,3.8,78,8.4,Pará,Belém,Norte,2026
2026-08-06,27.2,32.2,23.8,2.9,81,7.0,Pará,Belém,Norte,2026
2026-08-07,27.6,33.4,23.3,4.7,78,9.5,Pará,Belém,Norte,2026
2026-08-08,26.9,31.3,23.7,3.4,82,8.0,Pará,Belém,Norte,2026
2026-08-09,27.2,32.7,23.6,1.3,79,9.5,Pará,Belém,Norte,2026
2026-08-10,26.9,32.5,23.7,2.3,81,7.6,Pará,Belém,Norte,2026
2026-08-11,27.0,30.9,24.0,4.1,82,7.2,Pará,Belém,Norte,2026
2026-08-12,27.2,32.9,23.7,3.9,80,7.9,Pará,Belém,Norte,2026
2026-08-13,27.2,33.0,23.4,6.1,80,7.5,Pará,Belém,Norte,2026
2026-08-14,27.5,33.9,23.9,4.5,80,8.4,Pará,Belém,Norte,2026
2026-08-15,27.5,32.8,23.9,2.7,81,8.5,Pará,Belém,Norte,2026
2026-08-16,27.1,32.1,24.0,10.1,80,9.2,Pará,Belém,Norte,2026
2026-08-17,27.4,33.0,23.9,2.9,79,11.2,Pará,Belém,Norte,2026
2026-08-18,27.2,33.4,23.1,2.1,79,9.0,Pará,Belém,Norte,2026
2026-08-19,28.1,33.7,24.1,1.0,77,8.3,Pará,Belém,Norte,2026
2025-06-01,25.4,27.7,23.0,5.4,83,11.8,Paraíba,João Pessoa,Nordeste,2025
2025-06-02,26.3,28.7,23.8,2.4,77,16.6,Paraíba,João Pessoa,Nordeste,2025
2025-06-03,25.4,28.2,23.4,5.5,82,15.7,Paraíba,João Pessoa,Nordeste,2025
2025-06-04,24.8,26.8,23.3,9.9,86,13.4,Paraíba,João Pessoa,Nordeste,2025
2025-06-05,25.4,27.7,23.0,4.6,85,14.0,Paraíba,João Pessoa,Nordeste,2025
2025-06-06,25.7,28.5,23.1,0.9,82,14.8,Paraíba,João Pessoa,Nordeste,2025
2025-06-07,25.1,27.8,22.8,3.6,86,14.2,Paraíba,João Pessoa,Nordeste,2025
2025-06-08,25.2,27.1,23.6,5.6,86,14.2,Paraíba,João Pessoa,Nordeste,2025
2025-06-09,25.7,28.0,23.8,2.8,85,8.6,Paraíba,João Pessoa,Nordeste,2025
2025-06-10,25.5,27.5,23.4,1.3,84,9.0,Paraíba,João Pessoa,Nordeste,2025
2025-06-11,26.2,29.2,24.4,1.0,75,12.2,Paraíba,João Pessoa,Nordeste,2025
2025-06-12,25.4,28.5,22.2,0.5,79,12.3,Paraíba,João Pessoa,Nordeste,2025
2025-06-13,25.9,28.7,23.6,1.6,75,16.7,Paraíba,João Pessoa,Nordeste,2025
2025-06-14,24.6,26.5,23.4,10.3,86,18.2,Paraíba,João Pessoa,Nordeste,2025
2025-06-15,25.7,29.1,22.6,2.2,77,11.8,Paraíba,João Pessoa,Nordeste,2025
2025-06-16,26.3,29.0,24.6,0.1,72,12.4,Paraíba,João Pessoa,Nordeste,2025
2025-06-17,25.3,28.5,23.3,7.2,80,14.2,Paraíba,João Pessoa,Nordeste,2025
2025-06-18,24.9,27.1,23.6,7.1,83,16.7,Paraíba,João Pessoa,Nordeste,2025
2025-06-19,24.9,27.0,22.9,11.6,85,15.3,Paraíba,João Pessoa,Nordeste,2025
2025-06-20,24.7,26.6,22.9,20.1,86,15.3,Paraíba,João Pessoa,Nordeste,2025
2025-06-21,25.6,28.3,23.3,20.5,80,16.5,Paraíba,João Pessoa,Nordeste,2025
2025-06-22,25.0,27.4,22.9,4.3,86,13.3,Paraíba,João Pessoa,Nordeste,2025
2025-06-23,25.2,27.4,23.0,6.1,84,13.0,Paraíba,João Pessoa,Nordeste,2025
2025-06-24,26.0,28.5,24.1,2.6,80,12.6,Paraíba,João Pessoa,Nordeste,2025
2025-06-25,25.7,28.2,23.6,2.6,81,14.8,Paraíba,João Pessoa,Nordeste,2025
2025-06-26,25.4,27.7,23.3,4.0,79,18.9,Paraíba,João Pessoa,Nordeste,2025
2025-06-27,24.6,27.6,22.2,1.5,87,13.9,Paraíba,João Pessoa,Nordeste,2025
2025-06-28,24.5,26.6,22.8,14.2,88,17.0,Paraíba,João Pessoa,Nordeste,2025
2025-06-29,24.9,27.6,22.0,4.2,84,13.7,Paraíba,João Pessoa,Nordeste,2025
2025-06-30,25.0,27.5,23.1,4.3,84,12.0,Paraíba,João Pessoa,Nordeste,2025
2025-07-01,24.3,26.5,22.5,4.2,87,15.2,Paraíba,João Pessoa,Nordeste,2025
2025-07-02,24.0,25.7,22.4,18.5,85,18.1,Paraíba,João Pessoa,Nordeste,2025
2025-07-03,23.8,26.3,21.9,3.7,82,18.7,Paraíba,João Pessoa,Nordeste,2025
2025-07-04,24.6,27.4,21.9,1.2,81,14.9,Paraíba,João Pessoa,Nordeste,2025
2025-07-05,24.6,27.4,21.7,0.4,79,14.5,Paraíba,João Pessoa,Nordeste,2025
2025-07-06,24.9,27.1,22.6,0.3,81,16.9,Paraíba,João Pessoa,Nordeste,2025
2025-07-07,24.9,27.0,22.7,7.1,81,18.5,Paraíba,João Pessoa,Nordeste,2025
2025-07-08,24.6,26.4,22.6,2.2,80,19.3,Paraíba,João Pessoa,Nordeste,2025
2025-07-09,23.9,25.6,22.7,7.0,85,19.5,Paraíba,João Pessoa,Nordeste,2025
2025-07-10,23.8,26.3,22.2,10.5,87,19.1,Paraíba,João Pessoa,Nordeste,2025
2025-07-11,24.5,26.7,22.6,12.1,81,19.8,Paraíba,João Pessoa,Nordeste,2025
2025-07-12,23.9,26.8,21.6,2.3,81,17.7,Paraíba,João Pessoa,Nordeste,2025
2025-07-13,23.9,26.8,21.4,1.3,82,18.2,Paraíba,João Pessoa,Nordeste,2025
2025-07-14,24.1,26.0,22.6,6.9,85,20.1,Paraíba,João Pessoa,Nordeste,2025
2025-07-15,24.4,26.7,22.9,2.1,82,18.5,Paraíba,João Pessoa,Nordeste,2025
2025-07-16,24.0,27.3,21.4,0.0,80,19.3,Paraíba,João Pessoa,Nordeste,2025
2025-07-17,23.9,26.7,21.4,0.8,84,15.0,Paraíba,João Pessoa,Nordeste,2025
2025-07-18,24.4,26.7,21.7,0.6,83,12.4,Paraíba,João Pessoa,Nordeste,2025
2025-07-19,24.5,26.6,23.2,3.6,85,15.3,Paraíba,João Pessoa,Nordeste,2025
2025-07-20,24.2,26.4,22.6,6.2,84,15.5,Paraíba,João Pessoa,Nordeste,2025
2025-07-21,24.3,27.2,21.5,0.4,81,16.2,Paraíba,João Pessoa,Nordeste,2025
2025-07-22,24.4,26.7,21.8,3.3,82,14.5,Paraíba,João Pessoa,Nordeste,2025
2025-07-23,24.5,26.9,22.9,3.1,87,14.3,Paraíba,João Pessoa,Nordeste,2025
2025-07-24,25.1,27.7,23.1,2.4,80,19.1,Paraíba,João Pessoa,Nordeste,2025
2025-07-25,24.4,26.4,22.8,2.2,79,18.3,Paraíba,João Pessoa,Nordeste,2025
2025-07-26,24.0,26.5,21.7,2.4,81,17.6,Paraíba,João Pessoa,Nordeste,2025
2025-07-27,23.9,26.0,22.5,14.9,89,18.8,Paraíba,João Pessoa,Nordeste,2025
2025-07-28,24.7,27.1,23.1,17.6,87,15.4,Paraíba,João Pessoa,Nordeste,2025
2025-07-29,24.7,26.8,22.5,6.3,84,14.5,Paraíba,João Pessoa,Nordeste,2025
2025-07-30,25.5,27.9,22.8,0.9,78,10.5,Paraíba,João Pessoa,Nordeste,2025
2025-07-31,25.5,27.9,23.1,1.2,77,13.2,Paraíba,João Pessoa,Nordeste,2025
2025-08-01,24.8,27.0,22.2,1.4,81,17.7,Paraíba,João Pessoa,Nordeste,2025
2025-08-02,24.8,27.3,22.8,2.9,79,18.3,Paraíba,João Pessoa,Nordeste,2025
2025-08-03,24.5,27.5,22.3,6.1,80,15.1,Paraíba,João Pessoa,Nordeste,2025
2025-08-04,24.4,26.4,22.6,6.2,83,14.9,Paraíba,João Pessoa,Nordeste,2025
2025-08-05,24.0,26.2,22.1,3.9,87,15.8,Paraíba,João Pessoa,Nordeste,2025
2025-08-06,24.9,27.2,22.7,3.0,80,20.2,Paraíba,João Pessoa,Nordeste,2025
2025-08-07,24.5,27.6,21.8,2.7,81,16.7,Paraíba,João Pessoa,Nordeste,2025
2025-08-08,24.6,27.5,21.6,0.9,80,11.7,Paraíba,João Pessoa,Nordeste,2025
2025-08-09,24.4,26.5,22.5,2.5,86,12.8,Paraíba,João Pessoa,Nordeste,2025
2025-08-10,25.4,28.0,22.8,0.0,80,11.8,Paraíba,João Pessoa,Nordeste,2025
2025-08-11,25.4,27.9,23.7,0.8,81,12.0,Paraíba,João Pessoa,Nordeste,2025
2025-08-12,24.7,26.9,22.5,1.3,81,13.1,Paraíba,João Pessoa,Nordeste,2025
2025-08-13,25.8,28.0,23.8,0.2,69,14.5,Paraíba,João Pessoa,Nordeste,2025
2025-08-14,24.6,27.1,22.6,7.7,83,17.3,Paraíba,João Pessoa,Nordeste,2025
2025-08-15,23.7,25.2,22.5,43.3,92,14.4,Paraíba,João Pessoa,Nordeste,2025
2025-08-16,23.4,25.6,21.8,13.8,89,15.8,Paraíba,João Pessoa,Nordeste,2025
2025-08-17,24.6,26.8,22.7,2.5,75,19.2,Paraíba,João Pessoa,Nordeste,2025
2025-08-18,24.4,27.0,22.1,0.5,73,16.7,Paraíba,João Pessoa,Nordeste,2025
2025-08-19,24.4,26.9,22.1,1.9,76,19.3,Paraíba,João Pessoa,Nordeste,2025
2026-06-01,26.1,28.7,23.5,0.2,79,14.6,Paraíba,João Pessoa,Nordeste,2026
2026-06-02,25.4,28.0,23.5,10.9,83,15.7,Paraíba,João Pessoa,Nordeste,2026
2026-06-03,25.2,27.7,22.8,11.5,87,12.9,Paraíba,João Pessoa,Nordeste,2026
2026-06-04,25.7,28.1,24.0,3.5,84,17.1,Paraíba,João Pessoa,Nordeste,2026
2026-06-05,26.0,28.8,23.4,3.9,79,17.7,Paraíba,João Pessoa,Nordeste,2026
2026-06-06,25.1,28.1,22.8,13.5,85,15.7,Paraíba,João Pessoa,Nordeste,2026
2026-06-07,24.7,27.2,22.4,17.2,89,14.9,Paraíba,João Pessoa,Nordeste,2026
2026-06-08,25.6,28.1,23.6,6.0,84,17.9,Paraíba,João Pessoa,Nordeste,2026
2026-06-09,25.8,27.9,23.9,5.4,82,17.9,Paraíba,João Pessoa,Nordeste,2026
2026-06-10,26.1,28.5,23.8,4.7,82,16.0,Paraíba,João Pessoa,Nordeste,2026
2026-06-11,26.2,29.0,24.3,23.8,77,18.6,Paraíba,João Pessoa,Nordeste,2026
2026-06-12,25.7,28.3,23.2,6.0,83,14.8,Paraíba,João Pessoa,Nordeste,2026
2026-06-13,26.2,28.8,23.7,2.7,82,11.8,Paraíba,João Pessoa,Nordeste,2026
2026-06-14,26.4,28.5,24.8,1.3,80,15.0,Paraíba,João Pessoa,Nordeste,2026
2026-06-15,26.0,28.6,23.6,4.7,82,14.1,Paraíba,João Pessoa,Nordeste,2026
2026-06-16,26.3,28.6,24.6,2.5,77,12.4,Paraíba,João Pessoa,Nordeste,2026
2026-06-17,25.2,27.7,23.0,1.0,84,6.1,Paraíba,João Pessoa,Nordeste,2026
2026-06-18,26.2,28.6,23.8,1.1,79,14.7,Paraíba,João Pessoa,Nordeste,2026
2026-06-19,25.4,27.7,23.4,2.7,81,18.4,Paraíba,João Pessoa,Nordeste,2026
2026-06-20,24.8,27.7,22.5,3.5,85,15.8,Paraíba,João Pessoa,Nordeste,2026
2026-06-21,25.2,27.7,22.8,1.3,82,15.0,Paraíba,João Pessoa,Nordeste,2026
2026-06-22,24.9,27.5,22.9,3.3,86,13.7,Paraíba,João Pessoa,Nordeste,2026
2026-06-23,25.4,27.7,23.4,4.9,82,16.7,Paraíba,João Pessoa,Nordeste,2026
2026-06-24,25.9,28.7,23.5,2.0,75,16.9,Paraíba,João Pessoa,Nordeste,2026
2026-06-25,24.8,27.3,22.5,3.4,86,13.0,Paraíba,João Pessoa,Nordeste,2026
2026-06-26,24.2,25.3,23.0,64.7,94,10.6,Paraíba,João Pessoa,Nordeste,2026
2026-06-27,24.8,25.9,23.4,30.4,89,15.8,Paraíba,João Pessoa,Nordeste,2026
2026-06-28,26.2,27.9,24.6,1.2,70,19.2,Paraíba,João Pessoa,Nordeste,2026
2026-06-29,25.8,28.4,23.8,4.6,76,14.5,Paraíba,João Pessoa,Nordeste,2026
2026-06-30,26.0,27.7,23.5,3.5,74,18.2,Paraíba,João Pessoa,Nordeste,2026
2026-07-01,26.1,28.5,23.4,4.8,72,20.9,Paraíba,João Pessoa,Nordeste,2026
2026-07-02,26.3,28.5,24.6,0.5,69,20.8,Paraíba,João Pessoa,Nordeste,2026
2026-07-03,25.7,27.4,23.9,5.1,78,20.0,Paraíba,João Pessoa,Nordeste,2026
2026-07-04,25.6,27.9,23.6,5.3,79,17.3,Paraíba,João Pessoa,Nordeste,2026
2026-07-05,25.2,27.5,22.9,2.0,82,13.8,Paraíba,João Pessoa,Nordeste,2026
2026-07-06,25.2,27.6,22.4,0.4,79,18.7,Paraíba,João Pessoa,Nordeste,2026
2026-07-07,24.9,27.7,21.9,0.0,76,17.1,Paraíba,João Pessoa,Nordeste,2026
2026-07-08,25.5,28.0,23.2,2.2,80,14.4,Paraíba,João Pessoa,Nordeste,2026
2026-07-09,25.4,27.8,22.5,2.4,83,12.5,Paraíba,João Pessoa,Nordeste,2026
2026-07-10,25.4,28.1,22.9,3.7,81,15.8,Paraíba,João Pessoa,Nordeste,2026
2026-07-11,25.4,27.5,23.1,2.7,81,17.0,Paraíba,João Pessoa,Nordeste,2026
2026-07-12,26.0,28.4,23.9,0.0,76,12.9,Paraíba,João Pessoa,Nordeste,2026
2026-07-13,26.3,28.7,23.9,0.7,78,7.4,Paraíba,João Pessoa,Nordeste,2026
2026-07-14,26.4,28.8,23.3,0.7,78,7.9,Paraíba,João Pessoa,Nordeste,2026
2026-07-15,25.7,28.3,22.6,4.1,77,17.1,Paraíba,João Pessoa,Nordeste,2026
2026-07-16,24.4,26.7,22.6,16.4,86,20.2,Paraíba,João Pessoa,Nordeste,2026
2026-07-17,24.5,27.3,22.3,12.5,86,21.7,Paraíba,João Pessoa,Nordeste,2026
2026-07-18,24.9,26.9,23.3,23.1,82,23.1,Paraíba,João Pessoa,Nordeste,2026
2026-07-19,25.5,27.8,23.3,0.8,70,18.8,Paraíba,João Pessoa,Nordeste,2026
2026-07-20,25.2,28.3,23.3,8.7,80,18.7,Paraíba,João Pessoa,Nordeste,2026
2026-07-21,25.1,26.7,23.4,26.6,81,17.3,Paraíba,João Pessoa,Nordeste,2026
2026-07-22,25.1,27.1,23.2,4.9,83,14.5,Paraíba,João Pessoa,Nordeste,2026
2026-07-23,24.7,26.8,23.6,10.9,87,15.2,Paraíba,João Pessoa,Nordeste,2026
2026-07-24,25.0,26.8,23.2,4.8,82,14.4,Paraíba,João Pessoa,Nordeste,2026
2026-07-25,25.7,28.1,22.9,0.0,73,15.9,Paraíba,João Pessoa,Nordeste,2026
2026-07-26,25.8,27.7,23.7,1.8,76,14.7,Paraíba,João Pessoa,Nordeste,2026
2026-07-27,25.4,28.1,22.8,1.2,80,12.4,Paraíba,João Pessoa,Nordeste,2026
2026-07-28,25.3,27.8,22.5,2.3,78,15.4,Paraíba,João Pessoa,Nordeste,2026
2026-07-29,25.3,27.9,22.8,0.1,75,14.3,Paraíba,João Pessoa,Nordeste,2026
2026-07-30,24.9,27.8,21.8,2.3,77,15.5,Paraíba,João Pessoa,Nordeste,2026
2026-07-31,24.7,28.7,21.3,0.8,76,17.0,Paraíba,João Pessoa,Nordeste,2026
2026-08-01,24.7,27.3,22.3,4.6,77,19.2,Paraíba,João Pessoa,Nordeste,2026
2026-08-02,24.5,27.3,21.9,1.5,77,15.6,Paraíba,João Pessoa,Nordeste,2026
2026-08-03,23.7,26.4,21.3,7.7,85,14.4,Paraíba,João Pessoa,Nordeste,2026
2026-08-04,24.7,26.8,22.4,6.0,83,15.3,Paraíba,João Pessoa,Nordeste,2026
2026-08-05,24.7,28.1,21.8,4.3,81,15.6,Paraíba,João Pessoa,Nordeste,2026
2026-08-06,25.2,28.0,22.4,2.1,81,12.4,Paraíba,João Pessoa,Nordeste,2026
2026-08-07,25.9,28.4,23.1,0.9,75,8.9,Paraíba,João Pessoa,Nordeste,2026
2026-08-08,26.1,28.4,23.5,3.0,78,12.2,Paraíba,João Pessoa,Nordeste,2026
2026-08-09,26.5,28.5,24.7,1.5,76,13.5,Paraíba,João Pessoa,Nordeste,2026
2026-08-10,25.5,27.4,23.7,3.1,80,13.8,Paraíba,João Pessoa,Nordeste,2026
2026-08-11,24.5,26.9,22.4,5.0,82,17.3,Paraíba,João Pessoa,Nordeste,2026
2026-08-12,24.9,27.9,21.8,1.0,75,19.5,Paraíba,João Pessoa,Nordeste,2026
2026-08-13,25.1,27.9,22.3,0.0,72,15.7,Paraíba,João Pessoa,Nordeste,2026
2026-08-14,25.6,28.3,23.1,0.0,70,15.2,Paraíba,João Pessoa,Nordeste,2026
2026-08-15,25.8,28.1,23.6,0.1,71,15.2,Paraíba,João Pessoa,Nordeste,2026
2026-08-16,25.7,28.2,23.7,0.0,68,20.7,Paraíba,João Pessoa,Nordeste,2026
2026-08-17,26.6,28.3,25.0,1.1,66,21.5,Paraíba,João Pessoa,Nordeste,2026
2026-08-18,24.7,27.4,23.1,10.9,84,16.9,Paraíba,João Pessoa,Nordeste,2026
2026-08-19,24.8,27.4,22.6,10.4,82,21.1,Paraíba,João Pessoa,Nordeste,2026
2025-06-01,13.9,21.2,8.3,0.0,78,5.8,Paraná,Curitiba,Sul,2025
2025-06-02,15.5,21.4,12.8,0.1,85,9.7,Paraná,Curitiba,Sul,2025
2025-06-03,15.3,19.6,13.3,7.6,90,7.2,Paraná,Curitiba,Sul,2025
2025-06-04,17.4,22.0,14.4,1.4,85,10.8,Paraná,Curitiba,Sul,2025
2025-06-05,16.4,17.7,15.6,21.6,91,13.3,Paraná,Curitiba,Sul,2025
2025-06-06,16.0,18.5,13.8,0.5,91,6.5,Paraná,Curitiba,Sul,2025
2025-06-07,15.1,17.6,13.6,14.5,94,7.1,Paraná,Curitiba,Sul,2025
2025-06-08,15.8,20.6,13.4,19.3,89,6.9,Paraná,Curitiba,Sul,2025
2025-06-09,12.5,14.6,10.5,6.7,92,9.5,Paraná,Curitiba,Sul,2025
2025-06-10,11.9,17.2,9.0,0.2,84,4.4,Paraná,Curitiba,Sul,2025
2025-06-11,9.8,15.0,7.0,0.0,83,4.9,Paraná,Curitiba,Sul,2025
2025-06-12,9.1,12.1,6.6,0.4,88,10.2,Paraná,Curitiba,Sul,2025
2025-06-13,11.6,16.4,9.1,0.2,88,12.0,Paraná,Curitiba,Sul,2025
2025-06-14,13.5,18.7,10.5,0.0,80,11.1,Paraná,Curitiba,Sul,2025
2025-06-15,15.4,19.9,13.1,10.2,77,16.4,Paraná,Curitiba,Sul,2025
2025-06-16,16.4,21.4,13.6,0.0,87,7.7,Paraná,Curitiba,Sul,2025
2025-06-17,17.3,22.8,13.5,0.0,81,9.2,Paraná,Curitiba,Sul,2025
2025-06-18,16.9,21.9,14.0,0.0,73,8.6,Paraná,Curitiba,Sul,2025
2025-06-19,16.5,22.1,12.1,0.0,75,6.0,Paraná,Curitiba,Sul,2025
2025-06-20,16.4,21.7,12.9,4.7,83,12.3,Paraná,Curitiba,Sul,2025
2025-06-21,15.2,20.0,11.2,0.1,81,7.6,Paraná,Curitiba,Sul,2025
2025-06-22,16.5,19.7,13.8,15.3,83,12.9,Paraná,Curitiba,Sul,2025
2025-06-23,15.2,18.4,9.1,6.1,77,18.7,Paraná,Curitiba,Sul,2025
2025-06-24,6.1,10.6,2.1,0.0,57,12.5,Paraná,Curitiba,Sul,2025
2025-06-25,7.6,15.9,0.5,0.0,62,6.9,Paraná,Curitiba,Sul,2025
2025-06-26,15.8,21.8,6.5,3.8,70,14.5,Paraná,Curitiba,Sul,2025
2025-06-27,14.1,17.0,10.6,2.0,95,8.5,Paraná,Curitiba,Sul,2025
2025-06-28,14.9,20.5,10.7,0.4,89,12.2,Paraná,Curitiba,Sul,2025
2025-06-29,18.5,23.0,15.5,2.1,79,15.0,Paraná,Curitiba,Sul,2025
2025-06-30,11.4,15.1,9.6,11.8,93,9.6,Paraná,Curitiba,Sul,2025
2025-07-01,8.7,10.7,6.4,5.4,92,6.9,Paraná,Curitiba,Sul,2025
2025-07-02,6.7,8.3,5.8,4.8,90,9.2,Paraná,Curitiba,Sul,2025
2025-07-03,8.4,11.6,5.4,0.4,87,6.7,Paraná,Curitiba,Sul,2025
2025-07-04,10.7,14.1,8.3,1.2,90,8.8,Paraná,Curitiba,Sul,2025
2025-07-05,12.3,17.2,9.2,0.0,81,5.5,Paraná,Curitiba,Sul,2025
2025-07-06,10.2,16.5,5.2,0.0,84,4.5,Paraná,Curitiba,Sul,2025
2025-07-07,10.3,17.5,4.7,0.0,83,3.8,Paraná,Curitiba,Sul,2025
2025-07-08,11.7,18.4,6.0,0.0,79,5.8,Paraná,Curitiba,Sul,2025
2025-07-09,11.0,15.3,8.0,0.0,84,8.6,Paraná,Curitiba,Sul,2025
2025-07-10,11.4,18.2,6.5,0.3,87,7.2,Paraná,Curitiba,Sul,2025
2025-07-11,13.4,19.6,8.1,0.0,80,5.0,Paraná,Curitiba,Sul,2025
2025-07-12,14.2,19.6,9.8,0.0,85,6.2,Paraná,Curitiba,Sul,2025
2025-07-13,14.1,19.0,11.0,0.0,85,7.0,Paraná,Curitiba,Sul,2025
2025-07-14,13.5,20.3,8.1,0.0,83,3.8,Paraná,Curitiba,Sul,2025
2025-07-15,14.1,21.1,8.4,0.0,79,3.9,Paraná,Curitiba,Sul,2025
2025-07-16,15.0,21.3,9.4,0.0,65,5.2,Paraná,Curitiba,Sul,2025
2025-07-17,17.0,22.6,12.5,0.3,59,12.0,Paraná,Curitiba,Sul,2025
2025-07-18,11.7,16.5,6.3,0.3,73,11.1,Paraná,Curitiba,Sul,2025
2025-07-19,11.4,19.2,5.4,0.0,80,4.4,Paraná,Curitiba,Sul,2025
2025-07-20,12.1,19.8,7.5,0.0,86,4.9,Paraná,Curitiba,Sul,2025
2025-07-21,12.8,20.6,8.1,0.0,77,3.2,Paraná,Curitiba,Sul,2025
2025-07-22,14.4,21.1,7.9,0.0,67,4.8,Paraná,Curitiba,Sul,2025
2025-07-23,13.5,19.4,8.9,0.0,81,8.1,Paraná,Curitiba,Sul,2025
2025-07-24,11.4,13.0,10.6,2.5,92,10.9,Paraná,Curitiba,Sul,2025
2025-07-25,13.9,20.5,10.6,0.0,86,6.5,Paraná,Curitiba,Sul,2025
2025-07-26,16.0,23.5,10.7,0.0,80,4.5,Paraná,Curitiba,Sul,2025
2025-07-27,18.1,24.5,12.4,2.0,67,12.0,Paraná,Curitiba,Sul,2025
2025-07-28,15.4,19.0,9.6,13.8,74,21.2,Paraná,Curitiba,Sul,2025
2025-07-29,9.7,14.9,5.1,0.0,65,11.0,Paraná,Curitiba,Sul,2025
2025-07-30,8.3,15.2,2.8,0.0,72,5.6,Paraná,Curitiba,Sul,2025
2025-07-31,9.6,16.0,4.4,0.0,77,8.2,Paraná,Curitiba,Sul,2025
2025-08-01,13.7,22.6,8.7,0.0,80,9.8,Paraná,Curitiba,Sul,2025
2025-08-02,16.5,24.9,9.7,0.0,67,8.4,Paraná,Curitiba,Sul,2025
2025-08-03,18.8,25.0,13.5,0.0,57,10.8,Paraná,Curitiba,Sul,2025
2025-08-04,15.3,18.9,13.0,0.0,80,6.8,Paraná,Curitiba,Sul,2025
2025-08-05,12.6,14.5,9.6,0.6,88,9.9,Paraná,Curitiba,Sul,2025
2025-08-06,11.7,15.6,9.4,0.7,89,8.9,Paraná,Curitiba,Sul,2025
2025-08-07,14.0,20.6,9.9,0.0,81,5.3,Paraná,Curitiba,Sul,2025
2025-08-08,13.3,17.5,10.0,13.7,87,7.6,Paraná,Curitiba,Sul,2025
2025-08-09,8.3,13.3,4.3,0.0,73,10.0,Paraná,Curitiba,Sul,2025
2025-08-10,8.4,15.4,2.9,0.0,77,4.9,Paraná,Curitiba,Sul,2025
2025-08-11,9.2,15.5,3.6,0.0,78,4.6,Paraná,Curitiba,Sul,2025
2025-08-12,10.5,17.9,3.9,0.0,75,3.6,Paraná,Curitiba,Sul,2025
2025-08-13,12.9,21.8,4.6,0.0,64,4.4,Paraná,Curitiba,Sul,2025
2025-08-14,11.2,16.1,6.9,0.0,80,8.5,Paraná,Curitiba,Sul,2025
2025-08-15,11.5,15.8,9.3,0.6,85,12.4,Paraná,Curitiba,Sul,2025
2025-08-16,13.1,19.2,10.3,0.2,84,11.2,Paraná,Curitiba,Sul,2025
2025-08-17,15.2,22.6,9.2,0.0,76,5.5,Paraná,Curitiba,Sul,2025
2025-08-18,14.7,20.7,11.7,0.0,86,7.9,Paraná,Curitiba,Sul,2025
2025-08-19,15.0,20.7,12.1,0.0,86,13.0,Paraná,Curitiba,Sul,2025
2026-06-01,13.6,18.4,10.5,0.0,86,4.6,Paraná,Curitiba,Sul,2026
2026-06-02,13.0,17.0,10.5,0.0,85,6.6,Paraná,Curitiba,Sul,2026
2026-06-03,12.3,17.3,8.6,0.0,88,6.5,Paraná,Curitiba,Sul,2026
2026-06-04,14.6,18.6,12.4,1.0,90,9.0,Paraná,Curitiba,Sul,2026
2026-06-05,14.5,18.8,11.8,0.6,85,8.2,Paraná,Curitiba,Sul,2026
2026-06-06,14.1,20.0,10.3,0.0,81,5.5,Paraná,Curitiba,Sul,2026
2026-06-07,14.4,20.7,9.2,0.0,77,3.7,Paraná,Curitiba,Sul,2026
2026-06-08,15.2,20.2,10.8,0.0,80,6.5,Paraná,Curitiba,Sul,2026
2026-06-09,16.1,20.6,13.5,1.5,75,9.3,Paraná,Curitiba,Sul,2026
2026-06-10,14.0,16.0,12.2,16.2,94,5.7,Paraná,Curitiba,Sul,2026
2026-06-11,15.0,18.2,12.7,6.9,89,5.4,Paraná,Curitiba,Sul,2026
2026-06-12,16.2,20.0,12.1,11.9,82,16.6,Paraná,Curitiba,Sul,2026
2026-06-13,12.5,18.4,8.3,0.0,75,8.6,Paraná,Curitiba,Sul,2026
2026-06-14,13.9,17.3,9.7,3.4,91,5.8,Paraná,Curitiba,Sul,2026
2026-06-15,11.7,13.5,9.8,1.7,95,9.0,Paraná,Curitiba,Sul,2026
2026-06-16,12.7,17.9,9.8,0.0,81,4.9,Paraná,Curitiba,Sul,2026
2026-06-17,11.5,18.3,5.9,0.0,70,4.5,Paraná,Curitiba,Sul,2026
2026-06-18,10.5,14.5,8.0,0.0,87,9.4,Paraná,Curitiba,Sul,2026
2026-06-19,13.7,20.5,8.2,2.9,84,8.9,Paraná,Curitiba,Sul,2026
2026-06-20,12.1,14.1,9.7,35.6,95,8.9,Paraná,Curitiba,Sul,2026
2026-06-21,12.1,18.4,8.8,0.0,86,6.0,Paraná,Curitiba,Sul,2026
2026-06-22,15.2,21.7,8.8,2.1,79,14.9,Paraná,Curitiba,Sul,2026
2026-06-23,11.4,15.5,9.1,1.4,89,6.0,Paraná,Curitiba,Sul,2026
2026-06-24,8.8,12.3,5.7,0.7,85,5.3,Paraná,Curitiba,Sul,2026
2026-06-25,7.3,13.3,2.3,0.0,86,5.7,Paraná,Curitiba,Sul,2026
2026-06-26,11.1,16.4,6.5,0.0,90,5.3,Paraná,Curitiba,Sul,2026
2026-06-27,14.4,21.4,10.3,2.0,93,3.9,Paraná,Curitiba,Sul,2026
2026-06-28,17.0,22.9,12.8,8.2,86,8.4,Paraná,Curitiba,Sul,2026
2026-06-29,15.1,20.4,12.8,26.6,94,8.6,Paraná,Curitiba,Sul,2026
2026-06-30,17.6,22.3,12.7,0.9,87,12.4,Paraná,Curitiba,Sul,2026
2026-07-01,19.4,24.3,16.4,0.0,74,12.2,Paraná,Curitiba,Sul,2026
2026-07-02,19.1,23.9,15.9,0.0,75,10.6,Paraná,Curitiba,Sul,2026
2026-07-03,15.9,19.7,11.5,6.0,90,5.3,Paraná,Curitiba,Sul,2026
2026-07-04,12.0,15.4,10.1,0.5,93,7.3,Paraná,Curitiba,Sul,2026
2026-07-05,12.7,16.7,10.0,0.4,92,4.6,Paraná,Curitiba,Sul,2026
2026-07-06,15.3,19.8,12.0,1.6,88,4.3,Paraná,Curitiba,Sul,2026
2026-07-07,13.3,17.3,8.6,3.6,75,6.6,Paraná,Curitiba,Sul,2026
2026-07-08,10.8,18.1,4.1,0.0,64,3.0,Paraná,Curitiba,Sul,2026
2026-07-09,12.5,21.2,6.3,0.0,69,4.2,Paraná,Curitiba,Sul,2026
2026-07-10,16.1,22.5,12.4,12.7,73,7.2,Paraná,Curitiba,Sul,2026
2026-07-11,16.1,22.7,12.5,7.7,88,12.6,Paraná,Curitiba,Sul,2026
2026-07-12,15.0,18.8,10.0,0.0,78,12.3,Paraná,Curitiba,Sul,2026
2026-07-13,9.3,14.4,5.2,0.0,81,5.6,Paraná,Curitiba,Sul,2026
2026-07-14,9.8,13.4,5.7,1.0,90,7.1,Paraná,Curitiba,Sul,2026
2026-07-15,13.0,19.2,10.0,0.0,81,9.0,Paraná,Curitiba,Sul,2026
2026-07-16,14.3,22.0,7.8,0.0,77,7.4,Paraná,Curitiba,Sul,2026
2026-07-17,17.2,22.7,13.5,0.0,70,13.3,Paraná,Curitiba,Sul,2026
2026-07-18,17.4,22.1,14.1,0.0,61,15.3,Paraná,Curitiba,Sul,2026
2026-07-19,17.6,22.6,13.6,0.0,60,16.5,Paraná,Curitiba,Sul,2026
2026-07-20,19.6,24.1,16.5,0.0,57,16.8,Paraná,Curitiba,Sul,2026
2026-07-21,20.6,24.7,17.3,0.0,60,16.0,Paraná,Curitiba,Sul,2026
2026-07-22,15.8,19.8,13.0,20.6,82,11.3,Paraná,Curitiba,Sul,2026
2026-07-23,14.4,19.2,11.2,1.0,86,9.1,Paraná,Curitiba,Sul,2026
2026-07-24,12.3,14.7,10.7,2.8,88,8.3,Paraná,Curitiba,Sul,2026
2026-07-25,14.5,19.9,11.4,2.6,86,5.0,Paraná,Curitiba,Sul,2026
2026-07-26,16.0,22.3,11.2,0.4,84,5.5,Paraná,Curitiba,Sul,2026
2026-07-27,18.9,24.9,14.1,0.0,80,7.3,Paraná,Curitiba,Sul,2026
2026-07-28,20.0,26.0,15.2,0.0,71,12.4,Paraná,Curitiba,Sul,2026
2026-07-29,16.3,21.2,12.5,7.4,81,12.0,Paraná,Curitiba,Sul,2026
2026-07-30,13.7,20.0,10.4,0.0,89,6.4,Paraná,Curitiba,Sul,2026
2026-07-31,14.6,20.4,11.7,0.0,87,9.6,Paraná,Curitiba,Sul,2026
2026-08-01,16.6,23.6,9.3,0.0,79,10.2,Paraná,Curitiba,Sul,2026
2026-08-02,19.0,25.0,15.4,0.6,73,9.1,Paraná,Curitiba,Sul,2026
2026-08-03,18.4,24.2,15.0,0.2,82,5.1,Paraná,Curitiba,Sul,2026
2026-08-04,18.6,23.8,14.2,0.0,73,4.8,Paraná,Curitiba,Sul,2026
2026-08-05,17.4,21.4,15.0,5.6,78,9.3,Paraná,Curitiba,Sul,2026
2026-08-06,16.9,21.5,14.9,5.0,83,13.1,Paraná,Curitiba,Sul,2026
2026-08-07,17.4,22.6,14.9,5.6,82,14.5,Paraná,Curitiba,Sul,2026
2026-08-08,17.3,21.6,12.8,5.8,89,14.9,Paraná,Curitiba,Sul,2026
2026-08-09,13.7,17.0,10.0,12.5,94,10.9,Paraná,Curitiba,Sul,2026
2026-08-10,9.5,10.8,7.9,2.4,93,11.1,Paraná,Curitiba,Sul,2026
2026-08-11,9.5,13.4,7.4,3.8,91,10.1,Paraná,Curitiba,Sul,2026
2026-08-12,13.9,20.2,9.4,2.6,90,7.1,Paraná,Curitiba,Sul,2026
2026-08-13,19.0,25.8,15.8,10.1,81,11.0,Paraná,Curitiba,Sul,2026
2026-08-14,16.1,19.1,14.1,10.3,94,7.3,Paraná,Curitiba,Sul,2026
2026-08-15,15.7,22.0,12.8,14.6,92,6.7,Paraná,Curitiba,Sul,2026
2026-08-16,16.9,22.5,14.2,0.0,91,9.6,Paraná,Curitiba,Sul,2026
2026-08-17,19.9,27.3,13.5,0.0,77,7.9,Paraná,Curitiba,Sul,2026
2026-08-18,22.1,27.5,17.5,0.0,67,8.9,Paraná,Curitiba,Sul,2026
2026-08-19,20.8,28.5,16.5,0.0,72,7.2,Paraná,Curitiba,Sul,2026
2025-06-01,25.4,27.5,22.9,2.3,83,9.6,Pernambuco,Recife,Nordeste,2025
2025-06-02,25.7,28.7,23.2,3.7,80,13.0,Pernambuco,Recife,Nordeste,2025
2025-06-03,25.6,28.7,22.8,5.7,79,12.9,Pernambuco,Recife,Nordeste,2025
2025-06-04,24.5,26.6,22.7,11.1,88,9.9,Pernambuco,Recife,Nordeste,2025
2025-06-05,25.1,27.4,22.8,4.7,87,10.2,Pernambuco,Recife,Nordeste,2025
2025-06-06,25.3,28.3,22.8,2.2,85,11.0,Pernambuco,Recife,Nordeste,2025
2025-06-07,24.9,27.7,22.5,5.5,87,10.7,Pernambuco,Recife,Nordeste,2025
2025-06-08,25.4,27.5,23.3,2.9,85,10.5,Pernambuco,Recife,Nordeste,2025
2025-06-09,25.2,27.6,23.0,1.7,87,7.5,Pernambuco,Recife,Nordeste,2025
2025-06-10,25.1,27.4,22.8,2.4,86,5.9,Pernambuco,Recife,Nordeste,2025
2025-06-11,26.1,28.8,24.2,2.5,77,9.5,Pernambuco,Recife,Nordeste,2025
2025-06-12,25.0,27.7,22.3,2.2,83,11.6,Pernambuco,Recife,Nordeste,2025
2025-06-13,25.7,28.5,23.7,3.4,77,13.4,Pernambuco,Recife,Nordeste,2025
2025-06-14,24.3,25.3,23.2,12.4,86,15.3,Pernambuco,Recife,Nordeste,2025
2025-06-15,25.4,28.2,22.9,4.0,80,10.8,Pernambuco,Recife,Nordeste,2025
2025-06-16,26.2,28.7,24.6,0.1,72,10.3,Pernambuco,Recife,Nordeste,2025
2025-06-17,24.9,28.3,22.6,9.9,83,10.6,Pernambuco,Recife,Nordeste,2025
2025-06-18,24.8,26.1,23.1,8.1,83,15.4,Pernambuco,Recife,Nordeste,2025
2025-06-19,24.6,26.4,22.5,16.1,86,11.3,Pernambuco,Recife,Nordeste,2025
2025-06-20,25.1,27.7,22.6,8.4,83,13.7,Pernambuco,Recife,Nordeste,2025
2025-06-21,25.8,28.3,23.8,3.6,78,12.5,Pernambuco,Recife,Nordeste,2025
2025-06-22,24.8,27.4,23.0,3.4,87,9.6,Pernambuco,Recife,Nordeste,2025
2025-06-23,24.9,27.1,23.3,5.0,86,9.9,Pernambuco,Recife,Nordeste,2025
2025-06-24,25.6,27.9,23.6,2.9,84,8.5,Pernambuco,Recife,Nordeste,2025
2025-06-25,25.5,27.7,23.6,4.0,82,11.4,Pernambuco,Recife,Nordeste,2025
2025-06-26,25.1,27.2,22.7,14.8,80,16.3,Pernambuco,Recife,Nordeste,2025
2025-06-27,24.0,26.7,22.2,13.0,90,11.1,Pernambuco,Recife,Nordeste,2025
2025-06-28,24.4,26.3,22.8,18.3,88,13.4,Pernambuco,Recife,Nordeste,2025
2025-06-29,23.7,26.1,21.7,16.9,91,10.5,Pernambuco,Recife,Nordeste,2025
2025-06-30,24.4,28.3,22.6,4.5,88,9.7,Pernambuco,Recife,Nordeste,2025
2025-07-01,24.0,25.9,22.0,11.3,88,11.5,Pernambuco,Recife,Nordeste,2025
2025-07-02,24.3,27.1,22.1,8.1,81,16.3,Pernambuco,Recife,Nordeste,2025
2025-07-03,23.5,26.1,21.5,5.9,84,15.9,Pernambuco,Recife,Nordeste,2025
2025-07-04,24.6,27.3,22.5,1.9,80,12.2,Pernambuco,Recife,Nordeste,2025
2025-07-05,24.5,27.9,21.2,0.0,79,11.8,Pernambuco,Recife,Nordeste,2025
2025-07-06,24.6,27.2,22.0,0.6,81,13.9,Pernambuco,Recife,Nordeste,2025
2025-07-07,24.8,27.3,22.6,2.4,81,16.2,Pernambuco,Recife,Nordeste,2025
2025-07-08,24.5,27.4,22.5,5.3,80,16.9,Pernambuco,Recife,Nordeste,2025
2025-07-09,23.6,26.2,21.7,6.0,85,16.3,Pernambuco,Recife,Nordeste,2025
2025-07-10,23.6,25.9,22.1,9.2,88,16.0,Pernambuco,Recife,Nordeste,2025
2025-07-11,24.2,27.1,22.0,14.4,82,16.6,Pernambuco,Recife,Nordeste,2025
2025-07-12,23.4,26.5,21.4,5.6,83,15.1,Pernambuco,Recife,Nordeste,2025
2025-07-13,23.7,26.8,21.0,2.4,83,16.2,Pernambuco,Recife,Nordeste,2025
2025-07-14,24.0,26.6,22.3,6.7,84,17.0,Pernambuco,Recife,Nordeste,2025
2025-07-15,24.3,26.4,22.4,4.6,82,17.1,Pernambuco,Recife,Nordeste,2025
2025-07-16,23.6,27.2,21.0,0.3,81,16.1,Pernambuco,Recife,Nordeste,2025
2025-07-17,23.7,26.6,21.1,1.6,84,12.6,Pernambuco,Recife,Nordeste,2025
2025-07-18,24.5,27.0,21.3,1.1,82,9.6,Pernambuco,Recife,Nordeste,2025
2025-07-19,24.1,25.8,22.6,8.3,87,11.9,Pernambuco,Recife,Nordeste,2025
2025-07-20,24.0,26.2,22.3,6.0,85,12.6,Pernambuco,Recife,Nordeste,2025
2025-07-21,24.2,27.1,21.2,0.3,80,13.9,Pernambuco,Recife,Nordeste,2025
2025-07-22,24.0,26.1,21.9,2.4,85,12.5,Pernambuco,Recife,Nordeste,2025
2025-07-23,24.3,25.8,23.1,6.8,88,12.1,Pernambuco,Recife,Nordeste,2025
2025-07-24,25.0,27.6,22.6,3.6,80,15.5,Pernambuco,Recife,Nordeste,2025
2025-07-25,24.2,25.6,22.8,2.5,77,16.4,Pernambuco,Recife,Nordeste,2025
2025-07-26,24.3,27.2,21.0,1.4,77,15.3,Pernambuco,Recife,Nordeste,2025
2025-07-27,24.3,26.9,22.6,7.0,83,16.5,Pernambuco,Recife,Nordeste,2025
2025-07-28,24.3,25.9,23.2,20.1,89,13.1,Pernambuco,Recife,Nordeste,2025
2025-07-29,24.5,26.5,22.7,5.0,86,10.5,Pernambuco,Recife,Nordeste,2025
2025-07-30,25.3,28.1,22.4,0.4,79,7.4,Pernambuco,Recife,Nordeste,2025
2025-07-31,25.2,28.5,22.3,2.4,78,9.8,Pernambuco,Recife,Nordeste,2025
2025-08-01,24.3,27.0,22.1,2.8,84,13.9,Pernambuco,Recife,Nordeste,2025
2025-08-02,24.4,27.2,22.4,4.4,83,14.0,Pernambuco,Recife,Nordeste,2025
2025-08-03,23.8,26.5,22.1,9.8,86,12.3,Pernambuco,Recife,Nordeste,2025
2025-08-04,23.5,25.8,22.0,15.2,89,12.7,Pernambuco,Recife,Nordeste,2025
2025-08-05,23.7,25.4,21.8,5.8,88,12.9,Pernambuco,Recife,Nordeste,2025
2025-08-06,25.0,27.2,22.9,2.0,77,16.1,Pernambuco,Recife,Nordeste,2025
2025-08-07,24.3,26.9,21.7,2.3,82,12.3,Pernambuco,Recife,Nordeste,2025
2025-08-08,24.2,26.7,21.7,1.4,84,9.1,Pernambuco,Recife,Nordeste,2025
2025-08-09,24.2,25.9,22.9,4.6,86,9.3,Pernambuco,Recife,Nordeste,2025
2025-08-10,25.2,27.8,22.3,0.5,82,8.2,Pernambuco,Recife,Nordeste,2025
2025-08-11,25.0,27.7,22.8,2.0,85,8.9,Pernambuco,Recife,Nordeste,2025
2025-08-12,24.1,25.8,22.5,1.8,85,9.1,Pernambuco,Recife,Nordeste,2025
2025-08-13,25.5,27.9,23.3,0.3,71,10.9,Pernambuco,Recife,Nordeste,2025
2025-08-14,24.3,26.1,22.7,6.9,85,14.2,Pernambuco,Recife,Nordeste,2025
2025-08-15,23.7,25.7,22.6,37.4,91,15.5,Pernambuco,Recife,Nordeste,2025
2025-08-16,23.9,26.0,22.7,7.3,84,15.6,Pernambuco,Recife,Nordeste,2025
2025-08-17,24.6,27.3,22.7,2.4,72,15.9,Pernambuco,Recife,Nordeste,2025
2025-08-18,24.4,26.8,22.3,1.7,74,13.6,Pernambuco,Recife,Nordeste,2025
2025-08-19,23.4,25.8,21.4,5.5,83,15.5,Pernambuco,Recife,Nordeste,2025
2026-06-01,26.1,28.4,23.6,1.6,79,12.2,Pernambuco,Recife,Nordeste,2026
2026-06-02,25.2,27.4,23.7,5.3,82,14.2,Pernambuco,Recife,Nordeste,2026
2026-06-03,25.0,27.3,23.4,13.9,88,11.1,Pernambuco,Recife,Nordeste,2026
2026-06-04,25.6,27.5,24.0,9.5,84,15.1,Pernambuco,Recife,Nordeste,2026
2026-06-05,26.1,28.5,24.0,6.0,78,16.6,Pernambuco,Recife,Nordeste,2026
2026-06-06,24.6,27.1,22.9,15.1,87,14.1,Pernambuco,Recife,Nordeste,2026
2026-06-07,24.4,25.6,23.1,40.8,89,14.7,Pernambuco,Recife,Nordeste,2026
2026-06-08,25.3,27.5,23.8,11.3,85,16.3,Pernambuco,Recife,Nordeste,2026
2026-06-09,25.9,28.2,23.7,7.5,83,15.0,Pernambuco,Recife,Nordeste,2026
2026-06-10,26.3,28.4,24.0,0.8,80,12.4,Pernambuco,Recife,Nordeste,2026
2026-06-11,26.5,28.5,24.9,0.7,74,14.7,Pernambuco,Recife,Nordeste,2026
2026-06-12,25.5,28.0,22.7,4.1,81,11.5,Pernambuco,Recife,Nordeste,2026
2026-06-13,26.0,27.9,23.6,0.9,81,8.9,Pernambuco,Recife,Nordeste,2026
2026-06-14,26.1,28.4,23.8,3.3,82,10.4,Pernambuco,Recife,Nordeste,2026
2026-06-15,25.9,28.3,24.0,6.3,83,11.1,Pernambuco,Recife,Nordeste,2026
2026-06-16,26.2,28.7,24.0,2.3,78,9.3,Pernambuco,Recife,Nordeste,2026
2026-06-17,26.1,28.7,22.8,0.3,78,6.7,Pernambuco,Recife,Nordeste,2026
2026-06-18,26.2,28.7,23.5,0.8,79,12.0,Pernambuco,Recife,Nordeste,2026
2026-06-19,24.9,27.3,23.0,11.0,84,16.0,Pernambuco,Recife,Nordeste,2026
2026-06-20,24.5,27.1,22.4,4.5,85,15.1,Pernambuco,Recife,Nordeste,2026
2026-06-21,24.9,26.8,22.8,3.5,83,13.3,Pernambuco,Recife,Nordeste,2026
2026-06-22,24.6,26.7,23.1,7.1,87,11.3,Pernambuco,Recife,Nordeste,2026
2026-06-23,25.1,27.3,22.8,3.7,83,13.7,Pernambuco,Recife,Nordeste,2026
2026-06-24,25.9,28.0,23.6,2.9,74,14.4,Pernambuco,Recife,Nordeste,2026
2026-06-25,24.3,26.3,22.7,16.0,90,9.8,Pernambuco,Recife,Nordeste,2026
2026-06-26,24.7,26.7,23.2,78.4,91,8.9,Pernambuco,Recife,Nordeste,2026
2026-06-27,25.3,26.8,23.3,42.7,85,15.3,Pernambuco,Recife,Nordeste,2026
2026-06-28,26.3,28.1,25.2,0.3,68,15.9,Pernambuco,Recife,Nordeste,2026
2026-06-29,25.9,28.5,24.4,3.2,75,12.5,Pernambuco,Recife,Nordeste,2026
2026-06-30,25.9,28.0,24.1,3.7,74,15.3,Pernambuco,Recife,Nordeste,2026
2026-07-01,26.1,28.5,23.3,4.4,71,18.1,Pernambuco,Recife,Nordeste,2026
2026-07-02,26.5,28.7,24.8,0.1,63,16.0,Pernambuco,Recife,Nordeste,2026
2026-07-03,25.9,27.8,24.6,5.1,75,16.5,Pernambuco,Recife,Nordeste,2026
2026-07-04,25.3,27.6,23.2,7.1,80,13.2,Pernambuco,Recife,Nordeste,2026
2026-07-05,25.0,27.5,22.3,2.2,82,11.7,Pernambuco,Recife,Nordeste,2026
2026-07-06,24.9,27.6,22.0,0.3,80,14.8,Pernambuco,Recife,Nordeste,2026
2026-07-07,24.8,27.5,21.7,0.0,76,13.5,Pernambuco,Recife,Nordeste,2026
2026-07-08,25.3,27.6,22.6,0.6,79,11.4,Pernambuco,Recife,Nordeste,2026
2026-07-09,25.9,28.1,23.9,1.9,78,8.5,Pernambuco,Recife,Nordeste,2026
2026-07-10,25.1,27.7,22.9,4.6,82,13.1,Pernambuco,Recife,Nordeste,2026
2026-07-11,25.5,27.7,23.4,2.8,80,12.7,Pernambuco,Recife,Nordeste,2026
2026-07-12,26.3,29.0,23.8,0.0,72,8.8,Pernambuco,Recife,Nordeste,2026
2026-07-13,26.3,29.3,23.2,0.0,76,6.6,Pernambuco,Recife,Nordeste,2026
2026-07-14,26.2,29.4,22.4,0.4,79,7.0,Pernambuco,Recife,Nordeste,2026
2026-07-15,25.7,28.4,22.9,3.1,77,14.6,Pernambuco,Recife,Nordeste,2026
2026-07-16,24.3,26.0,23.0,23.7,85,18.7,Pernambuco,Recife,Nordeste,2026
2026-07-17,24.7,27.5,22.6,15.1,83,19.4,Pernambuco,Recife,Nordeste,2026
2026-07-18,25.2,27.3,23.3,21.4,78,20.5,Pernambuco,Recife,Nordeste,2026
2026-07-19,25.8,28.1,23.7,1.0,65,15.6,Pernambuco,Recife,Nordeste,2026
2026-07-20,26.0,28.1,23.9,2.8,73,15.1,Pernambuco,Recife,Nordeste,2026
2026-07-21,24.9,26.7,23.3,7.4,82,12.3,Pernambuco,Recife,Nordeste,2026
2026-07-22,24.8,27.2,23.2,9.5,85,11.4,Pernambuco,Recife,Nordeste,2026
2026-07-23,24.5,26.7,23.1,12.4,88,11.3,Pernambuco,Recife,Nordeste,2026
2026-07-24,25.3,27.7,23.2,2.6,78,12.0,Pernambuco,Recife,Nordeste,2026
2026-07-25,25.7,27.8,23.4,0.4,73,11.7,Pernambuco,Recife,Nordeste,2026
2026-07-26,25.6,27.5,23.7,3.0,77,11.0,Pernambuco,Recife,Nordeste,2026
2026-07-27,24.8,26.9,22.2,2.1,82,10.0,Pernambuco,Recife,Nordeste,2026
2026-07-28,25.1,27.3,22.8,3.7,78,12.0,Pernambuco,Recife,Nordeste,2026
2026-07-29,25.0,27.8,22.5,2.0,77,11.9,Pernambuco,Recife,Nordeste,2026
2026-07-30,24.7,27.7,22.0,3.4,79,12.5,Pernambuco,Recife,Nordeste,2026
2026-07-31,24.6,27.7,21.4,1.5,75,14.4,Pernambuco,Recife,Nordeste,2026
2026-08-01,25.1,27.6,22.6,4.9,74,18.1,Pernambuco,Recife,Nordeste,2026
2026-08-02,24.3,27.7,21.7,4.9,79,12.8,Pernambuco,Recife,Nordeste,2026
2026-08-03,23.6,25.8,21.7,8.5,87,11.0,Pernambuco,Recife,Nordeste,2026
2026-08-04,24.8,27.2,22.2,8.0,81,12.6,Pernambuco,Recife,Nordeste,2026
2026-08-05,25.0,27.7,22.2,2.6,78,12.3,Pernambuco,Recife,Nordeste,2026
2026-08-06,25.0,27.9,22.1,3.5,81,9.0,Pernambuco,Recife,Nordeste,2026
2026-08-07,25.6,28.4,22.0,0.7,79,7.2,Pernambuco,Recife,Nordeste,2026
2026-08-08,25.5,27.1,23.5,2.9,81,8.9,Pernambuco,Recife,Nordeste,2026
2026-08-09,26.2,28.5,23.9,3.3,78,10.3,Pernambuco,Recife,Nordeste,2026
2026-08-10,25.1,27.5,22.9,5.4,83,11.5,Pernambuco,Recife,Nordeste,2026
2026-08-11,24.6,27.0,22.6,4.2,81,15.6,Pernambuco,Recife,Nordeste,2026
2026-08-12,24.9,27.4,22.0,3.1,76,15.8,Pernambuco,Recife,Nordeste,2026
2026-08-13,25.6,27.8,23.3,0.2,70,13.6,Pernambuco,Recife,Nordeste,2026
2026-08-14,25.6,28.0,23.4,0.0,70,12.0,Pernambuco,Recife,Nordeste,2026
2026-08-15,25.6,28.5,23.0,0.0,70,11.0,Pernambuco,Recife,Nordeste,2026
2026-08-16,25.9,27.9,24.1,0.4,69,17.0,Pernambuco,Recife,Nordeste,2026
2026-08-17,26.3,28.7,23.9,3.7,69,17.0,Pernambuco,Recife,Nordeste,2026
2026-08-18,24.1,26.3,22.4,21.9,86,15.3,Pernambuco,Recife,Nordeste,2026
2026-08-19,25.0,27.3,23.2,9.0,79,16.9,Pernambuco,Recife,Nordeste,2026
2025-06-01,28.4,34.3,22.3,1.7,65,8.3,Piauí,Teresina,Nordeste,2025
2025-06-02,28.4,33.8,23.2,0.6,66,7.0,Piauí,Teresina,Nordeste,2025
2025-06-03,28.6,33.5,23.2,0.1,63,7.6,Piauí,Teresina,Nordeste,2025
2025-06-04,28.2,32.9,23.0,0.4,60,9.0,Piauí,Teresina,Nordeste,2025
2025-06-05,28.0,33.5,22.6,0.3,66,7.8,Piauí,Teresina,Nordeste,2025
2025-06-06,28.8,34.1,23.5,0.1,63,8.3,Piauí,Teresina,Nordeste,2025
2025-06-07,29.5,34.8,24.2,0.0,57,7.2,Piauí,Teresina,Nordeste,2025
2025-06-08,29.3,34.7,23.5,0.0,55,7.2,Piauí,Teresina,Nordeste,2025
2025-06-09,28.9,34.4,23.6,0.4,61,5.9,Piauí,Teresina,Nordeste,2025
2025-06-10,29.2,35.0,23.0,0.2,62,7.2,Piauí,Teresina,Nordeste,2025
2025-06-11,28.8,33.6,24.0,0.6,68,7.3,Piauí,Teresina,Nordeste,2025
2025-06-12,27.4,32.5,23.2,5.8,75,7.6,Piauí,Teresina,Nordeste,2025
2025-06-13,28.0,33.6,23.4,1.4,68,8.4,Piauí,Teresina,Nordeste,2025
2025-06-14,27.8,32.6,23.6,0.2,59,13.6,Piauí,Teresina,Nordeste,2025
2025-06-15,27.4,32.1,23.4,0.0,58,11.9,Piauí,Teresina,Nordeste,2025
2025-06-16,27.4,32.2,22.3,0.0,60,9.3,Piauí,Teresina,Nordeste,2025
2025-06-17,28.4,32.7,23.4,1.2,60,8.2,Piauí,Teresina,Nordeste,2025
2025-06-18,28.7,33.6,23.9,0.2,57,11.2,Piauí,Teresina,Nordeste,2025
2025-06-19,28.6,33.6,23.6,0.0,53,12.3,Piauí,Teresina,Nordeste,2025
2025-06-20,28.9,33.8,24.3,0.3,54,11.4,Piauí,Teresina,Nordeste,2025
2025-06-21,28.5,33.6,24.4,1.3,63,9.3,Piauí,Teresina,Nordeste,2025
2025-06-22,28.8,34.4,23.4,0.1,62,9.6,Piauí,Teresina,Nordeste,2025
2025-06-23,29.9,35.9,24.3,0.0,53,8.6,Piauí,Teresina,Nordeste,2025
2025-06-24,29.1,34.1,23.3,0.0,56,5.9,Piauí,Teresina,Nordeste,2025
2025-06-25,29.4,35.0,23.4,0.0,58,8.1,Piauí,Teresina,Nordeste,2025
2025-06-26,29.1,34.6,24.1,0.2,60,10.1,Piauí,Teresina,Nordeste,2025
2025-06-27,29.5,34.5,23.6,0.0,51,8.7,Piauí,Teresina,Nordeste,2025
2025-06-28,29.2,33.8,24.2,0.1,52,7.6,Piauí,Teresina,Nordeste,2025
2025-06-29,28.3,32.8,24.2,0.2,58,9.3,Piauí,Teresina,Nordeste,2025
2025-06-30,29.0,34.5,24.7,0.1,52,9.6,Piauí,Teresina,Nordeste,2025
2025-07-01,28.9,33.9,23.4,0.0,57,6.4,Piauí,Teresina,Nordeste,2025
2025-07-02,29.5,34.8,24.3,0.1,52,8.2,Piauí,Teresina,Nordeste,2025
2025-07-03,29.7,34.8,24.9,0.0,41,11.6,Piauí,Teresina,Nordeste,2025
2025-07-04,29.2,34.2,23.7,0.0,41,9.2,Piauí,Teresina,Nordeste,2025
2025-07-05,29.2,34.3,24.6,0.0,43,8.2,Piauí,Teresina,Nordeste,2025
2025-07-06,28.7,34.2,22.6,0.0,47,5.3,Piauí,Teresina,Nordeste,2025
2025-07-07,28.6,35.6,22.4,0.1,58,6.0,Piauí,Teresina,Nordeste,2025
2025-07-08,30.0,34.9,25.1,0.0,47,8.8,Piauí,Teresina,Nordeste,2025
2025-07-09,30.7,35.5,25.4,0.0,42,7.4,Piauí,Teresina,Nordeste,2025
2025-07-10,30.6,34.8,26.6,0.2,44,9.5,Piauí,Teresina,Nordeste,2025
2025-07-11,30.3,34.4,25.8,0.0,42,12.2,Piauí,Teresina,Nordeste,2025
2025-07-12,30.1,34.8,25.5,0.0,41,14.9,Piauí,Teresina,Nordeste,2025
2025-07-13,28.9,33.9,24.4,0.0,38,12.7,Piauí,Teresina,Nordeste,2025
2025-07-14,28.8,34.8,22.9,0.0,45,8.6,Piauí,Teresina,Nordeste,2025
2025-07-15,29.3,35.1,22.2,0.0,47,6.5,Piauí,Teresina,Nordeste,2025
2025-07-16,29.6,35.2,22.1,0.0,45,8.2,Piauí,Teresina,Nordeste,2025
2025-07-17,30.2,35.9,25.0,0.0,32,10.5,Piauí,Teresina,Nordeste,2025
2025-07-18,29.2,35.8,21.6,0.0,38,6.2,Piauí,Teresina,Nordeste,2025
2025-07-19,29.8,35.9,23.0,0.0,51,7.7,Piauí,Teresina,Nordeste,2025
2025-07-20,31.2,36.4,25.4,0.0,42,7.3,Piauí,Teresina,Nordeste,2025
2025-07-21,30.7,35.6,26.0,0.0,45,7.0,Piauí,Teresina,Nordeste,2025
2025-07-22,30.2,36.6,23.6,0.1,49,5.2,Piauí,Teresina,Nordeste,2025
2025-07-23,30.4,36.6,23.4,0.0,48,7.1,Piauí,Teresina,Nordeste,2025
2025-07-24,30.5,36.2,24.0,0.0,49,7.7,Piauí,Teresina,Nordeste,2025
2025-07-25,30.9,36.0,25.2,0.0,45,8.9,Piauí,Teresina,Nordeste,2025
2025-07-26,30.6,36.9,23.4,0.0,37,8.4,Piauí,Teresina,Nordeste,2025
2025-07-27,29.9,36.5,23.7,0.0,32,7.0,Piauí,Teresina,Nordeste,2025
2025-07-28,29.8,35.2,23.5,0.0,44,8.3,Piauí,Teresina,Nordeste,2025
2025-07-29,31.1,37.0,25.1,0.0,43,6.7,Piauí,Teresina,Nordeste,2025
2025-07-30,29.1,35.7,23.6,0.2,59,8.7,Piauí,Teresina,Nordeste,2025
2025-07-31,27.6,34.7,22.9,17.0,70,8.3,Piauí,Teresina,Nordeste,2025
2025-08-01,27.6,32.1,23.2,0.2,64,9.2,Piauí,Teresina,Nordeste,2025
2025-08-02,27.3,33.1,21.2,0.0,57,8.4,Piauí,Teresina,Nordeste,2025
2025-08-03,28.7,34.7,22.7,0.0,50,10.5,Piauí,Teresina,Nordeste,2025
2025-08-04,29.5,34.5,24.4,0.0,46,13.7,Piauí,Teresina,Nordeste,2025
2025-08-05,30.7,35.7,25.0,0.0,42,12.4,Piauí,Teresina,Nordeste,2025
2025-08-06,31.6,36.4,27.0,0.0,41,11.4,Piauí,Teresina,Nordeste,2025
2025-08-07,31.6,36.7,25.1,0.0,40,8.7,Piauí,Teresina,Nordeste,2025
2025-08-08,30.5,36.0,24.1,0.0,39,8.1,Piauí,Teresina,Nordeste,2025
2025-08-09,30.3,36.8,23.0,0.0,48,7.4,Piauí,Teresina,Nordeste,2025
2025-08-10,29.9,36.0,23.4,0.0,55,6.2,Piauí,Teresina,Nordeste,2025
2025-08-11,28.2,34.4,23.4,1.0,64,8.3,Piauí,Teresina,Nordeste,2025
2025-08-12,26.8,30.9,23.1,5.0,75,6.4,Piauí,Teresina,Nordeste,2025
2025-08-13,25.9,31.7,22.2,9.6,78,7.1,Piauí,Teresina,Nordeste,2025
2025-08-14,28.8,35.8,22.3,0.0,58,6.6,Piauí,Teresina,Nordeste,2025
2025-08-15,29.6,36.2,22.0,0.0,53,7.4,Piauí,Teresina,Nordeste,2025
2025-08-16,30.2,35.8,24.9,0.0,47,9.5,Piauí,Teresina,Nordeste,2025
2025-08-17,30.4,36.1,24.9,0.0,45,8.9,Piauí,Teresina,Nordeste,2025
2025-08-18,30.2,36.0,23.7,0.0,43,8.9,Piauí,Teresina,Nordeste,2025
2025-08-19,30.5,36.3,24.1,0.0,34,13.4,Piauí,Teresina,Nordeste,2025
2026-06-01,27.7,33.1,23.1,2.1,73,5.9,Piauí,Teresina,Nordeste,2026
2026-06-02,27.5,32.4,23.0,0.5,75,6.5,Piauí,Teresina,Nordeste,2026
2026-06-03,27.3,32.1,23.4,0.6,74,6.6,Piauí,Teresina,Nordeste,2026
2026-06-04,27.4,32.0,23.0,0.0,70,8.5,Piauí,Teresina,Nordeste,2026
2026-06-05,27.2,31.5,23.4,0.0,65,11.3,Piauí,Teresina,Nordeste,2026
2026-06-06,27.3,31.4,23.6,0.0,64,10.9,Piauí,Teresina,Nordeste,2026
2026-06-07,28.3,33.1,23.5,0.0,61,10.0,Piauí,Teresina,Nordeste,2026
2026-06-08,28.8,33.3,24.5,0.0,59,11.2,Piauí,Teresina,Nordeste,2026
2026-06-09,28.7,34.0,23.6,0.0,57,10.3,Piauí,Teresina,Nordeste,2026
2026-06-10,28.2,32.5,23.2,0.1,61,8.2,Piauí,Teresina,Nordeste,2026
2026-06-11,28.6,33.4,23.6,0.0,63,6.4,Piauí,Teresina,Nordeste,2026
2026-06-12,28.5,34.2,22.8,0.0,59,8.0,Piauí,Teresina,Nordeste,2026
2026-06-13,28.5,33.5,23.0,0.3,67,6.5,Piauí,Teresina,Nordeste,2026
2026-06-14,28.9,33.9,22.9,0.0,58,7.6,Piauí,Teresina,Nordeste,2026
2026-06-15,29.2,34.3,23.4,0.0,61,7.0,Piauí,Teresina,Nordeste,2026
2026-06-16,29.4,34.0,24.2,0.0,61,7.3,Piauí,Teresina,Nordeste,2026
2026-06-17,29.2,34.2,24.1,0.2,61,5.9,Piauí,Teresina,Nordeste,2026
2026-06-18,28.9,34.1,24.0,0.1,65,6.8,Piauí,Teresina,Nordeste,2026
2026-06-19,28.3,33.3,23.5,0.0,61,8.0,Piauí,Teresina,Nordeste,2026
2026-06-20,28.7,33.7,24.9,0.0,53,7.4,Piauí,Teresina,Nordeste,2026
2026-06-21,28.8,34.6,23.3,0.0,59,5.9,Piauí,Teresina,Nordeste,2026
2026-06-22,28.1,33.3,23.4,1.2,66,6.3,Piauí,Teresina,Nordeste,2026
2026-06-23,29.5,34.4,24.1,0.0,56,6.5,Piauí,Teresina,Nordeste,2026
2026-06-24,29.3,34.6,24.6,0.6,61,5.7,Piauí,Teresina,Nordeste,2026
2026-06-25,28.7,34.2,23.3,0.0,57,8.2,Piauí,Teresina,Nordeste,2026
2026-06-26,28.1,33.3,23.1,0.1,58,9.2,Piauí,Teresina,Nordeste,2026
2026-06-27,27.8,32.8,23.3,7.4,66,9.1,Piauí,Teresina,Nordeste,2026
2026-06-28,26.4,30.9,22.8,5.0,77,11.2,Piauí,Teresina,Nordeste,2026
2026-06-29,26.9,32.0,22.4,0.0,65,7.7,Piauí,Teresina,Nordeste,2026
2026-06-30,27.4,32.6,22.4,0.0,59,10.2,Piauí,Teresina,Nordeste,2026
2026-07-01,27.6,32.8,22.8,0.0,58,10.5,Piauí,Teresina,Nordeste,2026
2026-07-02,27.4,32.6,22.1,0.0,57,9.6,Piauí,Teresina,Nordeste,2026
2026-07-03,27.4,33.4,21.5,0.0,51,9.3,Piauí,Teresina,Nordeste,2026
2026-07-04,28.0,33.8,22.3,0.0,57,8.4,Piauí,Teresina,Nordeste,2026
2026-07-05,28.6,33.5,24.4,0.0,61,8.0,Piauí,Teresina,Nordeste,2026
2026-07-06,28.6,34.1,22.4,0.0,64,6.0,Piauí,Teresina,Nordeste,2026
2026-07-07,29.1,34.6,23.2,0.0,55,6.0,Piauí,Teresina,Nordeste,2026
2026-07-08,28.8,34.5,23.7,0.3,65,6.6,Piauí,Teresina,Nordeste,2026
2026-07-09,28.7,33.8,23.9,0.2,66,9.1,Piauí,Teresina,Nordeste,2026
2026-07-10,29.3,34.6,24.7,0.0,53,10.6,Piauí,Teresina,Nordeste,2026
2026-07-11,28.7,34.4,22.7,0.3,58,7.0,Piauí,Teresina,Nordeste,2026
2026-07-12,29.1,34.6,23.0,0.0,59,6.7,Piauí,Teresina,Nordeste,2026
2026-07-13,28.8,33.9,23.3,0.2,64,5.8,Piauí,Teresina,Nordeste,2026
2026-07-14,28.1,33.3,22.5,5.7,72,9.1,Piauí,Teresina,Nordeste,2026
2026-07-15,25.9,29.9,23.2,9.6,86,6.6,Piauí,Teresina,Nordeste,2026
2026-07-16,26.5,31.2,22.4,3.7,68,12.1,Piauí,Teresina,Nordeste,2026
2026-07-17,27.3,32.6,22.6,0.0,58,10.1,Piauí,Teresina,Nordeste,2026
2026-07-18,27.7,32.3,23.3,0.0,54,12.1,Piauí,Teresina,Nordeste,2026
2026-07-19,28.4,33.9,23.6,0.0,48,11.3,Piauí,Teresina,Nordeste,2026
2026-07-20,29.1,35.0,22.5,0.0,46,9.5,Piauí,Teresina,Nordeste,2026
2026-07-21,28.8,34.0,23.8,0.8,62,8.2,Piauí,Teresina,Nordeste,2026
2026-07-22,28.8,34.2,23.4,0.4,63,8.6,Piauí,Teresina,Nordeste,2026
2026-07-23,29.4,34.4,24.5,0.0,56,9.1,Piauí,Teresina,Nordeste,2026
2026-07-24,28.6,34.2,24.0,1.8,68,8.0,Piauí,Teresina,Nordeste,2026
2026-07-25,27.7,32.7,23.6,0.6,76,5.7,Piauí,Teresina,Nordeste,2026
2026-07-26,28.0,33.5,23.3,0.9,70,5.6,Piauí,Teresina,Nordeste,2026
2026-07-27,28.4,34.0,22.9,0.3,66,6.9,Piauí,Teresina,Nordeste,2026
2026-07-28,28.1,34.1,22.2,3.5,67,7.1,Piauí,Teresina,Nordeste,2026
2026-07-29,28.6,33.7,23.5,0.3,62,6.7,Piauí,Teresina,Nordeste,2026
2026-07-30,28.6,34.0,23.0,0.1,59,6.1,Piauí,Teresina,Nordeste,2026
2026-07-31,28.6,34.3,22.7,0.0,57,6.8,Piauí,Teresina,Nordeste,2026
2026-08-01,28.4,34.6,21.4,0.0,47,8.7,Piauí,Teresina,Nordeste,2026
2026-08-02,28.8,33.6,23.7,0.0,43,8.7,Piauí,Teresina,Nordeste,2026
2026-08-03,28.9,34.3,22.9,0.0,42,7.9,Piauí,Teresina,Nordeste,2026
2026-08-04,29.3,35.7,22.5,0.2,50,7.2,Piauí,Teresina,Nordeste,2026
2026-08-05,30.0,35.5,24.2,0.1,49,7.3,Piauí,Teresina,Nordeste,2026
2026-08-06,29.6,35.3,23.4,0.3,55,6.5,Piauí,Teresina,Nordeste,2026
2026-08-07,29.9,36.1,23.2,0.1,56,7.9,Piauí,Teresina,Nordeste,2026
2026-08-08,29.4,35.8,22.9,0.1,56,7.8,Piauí,Teresina,Nordeste,2026
2026-08-09,29.5,35.7,23.0,0.1,57,8.3,Piauí,Teresina,Nordeste,2026
2026-08-10,29.8,36.0,23.3,0.2,57,7.5,Piauí,Teresina,Nordeste,2026
2026-08-11,29.3,35.1,23.9,0.4,58,5.8,Piauí,Teresina,Nordeste,2026
2026-08-12,29.8,35.5,23.5,0.3,46,6.8,Piauí,Teresina,Nordeste,2026
2026-08-13,30.5,36.3,24.7,0.0,42,6.4,Piauí,Teresina,Nordeste,2026
2026-08-14,29.6,36.1,22.8,0.0,53,6.0,Piauí,Teresina,Nordeste,2026
2026-08-15,30.4,36.8,23.2,0.1,53,7.8,Piauí,Teresina,Nordeste,2026
2026-08-16,30.5,36.6,23.9,0.0,50,10.2,Piauí,Teresina,Nordeste,2026
2026-08-17,30.2,36.5,23.7,0.0,36,10.8,Piauí,Teresina,Nordeste,2026
2026-08-18,30.4,36.6,23.4,0.0,38,12.1,Piauí,Teresina,Nordeste,2026
2026-08-19,31.0,36.2,26.0,0.0,40,12.7,Piauí,Teresina,Nordeste,2026
2025-06-01,21.5,24.7,19.0,0.3,89,7.4,Rio de Janeiro,Rio de Janeiro,Sudeste,2025
2025-06-02,21.6,24.3,19.4,0.7,82,6.5,Rio de Janeiro,Rio de Janeiro,Sudeste,2025
2025-06-03,22.1,26.2,19.0,0.0,83,6.1,Rio de Janeiro,Rio de Janeiro,Sudeste,2025
2025-06-04,23.2,28.2,19.7,0.0,77,6.4,Rio de Janeiro,Rio de Janeiro,Sudeste,2025
2025-06-05,24.1,30.6,19.9,0.6,75,8.0,Rio de Janeiro,Rio de Janeiro,Sudeste,2025
2025-06-06,22.2,25.8,20.2,0.6,87,9.5,Rio de Janeiro,Rio de Janeiro,Sudeste,2025
2025-06-07,21.6,24.1,20.0,1.2,84,5.6,Rio de Janeiro,Rio de Janeiro,Sudeste,2025
2025-06-08,22.3,26.9,19.4,2.3,87,5.5,Rio de Janeiro,Rio de Janeiro,Sudeste,2025
2025-06-09,20.8,21.7,19.2,1.6,88,9.6,Rio de Janeiro,Rio de Janeiro,Sudeste,2025
2025-06-10,19.8,20.9,19.0,1.9,86,8.8,Rio de Janeiro,Rio de Janeiro,Sudeste,2025
2025-06-11,19.2,20.5,17.5,1.3,76,16.1,Rio de Janeiro,Rio de Janeiro,Sudeste,2025
2025-06-12,17.7,19.8,15.8,4.4,77,8.4,Rio de Janeiro,Rio de Janeiro,Sudeste,2025
2025-06-13,18.3,21.2,15.5,0.3,74,8.5,Rio de Janeiro,Rio de Janeiro,Sudeste,2025
2025-06-14,19.0,23.6,16.2,0.0,66,9.0,Rio de Janeiro,Rio de Janeiro,Sudeste,2025
2025-06-15,19.7,24.5,15.5,0.0,74,8.6,Rio de Janeiro,Rio de Janeiro,Sudeste,2025
2025-06-16,20.5,25.1,17.8,0.0,75,5.4,Rio de Janeiro,Rio de Janeiro,Sudeste,2025
2025-06-17,20.3,23.8,17.0,0.0,80,6.4,Rio de Janeiro,Rio de Janeiro,Sudeste,2025
2025-06-18,21.7,25.9,18.0,0.0,77,8.5,Rio de Janeiro,Rio de Janeiro,Sudeste,2025
2025-06-19,22.4,27.8,19.0,0.0,75,5.6,Rio de Janeiro,Rio de Janeiro,Sudeste,2025
2025-06-20,22.5,27.7,19.3,0.0,73,8.0,Rio de Janeiro,Rio de Janeiro,Sudeste,2025
2025-06-21,22.1,27.4,20.0,0.0,75,12.7,Rio de Janeiro,Rio de Janeiro,Sudeste,2025
2025-06-22,21.1,25.6,18.5,0.0,87,5.1,Rio de Janeiro,Rio de Janeiro,Sudeste,2025
2025-06-23,24.3,30.2,19.9,0.0,71,10.5,Rio de Janeiro,Rio de Janeiro,Sudeste,2025
2025-06-24,20.0,23.2,17.0,1.8,80,19.1,Rio de Janeiro,Rio de Janeiro,Sudeste,2025
2025-06-25,17.7,20.2,15.4,0.0,72,6.9,Rio de Janeiro,Rio de Janeiro,Sudeste,2025
2025-06-26,20.2,25.3,15.8,0.0,77,6.4,Rio de Janeiro,Rio de Janeiro,Sudeste,2025
2025-06-27,21.9,26.3,19.4,0.2,80,9.8,Rio de Janeiro,Rio de Janeiro,Sudeste,2025
2025-06-28,22.2,25.1,20.8,0.2,87,6.8,Rio de Janeiro,Rio de Janeiro,Sudeste,2025
2025-06-29,23.7,30.9,19.3,0.0,74,9.3,Rio de Janeiro,Rio de Janeiro,Sudeste,2025
2025-06-30,22.2,23.9,20.8,0.6,82,11.9,Rio de Janeiro,Rio de Janeiro,Sudeste,2025
2025-07-01,20.8,22.6,19.2,12.9,89,11.5,Rio de Janeiro,Rio de Janeiro,Sudeste,2025
2025-07-02,18.6,19.4,17.5,17.9,93,13.4,Rio de Janeiro,Rio de Janeiro,Sudeste,2025
2025-07-03,18.4,19.9,17.4,4.2,87,10.3,Rio de Janeiro,Rio de Janeiro,Sudeste,2025
2025-07-04,18.6,21.1,17.3,2.7,81,8.0,Rio de Janeiro,Rio de Janeiro,Sudeste,2025
2025-07-05,18.2,21.0,16.1,0.0,82,4.9,Rio de Janeiro,Rio de Janeiro,Sudeste,2025
2025-07-06,18.3,21.7,15.7,0.0,84,5.9,Rio de Janeiro,Rio de Janeiro,Sudeste,2025
2025-07-07,18.4,20.8,16.6,1.0,84,5.7,Rio de Janeiro,Rio de Janeiro,Sudeste,2025
2025-07-08,18.7,22.4,15.6,0.0,85,5.4,Rio de Janeiro,Rio de Janeiro,Sudeste,2025
2025-07-09,19.1,21.3,17.5,0.4,84,9.4,Rio de Janeiro,Rio de Janeiro,Sudeste,2025
2025-07-10,19.3,21.9,17.2,0.2,83,4.8,Rio de Janeiro,Rio de Janeiro,Sudeste,2025
2025-07-11,19.9,22.9,17.1,0.0,81,7.1,Rio de Janeiro,Rio de Janeiro,Sudeste,2025
2025-07-12,20.3,23.8,17.4,0.1,82,6.3,Rio de Janeiro,Rio de Janeiro,Sudeste,2025
2025-07-13,19.4,22.5,17.1,0.2,79,7.0,Rio de Janeiro,Rio de Janeiro,Sudeste,2025
2025-07-14,19.1,22.7,16.3,0.0,86,4.8,Rio de Janeiro,Rio de Janeiro,Sudeste,2025
2025-07-15,19.0,22.2,16.4,0.2,85,5.0,Rio de Janeiro,Rio de Janeiro,Sudeste,2025
2025-07-16,18.2,23.1,14.8,0.0,84,5.9,Rio de Janeiro,Rio de Janeiro,Sudeste,2025
2025-07-17,19.7,24.6,15.9,0.0,81,6.7,Rio de Janeiro,Rio de Janeiro,Sudeste,2025
2025-07-18,21.1,28.2,18.3,0.0,74,13.7,Rio de Janeiro,Rio de Janeiro,Sudeste,2025
2025-07-19,19.4,21.7,17.8,0.0,75,11.5,Rio de Janeiro,Rio de Janeiro,Sudeste,2025
2025-07-20,19.0,22.3,16.7,0.0,80,6.9,Rio de Janeiro,Rio de Janeiro,Sudeste,2025
2025-07-21,19.7,23.6,17.4,0.0,84,7.7,Rio de Janeiro,Rio de Janeiro,Sudeste,2025
2025-07-22,20.6,25.2,17.1,0.0,83,5.7,Rio de Janeiro,Rio de Janeiro,Sudeste,2025
2025-07-23,20.4,23.4,18.7,0.0,85,10.0,Rio de Janeiro,Rio de Janeiro,Sudeste,2025
2025-07-24,19.7,21.4,18.4,1.4,85,7.4,Rio de Janeiro,Rio de Janeiro,Sudeste,2025
2025-07-25,19.9,23.7,17.9,5.3,90,6.3,Rio de Janeiro,Rio de Janeiro,Sudeste,2025
2025-07-26,20.0,22.9,18.3,0.0,90,5.3,Rio de Janeiro,Rio de Janeiro,Sudeste,2025
2025-07-27,21.3,26.3,17.5,0.0,82,7.0,Rio de Janeiro,Rio de Janeiro,Sudeste,2025
2025-07-28,24.4,28.8,20.1,0.2,58,15.1,Rio de Janeiro,Rio de Janeiro,Sudeste,2025
2025-07-29,19.7,23.8,18.0,0.6,68,23.2,Rio de Janeiro,Rio de Janeiro,Sudeste,2025
2025-07-30,18.3,20.2,16.5,0.2,62,16.6,Rio de Janeiro,Rio de Janeiro,Sudeste,2025
2025-07-31,18.1,21.0,15.7,0.6,74,6.5,Rio de Janeiro,Rio de Janeiro,Sudeste,2025
2025-08-01,18.9,22.7,16.1,0.0,72,9.3,Rio de Janeiro,Rio de Janeiro,Sudeste,2025
2025-08-02,19.5,23.7,16.1,0.0,76,7.4,Rio de Janeiro,Rio de Janeiro,Sudeste,2025
2025-08-03,20.3,25.9,16.1,0.0,73,8.4,Rio de Janeiro,Rio de Janeiro,Sudeste,2025
2025-08-04,20.9,26.8,17.4,0.0,74,8.3,Rio de Janeiro,Rio de Janeiro,Sudeste,2025
2025-08-05,20.0,21.9,18.6,0.8,85,7.4,Rio de Janeiro,Rio de Janeiro,Sudeste,2025
2025-08-06,19.6,21.8,18.0,1.4,88,9.7,Rio de Janeiro,Rio de Janeiro,Sudeste,2025
2025-08-07,19.4,23.5,16.5,0.0,87,5.8,Rio de Janeiro,Rio de Janeiro,Sudeste,2025
2025-08-08,22.0,29.0,17.8,0.0,82,7.4,Rio de Janeiro,Rio de Janeiro,Sudeste,2025
2025-08-09,19.0,20.3,17.5,5.7,86,15.1,Rio de Janeiro,Rio de Janeiro,Sudeste,2025
2025-08-10,18.2,20.1,16.6,1.4,73,20.2,Rio de Janeiro,Rio de Janeiro,Sudeste,2025
2025-08-11,17.9,19.8,16.1,1.2,78,14.2,Rio de Janeiro,Rio de Janeiro,Sudeste,2025
2025-08-12,17.9,20.3,15.8,0.4,80,8.1,Rio de Janeiro,Rio de Janeiro,Sudeste,2025
2025-08-13,19.0,22.9,16.3,0.0,82,6.3,Rio de Janeiro,Rio de Janeiro,Sudeste,2025
2025-08-14,19.1,21.7,16.4,0.7,82,9.5,Rio de Janeiro,Rio de Janeiro,Sudeste,2025
2025-08-15,19.1,20.5,17.1,2.6,80,7.5,Rio de Janeiro,Rio de Janeiro,Sudeste,2025
2025-08-16,19.3,22.0,17.5,0.3,79,10.7,Rio de Janeiro,Rio de Janeiro,Sudeste,2025
2025-08-17,19.9,23.4,17.1,0.0,79,8.2,Rio de Janeiro,Rio de Janeiro,Sudeste,2025
2025-08-18,19.8,23.0,16.6,0.5,80,9.6,Rio de Janeiro,Rio de Janeiro,Sudeste,2025
2025-08-19,20.5,25.5,17.5,0.0,74,11.3,Rio de Janeiro,Rio de Janeiro,Sudeste,2025
2026-06-01,21.3,23.9,19.8,0.9,85,9.1,Rio de Janeiro,Rio de Janeiro,Sudeste,2026
2026-06-02,19.9,21.8,18.6,14.5,90,5.6,Rio de Janeiro,Rio de Janeiro,Sudeste,2026
2026-06-03,20.7,23.4,18.5,0.8,84,6.0,Rio de Janeiro,Rio de Janeiro,Sudeste,2026
2026-06-04,20.5,22.6,18.9,3.2,83,7.5,Rio de Janeiro,Rio de Janeiro,Sudeste,2026
2026-06-05,19.5,22.2,17.4,2.6,81,5.2,Rio de Janeiro,Rio de Janeiro,Sudeste,2026
2026-06-06,19.6,23.0,17.3,0.0,76,6.2,Rio de Janeiro,Rio de Janeiro,Sudeste,2026
2026-06-07,19.6,24.2,15.5,0.0,79,5.8,Rio de Janeiro,Rio de Janeiro,Sudeste,2026
2026-06-08,20.0,24.4,15.8,0.0,79,6.9,Rio de Janeiro,Rio de Janeiro,Sudeste,2026
2026-06-09,21.7,27.7,17.4,0.0,75,6.7,Rio de Janeiro,Rio de Janeiro,Sudeste,2026
2026-06-10,21.1,24.0,18.2,0.0,81,4.7,Rio de Janeiro,Rio de Janeiro,Sudeste,2026
2026-06-11,20.6,21.8,19.7,6.3,96,4.7,Rio de Janeiro,Rio de Janeiro,Sudeste,2026
2026-06-12,21.5,27.0,18.6,1.5,90,7.5,Rio de Janeiro,Rio de Janeiro,Sudeste,2026
2026-06-13,23.3,28.2,21.1,0.2,79,11.1,Rio de Janeiro,Rio de Janeiro,Sudeste,2026
2026-06-14,21.9,25.2,20.3,2.5,86,5.7,Rio de Janeiro,Rio de Janeiro,Sudeste,2026
2026-06-15,21.2,22.9,20.0,19.6,93,9.9,Rio de Janeiro,Rio de Janeiro,Sudeste,2026
2026-06-16,20.0,20.7,19.2,26.2,94,12.2,Rio de Janeiro,Rio de Janeiro,Sudeste,2026
2026-06-17,19.6,21.2,18.5,5.4,84,6.5,Rio de Janeiro,Rio de Janeiro,Sudeste,2026
2026-06-18,19.5,22.2,17.3,0.0,72,6.1,Rio de Janeiro,Rio de Janeiro,Sudeste,2026
2026-06-19,20.0,24.2,16.4,0.0,80,6.8,Rio de Janeiro,Rio de Janeiro,Sudeste,2026
2026-06-20,21.3,26.4,17.3,0.0,74,8.5,Rio de Janeiro,Rio de Janeiro,Sudeste,2026
2026-06-21,21.0,22.1,19.2,1.5,85,8.8,Rio de Janeiro,Rio de Janeiro,Sudeste,2026
2026-06-22,21.5,25.5,17.9,0.0,84,5.7,Rio de Janeiro,Rio de Janeiro,Sudeste,2026
2026-06-23,22.7,29.2,20.3,0.0,79,12.1,Rio de Janeiro,Rio de Janeiro,Sudeste,2026
2026-06-24,20.7,22.2,19.6,5.0,93,10.2,Rio de Janeiro,Rio de Janeiro,Sudeste,2026
2026-06-25,19.3,19.8,18.7,12.4,95,10.3,Rio de Janeiro,Rio de Janeiro,Sudeste,2026
2026-06-26,20.5,21.7,19.2,8.2,96,7.0,Rio de Janeiro,Rio de Janeiro,Sudeste,2026
2026-06-27,21.2,23.2,19.5,0.1,92,4.4,Rio de Janeiro,Rio de Janeiro,Sudeste,2026
2026-06-28,22.2,26.1,19.8,0.0,88,4.2,Rio de Janeiro,Rio de Janeiro,Sudeste,2026
2026-06-29,22.7,28.5,20.2,0.0,80,7.9,Rio de Janeiro,Rio de Janeiro,Sudeste,2026
2026-06-30,21.8,24.7,19.3,0.0,89,7.3,Rio de Janeiro,Rio de Janeiro,Sudeste,2026
2026-07-01,23.8,29.2,20.6,0.0,79,6.0,Rio de Janeiro,Rio de Janeiro,Sudeste,2026
2026-07-02,22.9,27.7,20.0,0.0,85,4.7,Rio de Janeiro,Rio de Janeiro,Sudeste,2026
2026-07-03,22.2,26.8,19.6,0.4,87,8.6,Rio de Janeiro,Rio de Janeiro,Sudeste,2026
2026-07-04,20.8,22.5,19.6,4.8,91,8.6,Rio de Janeiro,Rio de Janeiro,Sudeste,2026
2026-07-05,19.9,20.8,19.3,1.5,82,11.3,Rio de Janeiro,Rio de Janeiro,Sudeste,2026
2026-07-06,19.9,23.0,16.6,0.0,85,6.6,Rio de Janeiro,Rio de Janeiro,Sudeste,2026
2026-07-07,20.9,26.4,18.4,3.0,86,12.5,Rio de Janeiro,Rio de Janeiro,Sudeste,2026
2026-07-08,19.5,20.9,18.6,4.4,81,10.2,Rio de Janeiro,Rio de Janeiro,Sudeste,2026
2026-07-09,19.6,22.1,17.6,0.2,80,5.2,Rio de Janeiro,Rio de Janeiro,Sudeste,2026
2026-07-10,20.2,26.4,16.3,0.0,83,5.3,Rio de Janeiro,Rio de Janeiro,Sudeste,2026
2026-07-11,20.5,25.3,16.8,0.0,84,5.9,Rio de Janeiro,Rio de Janeiro,Sudeste,2026
2026-07-12,22.4,28.7,19.4,1.0,80,15.0,Rio de Janeiro,Rio de Janeiro,Sudeste,2026
2026-07-13,19.4,20.8,18.6,2.1,72,18.8,Rio de Janeiro,Rio de Janeiro,Sudeste,2026
2026-07-14,18.4,20.9,16.2,6.7,79,9.1,Rio de Janeiro,Rio de Janeiro,Sudeste,2026
2026-07-15,19.5,23.7,16.4,0.0,68,8.8,Rio de Janeiro,Rio de Janeiro,Sudeste,2026
2026-07-16,19.5,24.2,15.1,0.0,70,7.3,Rio de Janeiro,Rio de Janeiro,Sudeste,2026
2026-07-17,20.4,24.5,16.2,0.0,69,8.0,Rio de Janeiro,Rio de Janeiro,Sudeste,2026
2026-07-18,21.8,26.6,17.5,0.0,67,8.9,Rio de Janeiro,Rio de Janeiro,Sudeste,2026
2026-07-19,23.1,28.1,18.7,0.0,65,9.2,Rio de Janeiro,Rio de Janeiro,Sudeste,2026
2026-07-20,23.3,28.7,18.7,0.0,63,8.2,Rio de Janeiro,Rio de Janeiro,Sudeste,2026
2026-07-21,24.3,30.6,19.3,0.0,56,10.7,Rio de Janeiro,Rio de Janeiro,Sudeste,2026
2026-07-22,23.7,31.7,19.7,0.0,68,11.0,Rio de Janeiro,Rio de Janeiro,Sudeste,2026
2026-07-23,21.3,24.5,18.7,0.2,86,7.0,Rio de Janeiro,Rio de Janeiro,Sudeste,2026
2026-07-24,20.7,22.2,19.7,7.9,89,8.2,Rio de Janeiro,Rio de Janeiro,Sudeste,2026
2026-07-25,20.7,22.9,19.1,0.2,89,7.4,Rio de Janeiro,Rio de Janeiro,Sudeste,2026
2026-07-26,20.5,23.4,18.3,0.0,82,6.3,Rio de Janeiro,Rio de Janeiro,Sudeste,2026
2026-07-27,21.1,26.2,17.2,0.0,80,7.4,Rio de Janeiro,Rio de Janeiro,Sudeste,2026
2026-07-28,22.7,28.0,17.9,0.0,79,7.0,Rio de Janeiro,Rio de Janeiro,Sudeste,2026
2026-07-29,24.8,31.6,20.5,0.4,67,12.9,Rio de Janeiro,Rio de Janeiro,Sudeste,2026
2026-07-30,21.9,23.6,20.5,0.3,76,9.8,Rio de Janeiro,Rio de Janeiro,Sudeste,2026
2026-07-31,21.0,23.9,18.1,1.8,81,9.4,Rio de Janeiro,Rio de Janeiro,Sudeste,2026
2026-08-01,21.9,26.8,18.4,0.0,70,7.8,Rio de Janeiro,Rio de Janeiro,Sudeste,2026
2026-08-02,22.8,29.1,17.8,0.0,66,6.9,Rio de Janeiro,Rio de Janeiro,Sudeste,2026
2026-08-03,21.3,24.9,18.6,0.0,85,4.5,Rio de Janeiro,Rio de Janeiro,Sudeste,2026
2026-08-04,22.4,26.8,18.7,0.0,82,6.2,Rio de Janeiro,Rio de Janeiro,Sudeste,2026
2026-08-05,24.9,30.0,20.9,0.0,67,8.9,Rio de Janeiro,Rio de Janeiro,Sudeste,2026
2026-08-06,26.5,32.4,21.9,0.1,57,10.6,Rio de Janeiro,Rio de Janeiro,Sudeste,2026
2026-08-07,25.5,33.9,22.7,2.0,63,14.2,Rio de Janeiro,Rio de Janeiro,Sudeste,2026
2026-08-08,24.2,27.0,21.5,1.8,81,8.0,Rio de Janeiro,Rio de Janeiro,Sudeste,2026
2026-08-09,24.8,28.4,22.6,0.4,76,14.2,Rio de Janeiro,Rio de Janeiro,Sudeste,2026
2026-08-10,21.0,22.6,19.3,8.8,89,12.0,Rio de Janeiro,Rio de Janeiro,Sudeste,2026
2026-08-11,19.6,21.1,18.7,5.7,83,10.7,Rio de Janeiro,Rio de Janeiro,Sudeste,2026
2026-08-12,20.7,23.6,19.2,0.0,77,8.7,Rio de Janeiro,Rio de Janeiro,Sudeste,2026
2026-08-13,22.5,27.4,18.8,2.4,84,7.1,Rio de Janeiro,Rio de Janeiro,Sudeste,2026
2026-08-14,22.4,24.7,20.7,1.2,89,7.8,Rio de Janeiro,Rio de Janeiro,Sudeste,2026
2026-08-15,21.2,22.8,19.9,8.8,90,10.9,Rio de Janeiro,Rio de Janeiro,Sudeste,2026
2026-08-16,21.9,25.6,19.7,0.0,79,12.4,Rio de Janeiro,Rio de Janeiro,Sudeste,2026
2026-08-17,23.0,27.7,19.1,0.0,74,8.7,Rio de Janeiro,Rio de Janeiro,Sudeste,2026
2026-08-18,23.0,27.8,18.4,0.0,75,7.0,Rio de Janeiro,Rio de Janeiro,Sudeste,2026
2026-08-19,23.4,29.8,20.0,0.0,73,7.5,Rio de Janeiro,Rio de Janeiro,Sudeste,2026
2025-06-01,25.4,28.5,22.6,2.1,83,13.6,Rio Grande do Norte,Natal,Nordeste,2025
2025-06-02,26.1,28.9,23.0,2.1,79,15.8,Rio Grande do Norte,Natal,Nordeste,2025
2025-06-03,25.8,29.0,23.6,1.8,80,15.8,Rio Grande do Norte,Natal,Nordeste,2025
2025-06-04,25.1,28.4,22.9,3.2,85,14.5,Rio Grande do Norte,Natal,Nordeste,2025
2025-06-05,25.5,28.8,22.8,2.5,84,15.8,Rio Grande do Norte,Natal,Nordeste,2025
2025-06-06,25.8,29.2,23.0,1.4,81,14.7,Rio Grande do Norte,Natal,Nordeste,2025
2025-06-07,25.7,29.1,22.8,0.9,83,15.5,Rio Grande do Norte,Natal,Nordeste,2025
2025-06-08,25.6,28.5,23.3,2.9,84,15.1,Rio Grande do Norte,Natal,Nordeste,2025
2025-06-09,26.0,28.8,23.2,1.8,81,11.8,Rio Grande do Norte,Natal,Nordeste,2025
2025-06-10,26.3,29.4,22.8,0.4,77,11.6,Rio Grande do Norte,Natal,Nordeste,2025
2025-06-11,25.9,28.4,23.3,1.6,78,12.5,Rio Grande do Norte,Natal,Nordeste,2025
2025-06-12,25.5,29.7,21.6,0.0,76,12.8,Rio Grande do Norte,Natal,Nordeste,2025
2025-06-13,25.7,29.6,22.6,1.0,75,16.5,Rio Grande do Norte,Natal,Nordeste,2025
2025-06-14,25.2,29.4,22.7,3.3,81,17.8,Rio Grande do Norte,Natal,Nordeste,2025
2025-06-15,25.5,29.2,22.6,1.1,78,12.7,Rio Grande do Norte,Natal,Nordeste,2025
2025-06-16,25.5,29.1,22.2,0.2,77,13.9,Rio Grande do Norte,Natal,Nordeste,2025
2025-06-17,25.3,29.0,22.4,1.2,78,14.2,Rio Grande do Norte,Natal,Nordeste,2025
2025-06-18,24.1,26.3,22.2,12.2,88,14.5,Rio Grande do Norte,Natal,Nordeste,2025
2025-06-19,24.8,27.6,22.2,6.0,85,15.3,Rio Grande do Norte,Natal,Nordeste,2025
2025-06-20,24.4,27.6,22.2,16.5,88,15.0,Rio Grande do Norte,Natal,Nordeste,2025
2025-06-21,23.8,25.4,22.6,49.2,95,12.8,Rio Grande do Norte,Natal,Nordeste,2025
2025-06-22,25.0,28.2,22.3,10.0,85,14.1,Rio Grande do Norte,Natal,Nordeste,2025
2025-06-23,25.4,28.2,22.5,2.1,83,15.5,Rio Grande do Norte,Natal,Nordeste,2025
2025-06-24,25.6,29.0,23.1,2.0,83,12.7,Rio Grande do Norte,Natal,Nordeste,2025
2025-06-25,25.6,28.5,22.8,1.2,80,14.4,Rio Grande do Norte,Natal,Nordeste,2025
2025-06-26,24.9,28.4,22.7,4.3,83,16.7,Rio Grande do Norte,Natal,Nordeste,2025
2025-06-27,25.0,28.6,21.7,0.7,85,12.0,Rio Grande do Norte,Natal,Nordeste,2025
2025-06-28,24.2,26.4,22.7,10.9,88,15.6,Rio Grande do Norte,Natal,Nordeste,2025
2025-06-29,24.7,28.7,21.9,5.4,84,10.8,Rio Grande do Norte,Natal,Nordeste,2025
2025-06-30,24.8,28.0,22.1,3.2,85,13.4,Rio Grande do Norte,Natal,Nordeste,2025
2025-07-01,24.5,27.5,22.5,8.0,88,14.7,Rio Grande do Norte,Natal,Nordeste,2025
2025-07-02,24.3,27.7,22.1,3.2,86,18.0,Rio Grande do Norte,Natal,Nordeste,2025
2025-07-03,23.9,27.2,21.7,1.7,81,16.7,Rio Grande do Norte,Natal,Nordeste,2025
2025-07-04,24.4,28.1,21.5,1.0,81,15.3,Rio Grande do Norte,Natal,Nordeste,2025
2025-07-05,24.5,27.6,21.8,0.5,81,14.6,Rio Grande do Norte,Natal,Nordeste,2025
2025-07-06,24.8,27.7,22.3,10.6,83,15.1,Rio Grande do Norte,Natal,Nordeste,2025
2025-07-07,23.7,26.0,22.5,18.2,90,14.6,Rio Grande do Norte,Natal,Nordeste,2025
2025-07-08,24.3,27.4,22.4,1.1,84,17.0,Rio Grande do Norte,Natal,Nordeste,2025
2025-07-09,23.9,26.7,22.0,8.4,85,16.8,Rio Grande do Norte,Natal,Nordeste,2025
2025-07-10,23.7,26.9,21.5,7.6,87,17.6,Rio Grande do Norte,Natal,Nordeste,2025
2025-07-11,24.1,26.9,22.0,5.5,85,18.2,Rio Grande do Norte,Natal,Nordeste,2025
2025-07-12,24.2,27.4,21.6,0.3,79,18.1,Rio Grande do Norte,Natal,Nordeste,2025
2025-07-13,24.2,27.6,20.9,0.5,81,17.5,Rio Grande do Norte,Natal,Nordeste,2025
2025-07-14,24.1,27.3,22.1,3.6,84,18.2,Rio Grande do Norte,Natal,Nordeste,2025
2025-07-15,24.6,27.9,22.1,0.7,81,18.5,Rio Grande do Norte,Natal,Nordeste,2025
2025-07-16,24.4,28.9,21.1,0.0,77,18.0,Rio Grande do Norte,Natal,Nordeste,2025
2025-07-17,24.0,27.3,20.9,0.7,82,15.8,Rio Grande do Norte,Natal,Nordeste,2025
2025-07-18,24.8,27.9,22.1,0.2,81,13.7,Rio Grande do Norte,Natal,Nordeste,2025
2025-07-19,24.7,27.7,22.4,1.9,84,16.8,Rio Grande do Norte,Natal,Nordeste,2025
2025-07-20,24.3,26.9,22.1,2.6,84,15.6,Rio Grande do Norte,Natal,Nordeste,2025
2025-07-21,24.7,28.2,21.5,0.0,80,16.5,Rio Grande do Norte,Natal,Nordeste,2025
2025-07-22,24.8,27.9,21.5,0.6,78,16.2,Rio Grande do Norte,Natal,Nordeste,2025
2025-07-23,24.9,28.1,22.2,2.0,85,15.1,Rio Grande do Norte,Natal,Nordeste,2025
2025-07-24,25.1,27.8,22.9,1.1,81,18.8,Rio Grande do Norte,Natal,Nordeste,2025
2025-07-25,24.5,27.7,21.7,0.2,78,18.0,Rio Grande do Norte,Natal,Nordeste,2025
2025-07-26,23.9,26.6,21.9,3.4,83,15.8,Rio Grande do Norte,Natal,Nordeste,2025
2025-07-27,23.8,26.8,22.3,8.5,87,17.0,Rio Grande do Norte,Natal,Nordeste,2025
2025-07-28,24.5,27.0,22.2,6.6,87,14.2,Rio Grande do Norte,Natal,Nordeste,2025
2025-07-29,24.7,27.9,22.4,4.4,86,14.8,Rio Grande do Norte,Natal,Nordeste,2025
2025-07-30,25.2,28.6,22.4,1.7,82,13.0,Rio Grande do Norte,Natal,Nordeste,2025
2025-07-31,25.6,28.6,23.0,0.4,75,14.6,Rio Grande do Norte,Natal,Nordeste,2025
2025-08-01,25.0,28.0,22.6,0.7,80,17.5,Rio Grande do Norte,Natal,Nordeste,2025
2025-08-02,24.8,28.0,22.2,0.5,80,19.3,Rio Grande do Norte,Natal,Nordeste,2025
2025-08-03,24.5,28.0,21.5,2.3,79,15.8,Rio Grande do Norte,Natal,Nordeste,2025
2025-08-04,24.8,28.3,21.5,2.2,80,15.1,Rio Grande do Norte,Natal,Nordeste,2025
2025-08-05,24.6,28.1,21.6,1.1,82,16.0,Rio Grande do Norte,Natal,Nordeste,2025
2025-08-06,24.6,27.8,22.3,2.7,83,19.1,Rio Grande do Norte,Natal,Nordeste,2025
2025-08-07,24.9,28.5,22.0,0.3,77,17.5,Rio Grande do Norte,Natal,Nordeste,2025
2025-08-08,24.7,28.3,21.5,0.3,79,12.7,Rio Grande do Norte,Natal,Nordeste,2025
2025-08-09,24.7,27.8,22.1,1.8,83,12.5,Rio Grande do Norte,Natal,Nordeste,2025
2025-08-10,25.4,29.0,22.2,0.2,80,14.2,Rio Grande do Norte,Natal,Nordeste,2025
2025-08-11,25.5,29.2,22.7,1.4,80,13.1,Rio Grande do Norte,Natal,Nordeste,2025
2025-08-12,25.0,28.0,22.1,1.0,80,14.9,Rio Grande do Norte,Natal,Nordeste,2025
2025-08-13,25.4,28.6,22.3,0.1,72,15.3,Rio Grande do Norte,Natal,Nordeste,2025
2025-08-14,25.2,28.9,22.0,0.3,79,17.2,Rio Grande do Norte,Natal,Nordeste,2025
2025-08-15,23.9,25.8,22.6,6.7,89,13.2,Rio Grande do Norte,Natal,Nordeste,2025
2025-08-16,24.2,28.2,21.6,4.0,85,15.8,Rio Grande do Norte,Natal,Nordeste,2025
2025-08-17,24.1,27.2,21.5,3.2,80,18.1,Rio Grande do Norte,Natal,Nordeste,2025
2025-08-18,24.1,27.9,20.3,0.0,74,17.8,Rio Grande do Norte,Natal,Nordeste,2025
2025-08-19,24.3,28.2,20.8,0.1,76,18.2,Rio Grande do Norte,Natal,Nordeste,2025
2026-06-01,26.1,29.8,22.7,0.0,80,13.4,Rio Grande do Norte,Natal,Nordeste,2026
2026-06-02,26.1,29.8,23.2,0.1,80,13.5,Rio Grande do Norte,Natal,Nordeste,2026
2026-06-03,25.5,29.1,22.7,3.8,85,13.2,Rio Grande do Norte,Natal,Nordeste,2026
2026-06-04,26.1,29.4,23.5,0.4,82,16.6,Rio Grande do Norte,Natal,Nordeste,2026
2026-06-05,26.1,29.2,23.6,0.3,77,16.3,Rio Grande do Norte,Natal,Nordeste,2026
2026-06-06,25.7,28.8,23.1,0.7,79,15.8,Rio Grande do Norte,Natal,Nordeste,2026
2026-06-07,25.5,28.8,22.8,0.6,82,15.5,Rio Grande do Norte,Natal,Nordeste,2026
2026-06-08,25.9,29.0,23.1,0.7,80,17.3,Rio Grande do Norte,Natal,Nordeste,2026
2026-06-09,25.1,27.9,23.7,8.4,86,17.4,Rio Grande do Norte,Natal,Nordeste,2026
2026-06-10,25.3,28.3,22.7,9.1,88,14.1,Rio Grande do Norte,Natal,Nordeste,2026
2026-06-11,25.3,29.7,23.0,10.6,82,16.8,Rio Grande do Norte,Natal,Nordeste,2026
2026-06-12,25.7,28.6,23.1,13.4,85,16.1,Rio Grande do Norte,Natal,Nordeste,2026
2026-06-13,26.0,29.5,22.7,2.6,81,12.6,Rio Grande do Norte,Natal,Nordeste,2026
2026-06-14,25.5,28.2,23.1,35.0,87,14.3,Rio Grande do Norte,Natal,Nordeste,2026
2026-06-15,25.9,29.1,22.9,0.7,83,14.6,Rio Grande do Norte,Natal,Nordeste,2026
2026-06-16,25.7,28.6,23.0,1.5,82,11.9,Rio Grande do Norte,Natal,Nordeste,2026
2026-06-17,24.1,25.8,23.1,57.8,93,6.8,Rio Grande do Norte,Natal,Nordeste,2026
2026-06-18,25.7,28.8,23.0,1.4,83,13.5,Rio Grande do Norte,Natal,Nordeste,2026
2026-06-19,25.7,29.0,23.2,0.7,79,17.0,Rio Grande do Norte,Natal,Nordeste,2026
2026-06-20,25.0,28.9,22.7,2.3,85,12.3,Rio Grande do Norte,Natal,Nordeste,2026
2026-06-21,25.3,28.8,22.5,1.4,83,14.2,Rio Grande do Norte,Natal,Nordeste,2026
2026-06-22,25.3,28.4,23.0,1.8,84,13.2,Rio Grande do Norte,Natal,Nordeste,2026
2026-06-23,25.6,28.9,23.1,0.6,81,15.9,Rio Grande do Norte,Natal,Nordeste,2026
2026-06-24,25.6,28.7,23.3,0.4,77,16.6,Rio Grande do Norte,Natal,Nordeste,2026
2026-06-25,25.2,28.7,22.0,1.3,83,12.9,Rio Grande do Norte,Natal,Nordeste,2026
2026-06-26,24.4,28.1,22.9,6.6,91,9.9,Rio Grande do Norte,Natal,Nordeste,2026
2026-06-27,23.7,26.0,22.5,18.3,96,12.6,Rio Grande do Norte,Natal,Nordeste,2026
2026-06-28,25.1,28.3,22.6,5.4,81,17.1,Rio Grande do Norte,Natal,Nordeste,2026
2026-06-29,24.8,28.0,21.6,1.6,80,14.5,Rio Grande do Norte,Natal,Nordeste,2026
2026-06-30,25.2,28.8,22.1,4.8,81,16.8,Rio Grande do Norte,Natal,Nordeste,2026
2026-07-01,25.4,28.6,22.1,2.8,78,19.3,Rio Grande do Norte,Natal,Nordeste,2026
2026-07-02,25.2,28.3,22.6,2.4,77,18.8,Rio Grande do Norte,Natal,Nordeste,2026
2026-07-03,24.6,25.9,22.8,31.9,86,17.1,Rio Grande do Norte,Natal,Nordeste,2026
2026-07-04,24.7,26.7,22.8,7.1,87,16.2,Rio Grande do Norte,Natal,Nordeste,2026
2026-07-05,24.8,28.0,22.3,4.5,86,12.9,Rio Grande do Norte,Natal,Nordeste,2026
2026-07-06,25.6,29.2,22.7,0.5,78,16.8,Rio Grande do Norte,Natal,Nordeste,2026
2026-07-07,25.1,28.6,22.4,0.0,77,16.2,Rio Grande do Norte,Natal,Nordeste,2026
2026-07-08,25.0,28.1,22.8,9.2,83,14.6,Rio Grande do Norte,Natal,Nordeste,2026
2026-07-09,25.0,28.2,21.9,15.4,85,12.5,Rio Grande do Norte,Natal,Nordeste,2026
2026-07-10,25.2,28.0,22.3,3.0,83,15.4,Rio Grande do Norte,Natal,Nordeste,2026
2026-07-11,25.5,28.6,22.8,1.5,80,15.9,Rio Grande do Norte,Natal,Nordeste,2026
2026-07-12,25.2,28.0,22.5,2.8,83,14.4,Rio Grande do Norte,Natal,Nordeste,2026
2026-07-13,26.0,29.1,23.0,1.5,81,9.5,Rio Grande do Norte,Natal,Nordeste,2026
2026-07-14,26.1,28.8,23.5,1.3,79,7.6,Rio Grande do Norte,Natal,Nordeste,2026
2026-07-15,25.7,28.0,23.5,2.5,80,15.6,Rio Grande do Norte,Natal,Nordeste,2026
2026-07-16,24.9,27.7,22.8,3.4,81,19.0,Rio Grande do Norte,Natal,Nordeste,2026
2026-07-17,24.5,27.4,22.3,4.9,84,20.1,Rio Grande do Norte,Natal,Nordeste,2026
2026-07-18,24.1,26.4,22.7,15.7,90,19.2,Rio Grande do Norte,Natal,Nordeste,2026
2026-07-19,24.7,27.6,21.9,1.0,77,20.0,Rio Grande do Norte,Natal,Nordeste,2026
2026-07-20,24.0,27.1,22.0,11.7,89,16.4,Rio Grande do Norte,Natal,Nordeste,2026
2026-07-21,23.3,24.2,22.6,95.0,97,13.4,Rio Grande do Norte,Natal,Nordeste,2026
2026-07-22,25.0,27.9,22.3,1.6,83,13.6,Rio Grande do Norte,Natal,Nordeste,2026
2026-07-23,24.5,27.6,22.5,8.6,90,13.7,Rio Grande do Norte,Natal,Nordeste,2026
2026-07-24,24.1,26.4,22.7,22.8,91,12.9,Rio Grande do Norte,Natal,Nordeste,2026
2026-07-25,25.1,27.9,22.6,0.7,79,16.2,Rio Grande do Norte,Natal,Nordeste,2026
2026-07-26,25.5,28.5,22.8,0.8,78,15.0,Rio Grande do Norte,Natal,Nordeste,2026
2026-07-27,25.6,28.8,22.0,0.1,77,13.0,Rio Grande do Norte,Natal,Nordeste,2026
2026-07-28,25.2,28.3,22.3,0.7,81,15.3,Rio Grande do Norte,Natal,Nordeste,2026
2026-07-29,25.0,28.2,22.0,0.5,76,14.7,Rio Grande do Norte,Natal,Nordeste,2026
2026-07-30,24.8,28.3,21.6,0.6,78,15.7,Rio Grande do Norte,Natal,Nordeste,2026
2026-07-31,24.9,29.2,21.2,0.2,76,17.6,Rio Grande do Norte,Natal,Nordeste,2026
2026-08-01,24.8,27.8,22.5,0.4,76,19.3,Rio Grande do Norte,Natal,Nordeste,2026
2026-08-02,24.4,27.7,21.1,0.3,77,15.0,Rio Grande do Norte,Natal,Nordeste,2026
2026-08-03,24.4,28.1,21.2,1.9,82,14.4,Rio Grande do Norte,Natal,Nordeste,2026
2026-08-04,24.8,27.6,21.9,2.5,83,15.4,Rio Grande do Norte,Natal,Nordeste,2026
2026-08-05,25.0,28.4,22.1,1.2,79,17.3,Rio Grande do Norte,Natal,Nordeste,2026
2026-08-06,25.1,28.6,22.0,1.0,79,14.3,Rio Grande do Norte,Natal,Nordeste,2026
2026-08-07,25.9,28.9,23.3,0.7,76,12.3,Rio Grande do Norte,Natal,Nordeste,2026
2026-08-08,26.4,29.1,24.4,0.9,74,14.5,Rio Grande do Norte,Natal,Nordeste,2026
2026-08-09,26.3,29.0,24.1,2.1,78,14.9,Rio Grande do Norte,Natal,Nordeste,2026
2026-08-10,25.9,29.1,23.3,1.9,78,13.7,Rio Grande do Norte,Natal,Nordeste,2026
2026-08-11,25.1,28.2,22.6,1.7,77,17.0,Rio Grande do Norte,Natal,Nordeste,2026
2026-08-12,25.2,28.8,21.9,0.0,72,20.5,Rio Grande do Norte,Natal,Nordeste,2026
2026-08-13,25.3,29.6,21.6,0.0,71,17.6,Rio Grande do Norte,Natal,Nordeste,2026
2026-08-14,25.7,29.0,21.9,0.0,70,17.1,Rio Grande do Norte,Natal,Nordeste,2026
2026-08-15,25.9,29.2,22.6,0.3,73,16.3,Rio Grande do Norte,Natal,Nordeste,2026
2026-08-16,25.7,29.1,22.9,0.0,68,21.3,Rio Grande do Norte,Natal,Nordeste,2026
2026-08-17,25.9,29.0,22.7,1.4,70,20.4,Rio Grande do Norte,Natal,Nordeste,2026
2026-08-18,26.0,29.3,22.8,0.6,73,17.7,Rio Grande do Norte,Natal,Nordeste,2026
2026-08-19,24.8,27.6,22.3,3.3,83,19.5,Rio Grande do Norte,Natal,Nordeste,2026
2025-06-01,11.8,16.6,8.4,0.0,82,5.7,Rio Grande do Sul,Porto Alegre,Sul,2025
2025-06-02,12.6,18.6,7.4,0.0,83,4.3,Rio Grande do Sul,Porto Alegre,Sul,2025
2025-06-03,16.3,22.4,11.7,3.7,86,3.0,Rio Grande do Sul,Porto Alegre,Sul,2025
2025-06-04,18.2,23.7,13.9,0.0,87,5.6,Rio Grande do Sul,Porto Alegre,Sul,2025
2025-06-05,16.5,18.4,14.9,2.7,91,9.1,Rio Grande do Sul,Porto Alegre,Sul,2025
2025-06-06,14.0,17.3,10.9,0.0,79,6.5,Rio Grande do Sul,Porto Alegre,Sul,2025
2025-06-07,11.8,17.0,7.6,0.0,87,6.0,Rio Grande do Sul,Porto Alegre,Sul,2025
2025-06-08,13.4,17.2,10.8,0.0,85,7.9,Rio Grande do Sul,Porto Alegre,Sul,2025
2025-06-09,12.3,16.0,9.2,0.3,85,6.3,Rio Grande do Sul,Porto Alegre,Sul,2025
2025-06-10,11.2,14.7,8.4,0.0,78,5.9,Rio Grande do Sul,Porto Alegre,Sul,2025
2025-06-11,10.9,15.9,6.9,0.0,83,5.1,Rio Grande do Sul,Porto Alegre,Sul,2025
2025-06-12,12.1,18.7,6.6,0.0,83,9.6,Rio Grande do Sul,Porto Alegre,Sul,2025
2025-06-13,15.1,21.7,10.1,0.0,75,8.8,Rio Grande do Sul,Porto Alegre,Sul,2025
2025-06-14,15.9,21.0,12.8,8.4,82,9.7,Rio Grande do Sul,Porto Alegre,Sul,2025
2025-06-15,15.1,16.7,12.3,8.1,86,11.3,Rio Grande do Sul,Porto Alegre,Sul,2025
2025-06-16,14.4,19.9,9.1,0.0,85,8.6,Rio Grande do Sul,Porto Alegre,Sul,2025
2025-06-17,18.5,22.6,16.5,40.8,88,10.9,Rio Grande do Sul,Porto Alegre,Sul,2025
2025-06-18,17.7,20.4,15.9,65.9,97,7.7,Rio Grande do Sul,Porto Alegre,Sul,2025
2025-06-19,16.5,17.6,15.5,15.9,95,13.1,Rio Grande do Sul,Porto Alegre,Sul,2025
2025-06-20,16.9,19.1,14.4,5.3,90,13.5,Rio Grande do Sul,Porto Alegre,Sul,2025
2025-06-21,13.9,18.1,10.8,0.0,85,8.7,Rio Grande do Sul,Porto Alegre,Sul,2025
2025-06-22,13.9,18.8,9.6,6.0,89,4.6,Rio Grande do Sul,Porto Alegre,Sul,2025
2025-06-23,11.5,14.2,7.2,2.1,69,20.3,Rio Grande do Sul,Porto Alegre,Sul,2025
2025-06-24,8.4,12.3,5.5,0.0,54,19.9,Rio Grande do Sul,Porto Alegre,Sul,2025
2025-06-25,9.7,16.7,4.5,0.0,68,5.4,Rio Grande do Sul,Porto Alegre,Sul,2025
2025-06-26,11.6,14.9,9.2,9.4,82,4.0,Rio Grande do Sul,Porto Alegre,Sul,2025
2025-06-27,10.5,14.7,7.0,0.0,76,5.5,Rio Grande do Sul,Porto Alegre,Sul,2025
2025-06-28,12.2,15.5,9.3,23.6,89,6.3,Rio Grande do Sul,Porto Alegre,Sul,2025
2025-06-29,12.7,14.6,11.1,13.3,91,14.6,Rio Grande do Sul,Porto Alegre,Sul,2025
2025-06-30,9.2,11.4,5.4,0.1,71,12.4,Rio Grande do Sul,Porto Alegre,Sul,2025
2025-07-01,5.8,9.4,2.6,0.0,75,11.6,Rio Grande do Sul,Porto Alegre,Sul,2025
2025-07-02,7.6,11.5,2.8,0.0,83,5.9,Rio Grande do Sul,Porto Alegre,Sul,2025
2025-07-03,11.3,15.5,8.3,0.2,85,6.1,Rio Grande do Sul,Porto Alegre,Sul,2025
2025-07-04,12.4,18.8,6.6,0.0,81,5.5,Rio Grande do Sul,Porto Alegre,Sul,2025
2025-07-05,12.6,19.9,8.0,0.0,83,5.7,Rio Grande do Sul,Porto Alegre,Sul,2025
2025-07-06,12.4,18.4,8.0,0.0,86,7.1,Rio Grande do Sul,Porto Alegre,Sul,2025
2025-07-07,13.6,20.9,7.3,0.0,82,4.5,Rio Grande do Sul,Porto Alegre,Sul,2025
2025-07-08,13.8,19.2,10.1,0.2,85,5.7,Rio Grande do Sul,Porto Alegre,Sul,2025
2025-07-09,12.4,15.8,10.7,0.0,86,6.9,Rio Grande do Sul,Porto Alegre,Sul,2025
2025-07-10,13.2,19.9,8.9,0.0,88,4.4,Rio Grande do Sul,Porto Alegre,Sul,2025
2025-07-11,13.6,20.2,10.6,0.0,90,5.1,Rio Grande do Sul,Porto Alegre,Sul,2025
2025-07-12,13.4,17.4,11.0,0.0,87,7.6,Rio Grande do Sul,Porto Alegre,Sul,2025
2025-07-13,15.3,20.2,12.8,0.0,90,5.7,Rio Grande do Sul,Porto Alegre,Sul,2025
2025-07-14,15.6,20.9,13.1,1.3,89,5.9,Rio Grande do Sul,Porto Alegre,Sul,2025
2025-07-15,15.4,22.2,12.0,0.0,90,6.0,Rio Grande do Sul,Porto Alegre,Sul,2025
2025-07-16,18.1,25.0,12.4,0.0,79,5.3,Rio Grande do Sul,Porto Alegre,Sul,2025
2025-07-17,14.5,17.2,11.8,5.9,85,12.7,Rio Grande do Sul,Porto Alegre,Sul,2025
2025-07-18,12.6,15.6,10.8,4.2,86,16.8,Rio Grande do Sul,Porto Alegre,Sul,2025
2025-07-19,13.1,18.3,9.6,0.0,83,5.2,Rio Grande do Sul,Porto Alegre,Sul,2025
2025-07-20,12.8,20.0,8.4,0.0,89,4.0,Rio Grande do Sul,Porto Alegre,Sul,2025
2025-07-21,14.5,22.4,9.3,0.0,82,2.8,Rio Grande do Sul,Porto Alegre,Sul,2025
2025-07-22,15.4,23.1,10.5,0.0,84,6.6,Rio Grande do Sul,Porto Alegre,Sul,2025
2025-07-23,12.8,15.6,9.5,0.0,76,9.8,Rio Grande do Sul,Porto Alegre,Sul,2025
2025-07-24,12.5,17.7,8.6,3.2,85,13.4,Rio Grande do Sul,Porto Alegre,Sul,2025
2025-07-25,16.4,22.3,12.1,0.0,82,9.0,Rio Grande do Sul,Porto Alegre,Sul,2025
2025-07-26,16.9,20.9,13.2,9.0,86,10.1,Rio Grande do Sul,Porto Alegre,Sul,2025
2025-07-27,14.7,15.7,13.1,81.7,97,12.0,Rio Grande do Sul,Porto Alegre,Sul,2025
2025-07-28,13.3,14.7,11.6,5.2,86,21.9,Rio Grande do Sul,Porto Alegre,Sul,2025
2025-07-29,11.7,15.9,8.1,0.0,73,12.9,Rio Grande do Sul,Porto Alegre,Sul,2025
2025-07-30,11.2,16.4,6.1,0.0,79,5.5,Rio Grande do Sul,Porto Alegre,Sul,2025
2025-07-31,13.9,21.8,7.8,0.0,78,8.9,Rio Grande do Sul,Porto Alegre,Sul,2025
2025-08-01,16.6,25.1,10.0,0.0,75,8.0,Rio Grande do Sul,Porto Alegre,Sul,2025
2025-08-02,20.9,29.6,14.4,1.3,69,7.2,Rio Grande do Sul,Porto Alegre,Sul,2025
2025-08-03,16.9,21.0,15.2,42.5,94,8.9,Rio Grande do Sul,Porto Alegre,Sul,2025
2025-08-04,15.0,16.4,13.2,13.8,94,12.8,Rio Grande do Sul,Porto Alegre,Sul,2025
2025-08-05,13.9,16.7,11.5,2.5,82,12.1,Rio Grande do Sul,Porto Alegre,Sul,2025
2025-08-06,15.8,21.0,13.4,0.3,77,10.7,Rio Grande do Sul,Porto Alegre,Sul,2025
2025-08-07,15.6,19.4,13.3,8.3,86,8.7,Rio Grande do Sul,Porto Alegre,Sul,2025
2025-08-08,12.1,13.5,10.7,6.3,83,12.0,Rio Grande do Sul,Porto Alegre,Sul,2025
2025-08-09,12.0,14.8,10.0,0.7,76,9.6,Rio Grande do Sul,Porto Alegre,Sul,2025
2025-08-10,11.9,16.9,7.5,0.0,82,5.0,Rio Grande do Sul,Porto Alegre,Sul,2025
2025-08-11,11.7,17.1,8.2,0.0,84,3.4,Rio Grande do Sul,Porto Alegre,Sul,2025
2025-08-12,12.5,19.8,6.4,0.0,80,3.8,Rio Grande do Sul,Porto Alegre,Sul,2025
2025-08-13,13.9,21.0,9.0,0.0,79,9.6,Rio Grande do Sul,Porto Alegre,Sul,2025
2025-08-14,12.5,15.4,10.4,0.1,78,8.0,Rio Grande do Sul,Porto Alegre,Sul,2025
2025-08-15,14.1,18.4,10.6,0.0,81,14.1,Rio Grande do Sul,Porto Alegre,Sul,2025
2025-08-16,15.7,20.2,12.1,0.5,81,11.9,Rio Grande do Sul,Porto Alegre,Sul,2025
2025-08-17,16.6,22.4,13.4,0.0,83,7.7,Rio Grande do Sul,Porto Alegre,Sul,2025
2025-08-18,16.3,22.0,12.0,0.0,88,9.5,Rio Grande do Sul,Porto Alegre,Sul,2025
2025-08-19,18.5,23.3,15.3,2.2,83,12.8,Rio Grande do Sul,Porto Alegre,Sul,2025
2026-06-01,15.5,17.6,13.8,1.3,85,7.3,Rio Grande do Sul,Porto Alegre,Sul,2026
2026-06-02,14.8,19.5,10.6,0.0,84,6.7,Rio Grande do Sul,Porto Alegre,Sul,2026
2026-06-03,16.1,22.1,11.9,0.0,84,7.8,Rio Grande do Sul,Porto Alegre,Sul,2026
2026-06-04,16.8,22.4,12.6,0.0,87,6.5,Rio Grande do Sul,Porto Alegre,Sul,2026
2026-06-05,17.7,23.8,12.7,0.0,83,5.0,Rio Grande do Sul,Porto Alegre,Sul,2026
2026-06-06,17.5,22.7,14.4,0.0,86,6.0,Rio Grande do Sul,Porto Alegre,Sul,2026
2026-06-07,16.1,19.1,14.4,0.1,90,7.3,Rio Grande do Sul,Porto Alegre,Sul,2026
2026-06-08,16.7,19.5,15.0,5.0,91,6.5,Rio Grande do Sul,Porto Alegre,Sul,2026
2026-06-09,15.4,17.7,13.3,3.9,88,7.5,Rio Grande do Sul,Porto Alegre,Sul,2026
2026-06-10,13.9,17.2,11.4,0.0,86,5.3,Rio Grande do Sul,Porto Alegre,Sul,2026
2026-06-11,14.5,18.5,11.3,0.4,90,6.9,Rio Grande do Sul,Porto Alegre,Sul,2026
2026-06-12,15.6,17.4,14.3,25.6,97,11.7,Rio Grande do Sul,Porto Alegre,Sul,2026
2026-06-13,14.4,17.5,11.7,0.0,84,9.0,Rio Grande do Sul,Porto Alegre,Sul,2026
2026-06-14,13.8,16.8,12.0,0.1,80,7.9,Rio Grande do Sul,Porto Alegre,Sul,2026
2026-06-15,11.4,14.4,8.7,0.0,72,5.0,Rio Grande do Sul,Porto Alegre,Sul,2026
2026-06-16,10.3,15.5,6.0,0.0,80,7.6,Rio Grande do Sul,Porto Alegre,Sul,2026
2026-06-17,11.6,17.3,7.9,0.0,80,8.3,Rio Grande do Sul,Porto Alegre,Sul,2026
2026-06-18,12.3,17.9,7.0,0.0,83,10.6,Rio Grande do Sul,Porto Alegre,Sul,2026
2026-06-19,14.0,16.9,11.5,4.7,86,10.3,Rio Grande do Sul,Porto Alegre,Sul,2026
2026-06-20,11.6,13.5,9.7,0.0,81,5.3,Rio Grande do Sul,Porto Alegre,Sul,2026
2026-06-21,12.1,16.2,9.5,0.0,84,5.8,Rio Grande do Sul,Porto Alegre,Sul,2026
2026-06-22,12.2,13.7,9.4,22.7,94,8.1,Rio Grande do Sul,Porto Alegre,Sul,2026
2026-06-23,9.7,13.1,7.4,0.0,73,15.4,Rio Grande do Sul,Porto Alegre,Sul,2026
2026-06-24,8.7,13.6,4.9,0.0,72,8.3,Rio Grande do Sul,Porto Alegre,Sul,2026
2026-06-25,10.3,16.4,5.9,0.0,70,5.7,Rio Grande do Sul,Porto Alegre,Sul,2026
2026-06-26,10.2,17.6,4.7,0.0,76,5.0,Rio Grande do Sul,Porto Alegre,Sul,2026
2026-06-27,12.3,20.2,5.2,0.3,81,6.0,Rio Grande do Sul,Porto Alegre,Sul,2026
2026-06-28,14.7,17.0,12.6,25.9,94,7.9,Rio Grande do Sul,Porto Alegre,Sul,2026
2026-06-29,12.9,15.9,9.9,0.0,85,6.7,Rio Grande do Sul,Porto Alegre,Sul,2026
2026-06-30,12.4,15.3,9.4,0.0,86,7.3,Rio Grande do Sul,Porto Alegre,Sul,2026
2026-07-01,14.0,17.0,11.9,5.7,92,6.3,Rio Grande do Sul,Porto Alegre,Sul,2026
2026-07-02,13.0,15.2,9.4,13.7,96,11.4,Rio Grande do Sul,Porto Alegre,Sul,2026
2026-07-03,8.3,10.6,4.8,0.3,70,14.8,Rio Grande do Sul,Porto Alegre,Sul,2026
2026-07-04,10.2,12.5,7.5,0.0,79,6.1,Rio Grande do Sul,Porto Alegre,Sul,2026
2026-07-05,12.4,15.2,10.0,1.0,88,5.7,Rio Grande do Sul,Porto Alegre,Sul,2026
2026-07-06,12.1,14.5,10.0,16.1,85,11.4,Rio Grande do Sul,Porto Alegre,Sul,2026
2026-07-07,10.2,14.7,5.7,0.0,70,13.3,Rio Grande do Sul,Porto Alegre,Sul,2026
2026-07-08,10.7,18.2,5.1,0.0,74,5.4,Rio Grande do Sul,Porto Alegre,Sul,2026
2026-07-09,13.6,21.5,7.2,0.0,74,3.5,Rio Grande do Sul,Porto Alegre,Sul,2026
2026-07-10,14.8,19.0,11.8,0.2,80,5.9,Rio Grande do Sul,Porto Alegre,Sul,2026
2026-07-11,15.2,18.5,13.6,2.7,91,9.8,Rio Grande do Sul,Porto Alegre,Sul,2026
2026-07-12,13.4,15.7,11.5,2.6,83,10.3,Rio Grande do Sul,Porto Alegre,Sul,2026
2026-07-13,12.3,14.8,10.7,0.2,81,5.9,Rio Grande do Sul,Porto Alegre,Sul,2026
2026-07-14,12.6,19.5,7.7,0.0,86,6.2,Rio Grande do Sul,Porto Alegre,Sul,2026
2026-07-15,14.1,22.0,8.5,0.0,78,6.9,Rio Grande do Sul,Porto Alegre,Sul,2026
2026-07-16,17.7,27.6,9.6,0.0,73,6.9,Rio Grande do Sul,Porto Alegre,Sul,2026
2026-07-17,24.7,31.5,19.9,0.0,55,12.8,Rio Grande do Sul,Porto Alegre,Sul,2026
2026-07-18,25.7,31.1,20.4,0.6,58,16.1,Rio Grande do Sul,Porto Alegre,Sul,2026
2026-07-19,21.5,26.9,16.8,7.1,75,12.4,Rio Grande do Sul,Porto Alegre,Sul,2026
2026-07-20,18.7,22.4,16.5,28.4,95,10.7,Rio Grande do Sul,Porto Alegre,Sul,2026
2026-07-21,19.2,20.0,17.0,62.2,98,8.6,Rio Grande do Sul,Porto Alegre,Sul,2026
2026-07-22,16.5,18.6,15.5,23.6,96,11.0,Rio Grande do Sul,Porto Alegre,Sul,2026
2026-07-23,15.4,17.8,14.0,4.3,88,11.6,Rio Grande do Sul,Porto Alegre,Sul,2026
2026-07-24,16.4,20.9,13.3,1.0,86,9.7,Rio Grande do Sul,Porto Alegre,Sul,2026
2026-07-25,16.5,23.0,12.7,0.0,88,5.7,Rio Grande do Sul,Porto Alegre,Sul,2026
2026-07-26,17.1,19.9,13.9,9.7,96,4.4,Rio Grande do Sul,Porto Alegre,Sul,2026
2026-07-27,18.6,22.3,16.7,13.2,95,5.8,Rio Grande do Sul,Porto Alegre,Sul,2026
2026-07-28,18.9,21.6,17.3,27.7,93,8.4,Rio Grande do Sul,Porto Alegre,Sul,2026
2026-07-29,17.3,20.6,15.0,20.6,87,9.8,Rio Grande do Sul,Porto Alegre,Sul,2026
2026-07-30,16.2,20.7,14.1,0.9,90,12.4,Rio Grande do Sul,Porto Alegre,Sul,2026
2026-07-31,18.7,25.6,14.1,0.0,85,8.4,Rio Grande do Sul,Porto Alegre,Sul,2026
2026-08-01,22.0,31.1,15.7,1.9,68,10.9,Rio Grande do Sul,Porto Alegre,Sul,2026
2026-08-02,17.8,21.5,15.5,0.1,84,8.5,Rio Grande do Sul,Porto Alegre,Sul,2026
2026-08-03,18.9,24.2,15.5,0.0,89,5.6,Rio Grande do Sul,Porto Alegre,Sul,2026
2026-08-04,21.0,24.6,18.1,1.1,83,6.6,Rio Grande do Sul,Porto Alegre,Sul,2026
2026-08-05,19.6,24.4,17.5,3.8,92,5.8,Rio Grande do Sul,Porto Alegre,Sul,2026
2026-08-06,19.9,24.9,15.8,11.3,85,10.3,Rio Grande do Sul,Porto Alegre,Sul,2026
2026-08-07,14.2,18.3,10.7,0.3,72,16.6,Rio Grande do Sul,Porto Alegre,Sul,2026
2026-08-08,12.5,16.9,8.0,0.1,83,9.2,Rio Grande do Sul,Porto Alegre,Sul,2026
2026-08-09,11.8,15.6,9.2,0.0,70,6.9,Rio Grande do Sul,Porto Alegre,Sul,2026
2026-08-10,10.7,14.3,8.0,0.0,73,8.7,Rio Grande do Sul,Porto Alegre,Sul,2026
2026-08-11,11.8,17.1,7.3,4.6,77,11.4,Rio Grande do Sul,Porto Alegre,Sul,2026
2026-08-12,13.3,15.0,11.7,53.2,96,8.5,Rio Grande do Sul,Porto Alegre,Sul,2026
2026-08-13,14.7,16.3,13.8,20.2,96,10.4,Rio Grande do Sul,Porto Alegre,Sul,2026
2026-08-14,15.9,18.6,13.9,0.5,85,19.8,Rio Grande do Sul,Porto Alegre,Sul,2026
2026-08-15,18.6,23.5,15.2,14.1,84,18.1,Rio Grande do Sul,Porto Alegre,Sul,2026
2026-08-16,18.8,21.1,16.9,23.5,93,12.4,Rio Grande do Sul,Porto Alegre,Sul,2026
2026-08-17,22.0,29.9,18.4,0.0,78,8.5,Rio Grande do Sul,Porto Alegre,Sul,2026
2026-08-18,20.7,25.5,17.4,20.3,89,7.0,Rio Grande do Sul,Porto Alegre,Sul,2026
2026-08-19,18.8,21.2,17.5,16.1,95,8.3,Rio Grande do Sul,Porto Alegre,Sul,2026
2025-06-01,25.7,30.6,21.6,0.1,77,7.6,Rondônia,Porto Velho,Norte,2025
2025-06-02,26.3,31.4,22.2,0.1,76,6.2,Rondônia,Porto Velho,Norte,2025
2025-06-03,27.1,32.1,22.9,0.0,76,4.9,Rondônia,Porto Velho,Norte,2025
2025-06-04,27.3,31.8,23.8,0.2,79,2.8,Rondônia,Porto Velho,Norte,2025
2025-06-05,27.1,31.6,23.7,0.9,83,3.6,Rondônia,Porto Velho,Norte,2025
2025-06-06,26.8,32.3,23.1,1.1,83,2.9,Rondônia,Porto Velho,Norte,2025
2025-06-07,27.4,32.4,23.5,1.5,79,4.9,Rondônia,Porto Velho,Norte,2025
2025-06-08,27.4,32.3,23.3,0.6,81,3.6,Rondônia,Porto Velho,Norte,2025
2025-06-09,28.0,33.4,23.4,0.0,71,4.7,Rondônia,Porto Velho,Norte,2025
2025-06-10,26.5,31.3,22.4,0.2,77,6.2,Rondônia,Porto Velho,Norte,2025
2025-06-11,26.3,30.8,23.3,0.2,75,8.3,Rondônia,Porto Velho,Norte,2025
2025-06-12,26.0,30.9,22.1,0.0,78,5.4,Rondônia,Porto Velho,Norte,2025
2025-06-13,26.1,30.8,22.7,0.3,80,4.2,Rondônia,Porto Velho,Norte,2025
2025-06-14,27.2,32.0,23.5,0.2,80,4.4,Rondônia,Porto Velho,Norte,2025
2025-06-15,25.5,30.2,22.9,8.3,88,6.0,Rondônia,Porto Velho,Norte,2025
2025-06-16,26.4,30.5,24.4,6.2,86,4.3,Rondônia,Porto Velho,Norte,2025
2025-06-17,27.2,32.2,23.6,0.1,77,5.1,Rondônia,Porto Velho,Norte,2025
2025-06-18,27.6,32.6,23.4,0.0,75,3.7,Rondônia,Porto Velho,Norte,2025
2025-06-19,27.9,33.1,23.8,0.0,69,5.4,Rondônia,Porto Velho,Norte,2025
2025-06-20,26.8,33.0,21.7,0.0,72,6.0,Rondônia,Porto Velho,Norte,2025
2025-06-21,27.0,32.6,22.7,0.0,75,4.6,Rondônia,Porto Velho,Norte,2025
2025-06-22,26.8,31.5,22.9,0.5,77,6.3,Rondônia,Porto Velho,Norte,2025
2025-06-23,27.1,31.0,24.3,0.4,80,5.9,Rondônia,Porto Velho,Norte,2025
2025-06-24,25.6,28.9,23.5,6.7,86,6.8,Rondônia,Porto Velho,Norte,2025
2025-06-25,25.6,30.0,22.7,0.0,80,6.0,Rondônia,Porto Velho,Norte,2025
2025-06-26,26.0,30.9,22.4,0.3,79,4.5,Rondônia,Porto Velho,Norte,2025
2025-06-27,26.8,31.8,23.0,0.3,77,6.3,Rondônia,Porto Velho,Norte,2025
2025-06-28,27.2,32.9,22.8,0.0,76,5.1,Rondônia,Porto Velho,Norte,2025
2025-06-29,28.0,33.9,23.6,0.0,73,4.3,Rondônia,Porto Velho,Norte,2025
2025-06-30,27.0,32.6,22.8,0.0,70,9.3,Rondônia,Porto Velho,Norte,2025
2025-07-01,23.7,28.1,20.2,0.0,69,12.3,Rondônia,Porto Velho,Norte,2025
2025-07-02,22.8,28.1,18.5,0.0,70,10.5,Rondônia,Porto Velho,Norte,2025
2025-07-03,23.5,28.7,19.4,0.0,69,10.3,Rondônia,Porto Velho,Norte,2025
2025-07-04,24.1,30.3,19.2,0.0,72,7.1,Rondônia,Porto Velho,Norte,2025
2025-07-05,25.6,31.7,20.8,0.0,71,6.0,Rondônia,Porto Velho,Norte,2025
2025-07-06,26.6,32.5,21.9,0.0,66,4.3,Rondônia,Porto Velho,Norte,2025
2025-07-07,26.4,33.0,21.2,0.0,67,3.1,Rondônia,Porto Velho,Norte,2025
2025-07-08,26.6,33.1,21.3,0.0,63,6.7,Rondônia,Porto Velho,Norte,2025
2025-07-09,26.4,33.1,20.8,0.0,60,5.6,Rondônia,Porto Velho,Norte,2025
2025-07-10,26.6,33.2,20.9,0.0,64,5.5,Rondônia,Porto Velho,Norte,2025
2025-07-11,26.8,33.6,21.4,0.0,63,7.7,Rondônia,Porto Velho,Norte,2025
2025-07-12,26.9,33.7,21.7,0.0,58,7.7,Rondônia,Porto Velho,Norte,2025
2025-07-13,26.4,33.4,20.4,0.0,59,6.1,Rondônia,Porto Velho,Norte,2025
2025-07-14,26.7,33.5,20.8,0.0,60,4.5,Rondônia,Porto Velho,Norte,2025
2025-07-15,26.8,34.0,20.9,0.0,65,4.7,Rondônia,Porto Velho,Norte,2025
2025-07-16,27.2,33.9,22.2,0.0,65,4.1,Rondônia,Porto Velho,Norte,2025
2025-07-17,27.4,33.6,22.5,0.0,64,6.9,Rondônia,Porto Velho,Norte,2025
2025-07-18,26.8,32.5,23.0,0.0,62,9.1,Rondônia,Porto Velho,Norte,2025
2025-07-19,26.3,33.1,20.6,0.0,63,5.8,Rondônia,Porto Velho,Norte,2025
2025-07-20,26.6,33.2,20.9,0.0,64,4.0,Rondônia,Porto Velho,Norte,2025
2025-07-21,27.3,34.2,21.6,0.0,65,2.9,Rondônia,Porto Velho,Norte,2025
2025-07-22,27.8,34.5,22.8,0.0,62,4.3,Rondônia,Porto Velho,Norte,2025
2025-07-23,27.9,35.2,21.6,0.0,59,4.3,Rondônia,Porto Velho,Norte,2025
2025-07-24,28.2,35.8,22.7,0.0,60,2.8,Rondônia,Porto Velho,Norte,2025
2025-07-25,28.0,35.3,22.2,0.0,64,4.0,Rondônia,Porto Velho,Norte,2025
2025-07-26,28.6,34.9,23.6,0.0,61,6.1,Rondônia,Porto Velho,Norte,2025
2025-07-27,28.5,34.6,23.3,0.0,63,5.7,Rondônia,Porto Velho,Norte,2025
2025-07-28,28.0,34.2,23.9,0.3,74,5.1,Rondônia,Porto Velho,Norte,2025
2025-07-29,26.8,32.8,23.3,3.2,80,5.6,Rondônia,Porto Velho,Norte,2025
2025-07-30,26.8,32.8,22.1,0.0,70,5.4,Rondônia,Porto Velho,Norte,2025
2025-07-31,28.0,33.7,23.5,0.0,70,3.7,Rondônia,Porto Velho,Norte,2025
2025-08-01,28.5,34.3,24.4,0.3,69,4.3,Rondônia,Porto Velho,Norte,2025
2025-08-02,25.6,28.9,22.4,11.9,83,6.0,Rondônia,Porto Velho,Norte,2025
2025-08-03,26.6,30.5,23.7,1.8,84,3.2,Rondônia,Porto Velho,Norte,2025
2025-08-04,26.4,31.2,23.6,2.5,81,4.2,Rondônia,Porto Velho,Norte,2025
2025-08-05,25.8,31.6,22.5,13.7,83,6.0,Rondônia,Porto Velho,Norte,2025
2025-08-06,27.1,33.3,22.8,0.0,73,5.5,Rondônia,Porto Velho,Norte,2025
2025-08-07,27.7,33.3,22.8,0.0,72,3.4,Rondônia,Porto Velho,Norte,2025
2025-08-08,27.9,33.7,24.3,0.1,71,4.6,Rondônia,Porto Velho,Norte,2025
2025-08-09,27.4,32.4,24.0,0.0,64,7.8,Rondônia,Porto Velho,Norte,2025
2025-08-10,25.8,31.8,20.8,0.0,60,6.9,Rondônia,Porto Velho,Norte,2025
2025-08-11,27.4,33.6,22.2,0.0,61,5.0,Rondônia,Porto Velho,Norte,2025
2025-08-12,27.9,34.5,22.5,0.0,60,5.2,Rondônia,Porto Velho,Norte,2025
2025-08-13,28.7,35.0,23.4,0.0,60,2.7,Rondônia,Porto Velho,Norte,2025
2025-08-14,29.2,36.0,23.8,0.0,51,8.2,Rondônia,Porto Velho,Norte,2025
2025-08-15,28.1,36.4,21.4,0.0,46,7.3,Rondônia,Porto Velho,Norte,2025
2025-08-16,28.2,35.1,22.4,0.0,56,5.1,Rondônia,Porto Velho,Norte,2025
2025-08-17,26.1,29.3,23.9,3.9,80,5.5,Rondônia,Porto Velho,Norte,2025
2025-08-18,27.6,34.4,23.2,0.0,76,4.5,Rondônia,Porto Velho,Norte,2025
2025-08-19,28.3,34.1,23.7,0.5,71,5.7,Rondônia,Porto Velho,Norte,2025
2026-06-01,27.1,31.9,23.2,0.0,77,4.5,Rondônia,Porto Velho,Norte,2026
2026-06-02,27.3,32.3,23.1,0.0,76,5.0,Rondônia,Porto Velho,Norte,2026
2026-06-03,27.1,32.5,22.5,0.0,72,7.5,Rondônia,Porto Velho,Norte,2026
2026-06-04,26.8,32.7,21.8,0.1,70,7.5,Rondônia,Porto Velho,Norte,2026
2026-06-05,26.4,31.0,23.3,2.7,81,5.2,Rondônia,Porto Velho,Norte,2026
2026-06-06,25.7,30.2,23.2,9.6,90,4.4,Rondônia,Porto Velho,Norte,2026
2026-06-07,26.8,31.4,23.2,0.3,82,3.5,Rondônia,Porto Velho,Norte,2026
2026-06-08,26.9,31.8,23.4,2.5,83,5.2,Rondônia,Porto Velho,Norte,2026
2026-06-09,24.1,24.9,22.9,37.0,97,5.1,Rondônia,Porto Velho,Norte,2026
2026-06-10,24.4,26.6,22.9,3.0,90,6.4,Rondônia,Porto Velho,Norte,2026
2026-06-11,25.8,30.5,22.5,1.0,86,4.4,Rondônia,Porto Velho,Norte,2026
2026-06-12,26.8,31.7,23.3,0.6,83,5.4,Rondônia,Porto Velho,Norte,2026
2026-06-13,27.0,31.5,23.2,0.7,83,3.8,Rondônia,Porto Velho,Norte,2026
2026-06-14,27.4,32.3,23.9,2.5,84,3.5,Rondônia,Porto Velho,Norte,2026
2026-06-15,27.8,32.8,24.2,0.7,79,5.1,Rondônia,Porto Velho,Norte,2026
2026-06-16,26.9,31.0,23.7,2.7,83,5.8,Rondônia,Porto Velho,Norte,2026
2026-06-17,26.2,31.2,23.2,6.9,85,5.5,Rondônia,Porto Velho,Norte,2026
2026-06-18,25.4,29.0,22.6,4.2,87,6.1,Rondônia,Porto Velho,Norte,2026
2026-06-19,26.3,30.9,22.7,0.0,84,2.9,Rondônia,Porto Velho,Norte,2026
2026-06-20,26.4,31.3,23.1,3.6,84,5.3,Rondônia,Porto Velho,Norte,2026
2026-06-21,26.8,31.3,22.6,0.8,82,3.9,Rondônia,Porto Velho,Norte,2026
2026-06-22,26.7,31.2,23.6,1.6,85,3.3,Rondônia,Porto Velho,Norte,2026
2026-06-23,26.8,31.5,23.3,0.9,84,3.7,Rondônia,Porto Velho,Norte,2026
2026-06-24,24.5,28.4,22.8,12.5,92,6.9,Rondônia,Porto Velho,Norte,2026
2026-06-25,23.8,28.4,20.6,0.0,82,7.4,Rondônia,Porto Velho,Norte,2026
2026-06-26,24.8,29.8,21.0,0.0,81,7.6,Rondônia,Porto Velho,Norte,2026
2026-06-27,25.4,30.1,22.0,0.5,83,6.5,Rondônia,Porto Velho,Norte,2026
2026-06-28,26.1,31.2,22.3,0.4,81,5.2,Rondônia,Porto Velho,Norte,2026
2026-06-29,26.5,30.9,22.9,3.1,84,4.4,Rondônia,Porto Velho,Norte,2026
2026-06-30,27.2,32.7,22.9,0.3,78,4.7,Rondônia,Porto Velho,Norte,2026
2026-07-01,27.2,31.6,23.3,0.7,79,4.1,Rondônia,Porto Velho,Norte,2026
2026-07-02,27.8,33.3,23.2,0.4,73,6.4,Rondônia,Porto Velho,Norte,2026
2026-07-03,26.7,31.6,22.4,0.0,70,9.7,Rondônia,Porto Velho,Norte,2026
2026-07-04,25.5,30.6,21.0,0.1,72,7.4,Rondônia,Porto Velho,Norte,2026
2026-07-05,25.9,31.0,21.3,0.0,78,3.9,Rondônia,Porto Velho,Norte,2026
2026-07-06,26.6,31.6,22.6,0.0,75,5.2,Rondônia,Porto Velho,Norte,2026
2026-07-07,26.7,31.5,22.6,0.0,73,8.4,Rondônia,Porto Velho,Norte,2026
2026-07-08,26.2,31.2,22.0,0.0,76,5.5,Rondônia,Porto Velho,Norte,2026
2026-07-09,27.0,31.4,23.1,0.3,79,3.4,Rondônia,Porto Velho,Norte,2026
2026-07-10,26.7,31.8,23.8,1.4,84,2.7,Rondônia,Porto Velho,Norte,2026
2026-07-11,26.5,31.4,23.9,1.4,86,4.2,Rondônia,Porto Velho,Norte,2026
2026-07-12,24.3,25.9,23.5,6.1,94,4.0,Rondônia,Porto Velho,Norte,2026
2026-07-13,25.9,30.4,22.2,0.1,81,4.0,Rondônia,Porto Velho,Norte,2026
2026-07-14,26.8,31.6,22.6,0.1,79,3.3,Rondônia,Porto Velho,Norte,2026
2026-07-15,27.1,31.3,23.4,0.5,78,3.2,Rondônia,Porto Velho,Norte,2026
2026-07-16,27.4,32.5,23.5,1.2,80,4.9,Rondônia,Porto Velho,Norte,2026
2026-07-17,26.4,30.5,23.9,2.3,87,4.4,Rondônia,Porto Velho,Norte,2026
2026-07-18,27.4,32.2,23.4,0.5,82,3.9,Rondônia,Porto Velho,Norte,2026
2026-07-19,27.8,32.7,23.7,0.3,77,6.0,Rondônia,Porto Velho,Norte,2026
2026-07-20,28.0,33.1,23.7,0.0,72,6.3,Rondônia,Porto Velho,Norte,2026
2026-07-21,27.8,33.0,23.2,0.0,73,6.5,Rondônia,Porto Velho,Norte,2026
2026-07-22,27.8,32.6,23.8,0.0,75,5.5,Rondônia,Porto Velho,Norte,2026
2026-07-23,28.1,33.4,23.6,0.0,73,4.5,Rondônia,Porto Velho,Norte,2026
2026-07-24,28.2,33.1,23.9,0.5,75,2.9,Rondônia,Porto Velho,Norte,2026
2026-07-25,28.7,33.5,24.4,0.1,74,2.3,Rondônia,Porto Velho,Norte,2026
2026-07-26,28.1,33.3,23.5,0.1,75,4.4,Rondônia,Porto Velho,Norte,2026
2026-07-27,26.5,30.8,23.6,3.0,83,4.4,Rondônia,Porto Velho,Norte,2026
2026-07-28,27.7,32.8,23.5,0.5,78,3.8,Rondônia,Porto Velho,Norte,2026
2026-07-29,28.2,32.9,23.9,0.4,77,3.6,Rondônia,Porto Velho,Norte,2026
2026-07-30,28.4,33.9,24.1,0.5,77,3.7,Rondônia,Porto Velho,Norte,2026
2026-07-31,27.0,31.4,24.6,2.5,81,5.0,Rondônia,Porto Velho,Norte,2026
2026-08-01,27.2,32.7,23.4,3.6,80,4.8,Rondônia,Porto Velho,Norte,2026
2026-08-02,27.7,32.9,23.3,0.0,78,5.2,Rondônia,Porto Velho,Norte,2026
2026-08-03,27.8,33.1,23.8,0.3,75,5.0,Rondônia,Porto Velho,Norte,2026
2026-08-04,26.6,31.9,23.3,5.0,84,4.2,Rondônia,Porto Velho,Norte,2026
2026-08-05,26.8,32.1,23.3,4.1,83,3.3,Rondônia,Porto Velho,Norte,2026
2026-08-06,28.7,33.5,24.4,0.2,73,4.2,Rondônia,Porto Velho,Norte,2026
2026-08-07,28.2,33.6,24.2,2.0,76,5.7,Rondônia,Porto Velho,Norte,2026
2026-08-08,28.7,33.8,24.4,0.2,75,5.7,Rondônia,Porto Velho,Norte,2026
2026-08-09,29.2,34.2,24.7,0.0,70,6.0,Rondônia,Porto Velho,Norte,2026
2026-08-10,29.5,34.6,24.9,0.8,70,5.0,Rondônia,Porto Velho,Norte,2026
2026-08-11,27.0,32.3,23.2,6.6,78,6.2,Rondônia,Porto Velho,Norte,2026
2026-08-12,25.9,31.0,23.2,30.3,87,6.8,Rondônia,Porto Velho,Norte,2026
2026-08-13,27.4,33.0,22.5,19.1,78,4.4,Rondônia,Porto Velho,Norte,2026
2026-08-14,28.5,33.8,24.1,0.0,74,3.2,Rondônia,Porto Velho,Norte,2026
2026-08-15,28.8,34.4,23.7,0.0,70,5.8,Rondônia,Porto Velho,Norte,2026
2026-08-16,28.7,34.8,23.0,0.0,64,7.0,Rondônia,Porto Velho,Norte,2026
2026-08-17,28.8,34.5,23.7,0.0,67,6.3,Rondônia,Porto Velho,Norte,2026
2026-08-18,27.9,32.8,24.8,1.6,77,5.5,Rondônia,Porto Velho,Norte,2026
2026-08-19,26.7,30.7,23.9,6.0,84,5.2,Rondônia,Porto Velho,Norte,2026
2025-06-01,25.8,30.2,22.9,14.1,86,5.0,Roraima,Boa Vista,Norte,2025
2025-06-02,25.5,30.1,22.9,16.2,87,6.8,Roraima,Boa Vista,Norte,2025
2025-06-03,25.9,29.9,23.1,6.3,84,7.9,Roraima,Boa Vista,Norte,2025
2025-06-04,26.5,31.0,23.6,2.4,81,8.5,Roraima,Boa Vista,Norte,2025
2025-06-05,26.7,30.6,23.3,5.8,78,9.2,Roraima,Boa Vista,Norte,2025
2025-06-06,26.8,29.6,24.1,4.6,80,5.5,Roraima,Boa Vista,Norte,2025
2025-06-07,25.8,30.4,22.7,10.8,85,6.3,Roraima,Boa Vista,Norte,2025
2025-06-08,25.9,30.2,23.0,11.9,84,4.9,Roraima,Boa Vista,Norte,2025
2025-06-09,24.8,28.2,22.8,21.9,91,8.4,Roraima,Boa Vista,Norte,2025
2025-06-10,26.2,30.0,23.2,5.9,84,4.9,Roraima,Boa Vista,Norte,2025
2025-06-11,25.8,29.5,22.4,11.4,85,5.2,Roraima,Boa Vista,Norte,2025
2025-06-12,25.0,28.2,22.5,17.9,88,3.9,Roraima,Boa Vista,Norte,2025
2025-06-13,26.5,31.0,22.8,1.0,82,7.6,Roraima,Boa Vista,Norte,2025
2025-06-14,26.2,30.1,23.4,25.0,83,9.4,Roraima,Boa Vista,Norte,2025
2025-06-15,26.2,30.4,23.3,1.9,83,7.2,Roraima,Boa Vista,Norte,2025
2025-06-16,27.3,31.3,23.9,0.2,77,11.0,Roraima,Boa Vista,Norte,2025
2025-06-17,25.6,29.5,23.0,12.4,86,7.8,Roraima,Boa Vista,Norte,2025
2025-06-18,26.0,29.1,23.5,14.2,85,5.6,Roraima,Boa Vista,Norte,2025
2025-06-19,26.2,31.3,23.3,5.2,84,6.0,Roraima,Boa Vista,Norte,2025
2025-06-20,25.2,28.5,23.1,24.9,88,5.2,Roraima,Boa Vista,Norte,2025
2025-06-21,25.0,27.6,23.2,3.3,87,4.9,Roraima,Boa Vista,Norte,2025
2025-06-22,25.9,30.9,21.7,1.2,82,5.7,Roraima,Boa Vista,Norte,2025
2025-06-23,26.7,31.4,23.1,0.4,79,6.5,Roraima,Boa Vista,Norte,2025
2025-06-24,27.2,31.5,23.9,0.0,76,8.0,Roraima,Boa Vista,Norte,2025
2025-06-25,26.1,30.6,22.7,22.8,83,8.6,Roraima,Boa Vista,Norte,2025
2025-06-26,26.2,30.9,23.0,4.4,84,6.8,Roraima,Boa Vista,Norte,2025
2025-06-27,27.3,32.2,23.3,1.6,78,5.6,Roraima,Boa Vista,Norte,2025
2025-06-28,26.3,29.8,23.7,2.4,85,3.9,Roraima,Boa Vista,Norte,2025
2025-06-29,25.0,29.6,22.1,35.9,88,6.2,Roraima,Boa Vista,Norte,2025
2025-06-30,26.9,31.0,23.3,0.3,78,7.1,Roraima,Boa Vista,Norte,2025
2025-07-01,27.7,31.8,24.1,0.0,74,9.7,Roraima,Boa Vista,Norte,2025
2025-07-02,25.6,29.6,23.2,27.0,86,6.7,Roraima,Boa Vista,Norte,2025
2025-07-03,24.4,28.2,22.1,16.6,88,6.3,Roraima,Boa Vista,Norte,2025
2025-07-04,24.3,27.7,22.4,9.9,88,4.2,Roraima,Boa Vista,Norte,2025
2025-07-05,23.6,27.0,21.6,20.4,91,3.5,Roraima,Boa Vista,Norte,2025
2025-07-06,24.9,29.4,21.4,15.6,85,4.5,Roraima,Boa Vista,Norte,2025
2025-07-07,25.3,28.8,22.4,6.4,84,4.0,Roraima,Boa Vista,Norte,2025
2025-07-08,26.2,30.3,23.3,9.0,81,3.6,Roraima,Boa Vista,Norte,2025
2025-07-09,25.4,30.2,22.5,6.7,85,4.3,Roraima,Boa Vista,Norte,2025
2025-07-10,25.1,28.4,22.3,13.4,88,6.8,Roraima,Boa Vista,Norte,2025
2025-07-11,25.1,28.7,22.4,14.8,85,4.4,Roraima,Boa Vista,Norte,2025
2025-07-12,23.8,26.5,21.8,18.4,89,4.7,Roraima,Boa Vista,Norte,2025
2025-07-13,25.4,29.8,22.1,6.1,84,3.5,Roraima,Boa Vista,Norte,2025
2025-07-14,25.1,28.5,22.7,14.6,89,4.9,Roraima,Boa Vista,Norte,2025
2025-07-15,25.0,28.7,22.4,11.0,87,5.3,Roraima,Boa Vista,Norte,2025
2025-07-16,25.4,29.5,22.2,14.7,84,6.0,Roraima,Boa Vista,Norte,2025
2025-07-17,25.4,29.1,22.0,12.4,85,5.4,Roraima,Boa Vista,Norte,2025
2025-07-18,25.1,28.7,22.8,17.8,86,3.4,Roraima,Boa Vista,Norte,2025
2025-07-19,26.0,30.3,22.6,1.7,82,5.6,Roraima,Boa Vista,Norte,2025
2025-07-20,25.4,29.4,22.7,27.2,87,4.9,Roraima,Boa Vista,Norte,2025
2025-07-21,24.9,28.6,22.8,19.7,88,4.7,Roraima,Boa Vista,Norte,2025
2025-07-22,25.9,30.2,22.5,5.7,84,4.3,Roraima,Boa Vista,Norte,2025
2025-07-23,26.9,31.9,23.0,1.6,79,4.7,Roraima,Boa Vista,Norte,2025
2025-07-24,27.0,31.4,22.6,1.5,79,4.6,Roraima,Boa Vista,Norte,2025
2025-07-25,25.9,30.4,22.7,5.3,84,5.5,Roraima,Boa Vista,Norte,2025
2025-07-26,26.4,30.9,23.0,14.9,82,6.5,Roraima,Boa Vista,Norte,2025
2025-07-27,26.7,31.4,22.7,5.0,80,7.3,Roraima,Boa Vista,Norte,2025
2025-07-28,27.2,31.4,23.3,6.5,77,8.4,Roraima,Boa Vista,Norte,2025
2025-07-29,26.1,30.5,22.7,2.1,83,4.2,Roraima,Boa Vista,Norte,2025
2025-07-30,27.4,31.8,22.7,0.0,78,4.1,Roraima,Boa Vista,Norte,2025
2025-07-31,27.4,31.2,23.6,0.2,76,7.1,Roraima,Boa Vista,Norte,2025
2025-08-01,27.2,31.6,23.2,0.8,78,8.7,Roraima,Boa Vista,Norte,2025
2025-08-02,27.3,31.9,23.5,0.7,74,9.6,Roraima,Boa Vista,Norte,2025
2025-08-03,27.4,32.4,22.9,0.0,69,7.6,Roraima,Boa Vista,Norte,2025
2025-08-04,27.6,32.8,22.9,0.0,69,5.5,Roraima,Boa Vista,Norte,2025
2025-08-05,27.9,32.8,23.6,0.0,70,7.8,Roraima,Boa Vista,Norte,2025
2025-08-06,25.7,29.6,22.3,5.6,83,6.6,Roraima,Boa Vista,Norte,2025
2025-08-07,25.7,28.4,23.4,4.1,84,6.3,Roraima,Boa Vista,Norte,2025
2025-08-08,25.2,27.9,23.7,2.0,86,3.2,Roraima,Boa Vista,Norte,2025
2025-08-09,26.0,29.9,22.3,4.2,80,4.1,Roraima,Boa Vista,Norte,2025
2025-08-10,26.2,30.2,22.9,12.3,80,7.5,Roraima,Boa Vista,Norte,2025
2025-08-11,25.5,30.1,22.4,21.5,85,4.0,Roraima,Boa Vista,Norte,2025
2025-08-12,25.8,29.4,22.2,1.9,83,4.1,Roraima,Boa Vista,Norte,2025
2025-08-13,27.1,31.5,23.1,0.0,78,3.9,Roraima,Boa Vista,Norte,2025
2025-08-14,26.0,30.1,22.7,20.8,84,6.5,Roraima,Boa Vista,Norte,2025
2025-08-15,25.8,30.2,23.5,2.0,87,3.2,Roraima,Boa Vista,Norte,2025
2025-08-16,26.6,31.6,22.5,0.2,81,4.4,Roraima,Boa Vista,Norte,2025
2025-08-17,27.0,30.9,23.6,1.1,82,4.3,Roraima,Boa Vista,Norte,2025
2025-08-18,27.2,31.6,22.9,1.1,78,4.7,Roraima,Boa Vista,Norte,2025
2025-08-19,27.1,31.8,23.8,6.7,79,6.7,Roraima,Boa Vista,Norte,2025
2026-06-01,26.2,30.5,23.3,3.2,83,4.6,Roraima,Boa Vista,Norte,2026
2026-06-02,25.7,30.0,23.3,28.8,89,5.3,Roraima,Boa Vista,Norte,2026
2026-06-03,25.5,28.2,23.1,31.9,91,5.3,Roraima,Boa Vista,Norte,2026
2026-06-04,25.7,29.3,23.5,15.0,91,5.4,Roraima,Boa Vista,Norte,2026
2026-06-05,25.0,28.3,23.1,24.1,92,5.3,Roraima,Boa Vista,Norte,2026
2026-06-06,24.1,25.7,23.3,81.7,94,3.7,Roraima,Boa Vista,Norte,2026
2026-06-07,26.0,30.2,23.0,1.6,83,4.9,Roraima,Boa Vista,Norte,2026
2026-06-08,25.6,29.3,23.7,8.4,87,8.6,Roraima,Boa Vista,Norte,2026
2026-06-09,26.6,30.8,23.5,2.2,80,8.0,Roraima,Boa Vista,Norte,2026
2026-06-10,25.8,28.8,23.8,2.8,85,7.0,Roraima,Boa Vista,Norte,2026
2026-06-11,26.2,30.0,23.0,0.9,82,4.5,Roraima,Boa Vista,Norte,2026
2026-06-12,27.2,30.8,23.7,0.1,78,11.2,Roraima,Boa Vista,Norte,2026
2026-06-13,27.8,32.4,24.5,4.0,73,10.9,Roraima,Boa Vista,Norte,2026
2026-06-14,27.4,32.4,23.3,2.8,76,5.8,Roraima,Boa Vista,Norte,2026
2026-06-15,25.5,28.6,23.5,3.2,86,5.9,Roraima,Boa Vista,Norte,2026
2026-06-16,26.7,31.3,22.5,1.3,76,5.8,Roraima,Boa Vista,Norte,2026
2026-06-17,26.6,30.3,23.2,5.2,79,8.3,Roraima,Boa Vista,Norte,2026
2026-06-18,26.3,30.4,22.4,2.2,82,5.3,Roraima,Boa Vista,Norte,2026
2026-06-19,26.1,30.2,22.5,9.7,83,4.1,Roraima,Boa Vista,Norte,2026
2026-06-20,26.8,31.0,23.4,0.6,80,5.3,Roraima,Boa Vista,Norte,2026
2026-06-21,27.2,31.5,23.1,5.3,80,7.2,Roraima,Boa Vista,Norte,2026
2026-06-22,27.8,31.8,24.6,1.2,74,10.8,Roraima,Boa Vista,Norte,2026
2026-06-23,26.4,29.9,24.0,11.0,84,6.2,Roraima,Boa Vista,Norte,2026
2026-06-24,25.4,29.6,23.1,20.9,90,5.1,Roraima,Boa Vista,Norte,2026
2026-06-25,26.7,31.2,23.2,1.4,83,5.4,Roraima,Boa Vista,Norte,2026
2026-06-26,25.5,29.6,22.4,13.7,87,6.1,Roraima,Boa Vista,Norte,2026
2026-06-27,26.2,29.8,24.2,9.2,88,5.3,Roraima,Boa Vista,Norte,2026
2026-06-28,27.2,31.7,24.1,4.4,79,7.5,Roraima,Boa Vista,Norte,2026
2026-06-29,26.6,30.4,24.1,6.3,85,8.4,Roraima,Boa Vista,Norte,2026
2026-06-30,26.6,31.0,23.1,15.5,83,5.9,Roraima,Boa Vista,Norte,2026
2026-07-01,26.3,30.6,23.8,7.9,87,3.4,Roraima,Boa Vista,Norte,2026
2026-07-02,26.3,31.1,23.4,16.8,85,6.1,Roraima,Boa Vista,Norte,2026
2026-07-03,25.6,29.2,23.6,27.3,88,5.0,Roraima,Boa Vista,Norte,2026
2026-07-04,24.8,27.0,23.3,35.2,93,4.8,Roraima,Boa Vista,Norte,2026
2026-07-05,24.6,27.2,23.2,51.5,94,4.1,Roraima,Boa Vista,Norte,2026
2026-07-06,26.4,30.6,23.0,10.5,84,4.1,Roraima,Boa Vista,Norte,2026
2026-07-07,26.9,31.0,23.6,6.6,83,6.0,Roraima,Boa Vista,Norte,2026
2026-07-08,25.1,26.7,22.9,19.3,91,6.6,Roraima,Boa Vista,Norte,2026
2026-07-09,27.8,31.6,24.6,1.5,75,10.8,Roraima,Boa Vista,Norte,2026
2026-07-10,27.2,30.7,24.6,6.2,78,10.0,Roraima,Boa Vista,Norte,2026
2026-07-11,27.7,31.9,24.3,1.1,73,10.9,Roraima,Boa Vista,Norte,2026
2026-07-12,27.4,31.6,24.3,3.2,75,7.4,Roraima,Boa Vista,Norte,2026
2026-07-13,26.2,31.1,23.3,6.8,85,5.8,Roraima,Boa Vista,Norte,2026
2026-07-14,26.4,30.8,22.7,10.0,82,9.2,Roraima,Boa Vista,Norte,2026
2026-07-15,27.9,32.0,24.1,0.4,71,10.0,Roraima,Boa Vista,Norte,2026
2026-07-16,27.8,32.3,24.6,1.0,75,10.0,Roraima,Boa Vista,Norte,2026
2026-07-17,27.5,31.0,24.3,4.6,80,8.9,Roraima,Boa Vista,Norte,2026
2026-07-18,27.6,32.2,23.9,1.1,79,7.2,Roraima,Boa Vista,Norte,2026
2026-07-19,27.8,32.4,23.3,0.4,75,5.7,Roraima,Boa Vista,Norte,2026
2026-07-20,26.8,30.8,24.1,4.4,81,6.8,Roraima,Boa Vista,Norte,2026
2026-07-21,27.2,30.9,23.7,4.6,81,6.3,Roraima,Boa Vista,Norte,2026
2026-07-22,27.7,31.7,24.2,1.0,74,8.1,Roraima,Boa Vista,Norte,2026
2026-07-23,28.1,33.1,23.3,0.1,70,8.2,Roraima,Boa Vista,Norte,2026
2026-07-24,28.4,33.1,24.4,1.3,70,8.9,Roraima,Boa Vista,Norte,2026
2026-07-25,28.1,32.2,22.7,6.9,74,8.9,Roraima,Boa Vista,Norte,2026
2026-07-26,27.7,32.5,23.5,7.2,75,7.8,Roraima,Boa Vista,Norte,2026
2026-07-27,25.9,30.0,23.5,17.3,88,6.2,Roraima,Boa Vista,Norte,2026
2026-07-28,27.0,31.6,23.3,2.4,81,6.5,Roraima,Boa Vista,Norte,2026
2026-07-29,26.6,31.1,23.3,4.2,83,6.7,Roraima,Boa Vista,Norte,2026
2026-07-30,27.9,31.8,24.4,0.6,73,9.4,Roraima,Boa Vista,Norte,2026
2026-07-31,28.1,32.3,24.2,0.4,72,7.7,Roraima,Boa Vista,Norte,2026
2026-08-01,28.1,32.4,24.2,0.8,71,8.4,Roraima,Boa Vista,Norte,2026
2026-08-02,28.2,32.1,24.6,0.1,67,8.3,Roraima,Boa Vista,Norte,2026
2026-08-03,28.0,31.9,24.8,0.3,72,8.6,Roraima,Boa Vista,Norte,2026
2026-08-04,27.8,32.2,24.9,2.1,75,8.9,Roraima,Boa Vista,Norte,2026
2026-08-05,28.0,31.9,24.6,0.6,73,8.1,Roraima,Boa Vista,Norte,2026
2026-08-06,28.2,32.2,25.1,1.7,74,9.2,Roraima,Boa Vista,Norte,2026
2026-08-07,28.4,32.9,24.7,0.0,72,7.6,Roraima,Boa Vista,Norte,2026
2026-08-08,28.4,32.7,24.3,0.6,74,6.1,Roraima,Boa Vista,Norte,2026
2026-08-09,29.0,33.5,24.4,0.0,68,6.8,Roraima,Boa Vista,Norte,2026
2026-08-10,29.2,33.4,25.2,0.2,66,8.7,Roraima,Boa Vista,Norte,2026
2026-08-11,28.7,33.6,25.0,1.1,68,7.1,Roraima,Boa Vista,Norte,2026
2026-08-12,28.7,33.3,24.6,1.0,72,4.6,Roraima,Boa Vista,Norte,2026
2026-08-13,27.8,32.8,23.9,12.7,77,7.5,Roraima,Boa Vista,Norte,2026
2026-08-14,26.5,29.9,24.2,8.0,87,4.7,Roraima,Boa Vista,Norte,2026
2026-08-15,28.5,32.9,24.5,0.7,76,6.1,Roraima,Boa Vista,Norte,2026
2026-08-16,28.8,32.9,25.1,1.1,71,7.5,Roraima,Boa Vista,Norte,2026
2026-08-17,28.6,32.8,24.6,3.1,70,7.6,Roraima,Boa Vista,Norte,2026
2026-08-18,28.4,33.3,23.7,0.3,73,7.6,Roraima,Boa Vista,Norte,2026
2026-08-19,28.8,33.9,24.7,0.4,70,7.3,Roraima,Boa Vista,Norte,2026
2025-06-01,15.5,18.9,12.7,0.0,79,7.9,Santa Catarina,Florianópolis,Sul,2025
2025-06-02,16.5,21.1,12.1,4.9,81,6.8,Santa Catarina,Florianópolis,Sul,2025
2025-06-03,18.2,21.6,15.6,0.7,90,5.8,Santa Catarina,Florianópolis,Sul,2025
2025-06-04,19.1,24.6,15.4,1.4,87,5.1,Santa Catarina,Florianópolis,Sul,2025
2025-06-05,19.0,21.6,17.6,3.8,93,7.3,Santa Catarina,Florianópolis,Sul,2025
2025-06-06,18.3,20.8,16.7,0.0,77,11.7,Santa Catarina,Florianópolis,Sul,2025
2025-06-07,17.5,19.9,14.9,1.5,83,6.1,Santa Catarina,Florianópolis,Sul,2025
2025-06-08,17.7,20.7,16.5,4.2,84,12.9,Santa Catarina,Florianópolis,Sul,2025
2025-06-09,16.6,19.8,13.8,0.1,74,12.3,Santa Catarina,Florianópolis,Sul,2025
2025-06-10,14.8,18.3,11.4,0.0,77,8.1,Santa Catarina,Florianópolis,Sul,2025
2025-06-11,13.9,18.5,9.6,0.0,73,8.2,Santa Catarina,Florianópolis,Sul,2025
2025-06-12,14.4,18.3,10.7,0.9,77,5.2,Santa Catarina,Florianópolis,Sul,2025
2025-06-13,16.3,20.6,13.0,0.4,79,9.3,Santa Catarina,Florianópolis,Sul,2025
2025-06-14,19.4,22.0,17.3,1.3,76,18.4,Santa Catarina,Florianópolis,Sul,2025
2025-06-15,18.9,22.1,16.5,8.7,88,12.4,Santa Catarina,Florianópolis,Sul,2025
2025-06-16,16.8,21.5,12.8,0.1,85,6.9,Santa Catarina,Florianópolis,Sul,2025
2025-06-17,19.7,24.4,16.4,0.0,89,12.7,Santa Catarina,Florianópolis,Sul,2025
2025-06-18,19.4,24.3,16.8,0.0,93,5.8,Santa Catarina,Florianópolis,Sul,2025
2025-06-19,19.5,23.6,17.6,8.6,92,5.3,Santa Catarina,Florianópolis,Sul,2025
2025-06-20,19.7,23.6,17.5,7.7,90,10.7,Santa Catarina,Florianópolis,Sul,2025
2025-06-21,17.0,20.2,14.5,0.0,78,5.6,Santa Catarina,Florianópolis,Sul,2025
2025-06-22,18.1,21.8,14.8,9.0,88,7.9,Santa Catarina,Florianópolis,Sul,2025
2025-06-23,17.3,18.3,13.4,16.0,88,8.0,Santa Catarina,Florianópolis,Sul,2025
2025-06-24,11.5,15.9,7.7,0.0,39,14.3,Santa Catarina,Florianópolis,Sul,2025
2025-06-25,11.5,17.2,5.5,0.0,62,10.3,Santa Catarina,Florianópolis,Sul,2025
2025-06-26,13.3,14.6,12.1,37.4,91,7.2,Santa Catarina,Florianópolis,Sul,2025
2025-06-27,14.8,17.4,12.5,0.0,76,12.2,Santa Catarina,Florianópolis,Sul,2025
2025-06-28,16.0,18.9,12.7,0.9,85,8.8,Santa Catarina,Florianópolis,Sul,2025
2025-06-29,17.9,21.4,15.8,2.0,86,12.3,Santa Catarina,Florianópolis,Sul,2025
2025-06-30,13.6,15.3,12.6,0.9,74,12.1,Santa Catarina,Florianópolis,Sul,2025
2025-07-01,11.1,12.8,8.7,0.0,61,9.5,Santa Catarina,Florianópolis,Sul,2025
2025-07-02,10.4,15.0,5.4,0.0,70,7.1,Santa Catarina,Florianópolis,Sul,2025
2025-07-03,12.6,17.0,8.3,0.1,78,8.6,Santa Catarina,Florianópolis,Sul,2025
2025-07-04,14.3,19.1,10.7,0.2,83,4.1,Santa Catarina,Florianópolis,Sul,2025
2025-07-05,15.5,21.4,11.6,0.0,80,6.5,Santa Catarina,Florianópolis,Sul,2025
2025-07-06,14.1,19.5,10.5,0.0,80,6.0,Santa Catarina,Florianópolis,Sul,2025
2025-07-07,14.1,20.5,9.6,0.0,80,8.0,Santa Catarina,Florianópolis,Sul,2025
2025-07-08,14.2,19.2,10.0,0.0,84,8.4,Santa Catarina,Florianópolis,Sul,2025
2025-07-09,13.3,18.5,9.9,0.0,86,5.3,Santa Catarina,Florianópolis,Sul,2025
2025-07-10,14.5,19.7,10.2,0.2,85,6.0,Santa Catarina,Florianópolis,Sul,2025
2025-07-11,16.9,22.6,13.6,0.0,87,7.7,Santa Catarina,Florianópolis,Sul,2025
2025-07-12,15.3,18.7,12.9,0.0,92,3.9,Santa Catarina,Florianópolis,Sul,2025
2025-07-13,17.2,22.2,14.0,0.0,87,8.6,Santa Catarina,Florianópolis,Sul,2025
2025-07-14,17.1,22.3,14.0,0.0,87,9.2,Santa Catarina,Florianópolis,Sul,2025
2025-07-15,17.3,21.9,15.0,0.0,91,7.5,Santa Catarina,Florianópolis,Sul,2025
2025-07-16,17.1,22.1,14.3,0.0,90,10.5,Santa Catarina,Florianópolis,Sul,2025
2025-07-17,17.4,23.3,13.7,0.3,86,8.4,Santa Catarina,Florianópolis,Sul,2025
2025-07-18,15.3,19.5,12.5,0.0,72,6.4,Santa Catarina,Florianópolis,Sul,2025
2025-07-19,13.7,18.4,10.6,0.0,83,5.6,Santa Catarina,Florianópolis,Sul,2025
2025-07-20,14.6,19.9,11.6,0.0,87,5.9,Santa Catarina,Florianópolis,Sul,2025
2025-07-21,15.7,20.8,11.9,0.0,86,12.2,Santa Catarina,Florianópolis,Sul,2025
2025-07-22,16.1,22.5,12.2,0.0,85,4.6,Santa Catarina,Florianópolis,Sul,2025
2025-07-23,15.2,17.8,13.1,0.0,81,15.7,Santa Catarina,Florianópolis,Sul,2025
2025-07-24,14.5,15.9,14.0,6.5,80,5.4,Santa Catarina,Florianópolis,Sul,2025
2025-07-25,16.3,18.5,14.1,6.5,94,7.0,Santa Catarina,Florianópolis,Sul,2025
2025-07-26,18.7,23.6,16.4,0.0,87,10.6,Santa Catarina,Florianópolis,Sul,2025
2025-07-27,17.6,20.7,15.2,7.4,93,7.4,Santa Catarina,Florianópolis,Sul,2025
2025-07-28,18.9,23.8,14.8,4.2,67,15.0,Santa Catarina,Florianópolis,Sul,2025
2025-07-29,14.8,19.3,10.6,0.0,55,10.0,Santa Catarina,Florianópolis,Sul,2025
2025-07-30,12.0,17.3,7.8,0.0,70,5.3,Santa Catarina,Florianópolis,Sul,2025
2025-07-31,13.6,19.4,8.9,0.0,79,7.8,Santa Catarina,Florianópolis,Sul,2025
2025-08-01,15.5,20.3,11.0,0.0,82,14.0,Santa Catarina,Florianópolis,Sul,2025
2025-08-02,17.8,21.8,16.4,0.0,87,16.1,Santa Catarina,Florianópolis,Sul,2025
2025-08-03,17.6,22.8,14.9,0.0,92,10.7,Santa Catarina,Florianópolis,Sul,2025
2025-08-04,17.3,20.1,15.7,5.9,95,9.5,Santa Catarina,Florianópolis,Sul,2025
2025-08-05,15.4,16.1,14.9,3.1,83,14.9,Santa Catarina,Florianópolis,Sul,2025
2025-08-06,16.6,19.9,14.5,0.0,77,5.3,Santa Catarina,Florianópolis,Sul,2025
2025-08-07,16.7,22.2,12.8,0.0,83,8.3,Santa Catarina,Florianópolis,Sul,2025
2025-08-08,14.5,15.8,11.8,37.1,89,10.7,Santa Catarina,Florianópolis,Sul,2025
2025-08-09,12.4,17.9,8.2,1.0,78,5.6,Santa Catarina,Florianópolis,Sul,2025
2025-08-10,13.3,18.8,8.8,0.0,75,7.3,Santa Catarina,Florianópolis,Sul,2025
2025-08-11,13.2,18.8,9.0,0.0,79,6.1,Santa Catarina,Florianópolis,Sul,2025
2025-08-12,13.7,19.9,9.1,0.0,81,8.4,Santa Catarina,Florianópolis,Sul,2025
2025-08-13,15.5,22.5,11.1,0.0,77,8.4,Santa Catarina,Florianópolis,Sul,2025
2025-08-14,14.8,18.7,11.6,0.0,78,11.3,Santa Catarina,Florianópolis,Sul,2025
2025-08-15,15.4,18.7,11.2,0.3,79,5.7,Santa Catarina,Florianópolis,Sul,2025
2025-08-16,16.1,19.9,13.2,0.3,84,6.2,Santa Catarina,Florianópolis,Sul,2025
2025-08-17,17.4,23.1,13.9,0.0,84,9.7,Santa Catarina,Florianópolis,Sul,2025
2025-08-18,16.4,21.2,12.6,0.0,88,5.0,Santa Catarina,Florianópolis,Sul,2025
2025-08-19,18.0,20.6,15.5,2.7,90,13.7,Santa Catarina,Florianópolis,Sul,2025
2026-06-01,17.3,20.1,14.7,0.1,84,10.2,Santa Catarina,Florianópolis,Sul,2026
2026-06-02,16.9,19.7,14.9,0.0,78,7.6,Santa Catarina,Florianópolis,Sul,2026
2026-06-03,16.8,21.4,12.9,1.5,86,4.2,Santa Catarina,Florianópolis,Sul,2026
2026-06-04,18.7,22.4,16.3,1.9,88,4.8,Santa Catarina,Florianópolis,Sul,2026
2026-06-05,18.6,22.0,15.3,0.0,82,10.4,Santa Catarina,Florianópolis,Sul,2026
2026-06-06,17.8,23.8,13.5,0.0,86,5.5,Santa Catarina,Florianópolis,Sul,2026
2026-06-07,17.2,21.7,13.9,3.1,88,5.0,Santa Catarina,Florianópolis,Sul,2026
2026-06-08,18.0,22.2,14.7,0.3,91,7.2,Santa Catarina,Florianópolis,Sul,2026
2026-06-09,17.9,22.4,15.7,3.9,88,7.8,Santa Catarina,Florianópolis,Sul,2026
2026-06-10,16.3,18.5,14.6,1.1,86,4.4,Santa Catarina,Florianópolis,Sul,2026
2026-06-11,17.4,20.4,15.7,0.4,93,4.2,Santa Catarina,Florianópolis,Sul,2026
2026-06-12,18.7,21.9,17.2,19.6,90,9.0,Santa Catarina,Florianópolis,Sul,2026
2026-06-13,16.8,21.1,13.6,0.0,76,8.4,Santa Catarina,Florianópolis,Sul,2026
2026-06-14,15.7,19.6,12.9,0.1,83,9.3,Santa Catarina,Florianópolis,Sul,2026
2026-06-15,14.4,15.2,13.7,0.0,70,15.6,Santa Catarina,Florianópolis,Sul,2026
2026-06-16,14.5,18.0,12.3,0.0,76,5.7,Santa Catarina,Florianópolis,Sul,2026
2026-06-17,14.0,19.8,9.7,0.0,77,8.5,Santa Catarina,Florianópolis,Sul,2026
2026-06-18,13.8,17.8,8.8,1.3,85,4.1,Santa Catarina,Florianópolis,Sul,2026
2026-06-19,17.0,21.2,13.7,0.8,86,12.6,Santa Catarina,Florianópolis,Sul,2026
2026-06-20,14.3,15.9,12.6,34.0,93,11.8,Santa Catarina,Florianópolis,Sul,2026
2026-06-21,14.5,18.8,11.7,0.9,86,4.4,Santa Catarina,Florianópolis,Sul,2026
2026-06-22,16.2,19.0,12.6,11.4,90,11.5,Santa Catarina,Florianópolis,Sul,2026
2026-06-23,13.9,16.3,10.9,0.3,75,9.1,Santa Catarina,Florianópolis,Sul,2026
2026-06-24,10.7,14.7,7.9,0.0,75,4.7,Santa Catarina,Florianópolis,Sul,2026
2026-06-25,10.3,16.3,5.8,0.0,72,6.4,Santa Catarina,Florianópolis,Sul,2026
2026-06-26,12.9,20.7,7.0,0.0,78,6.3,Santa Catarina,Florianópolis,Sul,2026
2026-06-27,14.6,21.1,9.2,0.5,85,6.7,Santa Catarina,Florianópolis,Sul,2026
2026-06-28,17.5,21.0,15.3,2.4,95,10.9,Santa Catarina,Florianópolis,Sul,2026
2026-06-29,16.4,17.9,15.1,6.8,85,10.8,Santa Catarina,Florianópolis,Sul,2026
2026-06-30,16.0,19.1,14.3,31.1,91,4.1,Santa Catarina,Florianópolis,Sul,2026
2026-07-01,16.7,21.6,15.2,31.8,95,6.0,Santa Catarina,Florianópolis,Sul,2026
2026-07-02,16.9,20.0,15.5,16.3,99,6.6,Santa Catarina,Florianópolis,Sul,2026
2026-07-03,12.7,15.0,10.5,3.1,78,14.9,Santa Catarina,Florianópolis,Sul,2026
2026-07-04,11.7,16.5,7.5,0.0,77,3.8,Santa Catarina,Florianópolis,Sul,2026
2026-07-05,13.7,18.1,10.4,0.1,84,5.4,Santa Catarina,Florianópolis,Sul,2026
2026-07-06,15.5,20.3,13.0,14.0,91,11.4,Santa Catarina,Florianópolis,Sul,2026
2026-07-07,12.8,14.5,8.8,0.8,82,11.7,Santa Catarina,Florianópolis,Sul,2026
2026-07-08,11.8,17.9,7.8,0.0,78,4.9,Santa Catarina,Florianópolis,Sul,2026
2026-07-09,13.5,19.8,9.0,0.0,89,9.5,Santa Catarina,Florianópolis,Sul,2026
2026-07-10,14.4,18.3,11.1,23.5,92,4.3,Santa Catarina,Florianópolis,Sul,2026
2026-07-11,15.1,16.2,14.2,14.6,97,5.9,Santa Catarina,Florianópolis,Sul,2026
2026-07-12,15.6,18.8,13.4,0.2,86,11.6,Santa Catarina,Florianópolis,Sul,2026
2026-07-13,13.5,17.7,9.5,0.0,77,10.6,Santa Catarina,Florianópolis,Sul,2026
2026-07-14,13.8,19.6,9.6,0.1,83,5.4,Santa Catarina,Florianópolis,Sul,2026
2026-07-15,15.8,20.1,11.7,0.0,86,13.0,Santa Catarina,Florianópolis,Sul,2026
2026-07-16,16.9,21.0,15.2,0.0,89,13.1,Santa Catarina,Florianópolis,Sul,2026
2026-07-17,16.5,21.5,13.6,0.0,90,10.9,Santa Catarina,Florianópolis,Sul,2026
2026-07-18,19.8,26.5,15.3,0.0,78,14.6,Santa Catarina,Florianópolis,Sul,2026
2026-07-19,20.2,28.2,15.6,0.0,77,12.6,Santa Catarina,Florianópolis,Sul,2026
2026-07-20,19.6,25.4,15.7,0.0,80,8.7,Santa Catarina,Florianópolis,Sul,2026
2026-07-21,20.5,27.5,17.0,0.1,83,6.7,Santa Catarina,Florianópolis,Sul,2026
2026-07-22,17.6,21.4,16.3,24.7,93,6.5,Santa Catarina,Florianópolis,Sul,2026
2026-07-23,17.7,21.5,15.8,0.1,80,13.4,Santa Catarina,Florianópolis,Sul,2026
2026-07-24,15.9,20.8,11.6,0.0,84,4.4,Santa Catarina,Florianópolis,Sul,2026
2026-07-25,16.0,21.7,12.8,0.0,90,4.7,Santa Catarina,Florianópolis,Sul,2026
2026-07-26,16.7,21.5,13.7,9.4,91,10.0,Santa Catarina,Florianópolis,Sul,2026
2026-07-27,18.9,25.6,16.1,1.5,93,9.2,Santa Catarina,Florianópolis,Sul,2026
2026-07-28,19.1,22.9,17.4,4.9,94,9.2,Santa Catarina,Florianópolis,Sul,2026
2026-07-29,17.7,20.3,16.0,11.2,90,9.4,Santa Catarina,Florianópolis,Sul,2026
2026-07-30,16.8,21.3,13.8,0.0,88,3.9,Santa Catarina,Florianópolis,Sul,2026
2026-07-31,17.5,21.7,14.3,0.1,90,10.9,Santa Catarina,Florianópolis,Sul,2026
2026-08-01,19.2,22.1,17.2,0.5,88,17.1,Santa Catarina,Florianópolis,Sul,2026
2026-08-02,18.2,21.4,16.0,0.0,88,12.2,Santa Catarina,Florianópolis,Sul,2026
2026-08-03,18.4,23.6,15.0,0.0,88,8.8,Santa Catarina,Florianópolis,Sul,2026
2026-08-04,19.2,23.7,16.8,0.0,92,8.2,Santa Catarina,Florianópolis,Sul,2026
2026-08-05,18.9,21.6,17.5,15.5,97,5.0,Santa Catarina,Florianópolis,Sul,2026
2026-08-06,20.0,24.3,16.5,0.1,87,9.9,Santa Catarina,Florianópolis,Sul,2026
2026-08-07,18.0,23.5,15.7,1.4,81,15.5,Santa Catarina,Florianópolis,Sul,2026
2026-08-08,17.0,19.8,15.0,2.4,87,8.1,Santa Catarina,Florianópolis,Sul,2026
2026-08-09,14.9,17.1,12.8,5.4,79,16.0,Santa Catarina,Florianópolis,Sul,2026
2026-08-10,14.2,16.4,12.9,0.1,61,15.2,Santa Catarina,Florianópolis,Sul,2026
2026-08-11,14.1,17.8,12.2,6.5,75,4.7,Santa Catarina,Florianópolis,Sul,2026
2026-08-12,14.4,15.7,13.2,19.1,96,6.6,Santa Catarina,Florianópolis,Sul,2026
2026-08-13,17.1,20.4,14.9,19.8,94,6.9,Santa Catarina,Florianópolis,Sul,2026
2026-08-14,17.2,17.8,16.7,18.5,96,13.4,Santa Catarina,Florianópolis,Sul,2026
2026-08-15,18.0,18.8,16.9,59.8,97,9.3,Santa Catarina,Florianópolis,Sul,2026
2026-08-16,20.0,21.3,18.7,1.7,93,17.1,Santa Catarina,Florianópolis,Sul,2026
2026-08-17,20.8,24.1,19.0,0.2,91,14.7,Santa Catarina,Florianópolis,Sul,2026
2026-08-18,21.5,28.1,18.6,0.0,92,9.6,Santa Catarina,Florianópolis,Sul,2026
2026-08-19,20.5,24.6,18.4,0.0,90,13.3,Santa Catarina,Florianópolis,Sul,2026
2025-06-01,16.8,23.4,12.4,0.1,77,4.9,São Paulo,São Paulo,Sudeste,2025
2025-06-02,18.5,23.6,15.6,0.0,76,7.7,São Paulo,São Paulo,Sudeste,2025
2025-06-03,17.8,22.7,14.8,1.8,81,6.4,São Paulo,São Paulo,Sudeste,2025
2025-06-04,20.0,25.4,14.6,0.0,70,7.3,São Paulo,São Paulo,Sudeste,2025
2025-06-05,19.9,26.0,16.6,4.8,75,8.2,São Paulo,São Paulo,Sudeste,2025
2025-06-06,17.6,19.5,16.4,2.2,87,6.4,São Paulo,São Paulo,Sudeste,2025
2025-06-07,17.6,20.7,15.3,0.0,87,4.8,São Paulo,São Paulo,Sudeste,2025
2025-06-08,17.5,21.9,14.8,4.0,86,6.7,São Paulo,São Paulo,Sudeste,2025
2025-06-09,15.6,18.8,14.2,8.1,90,4.1,São Paulo,São Paulo,Sudeste,2025
2025-06-10,14.5,17.3,12.9,1.8,87,6.2,São Paulo,São Paulo,Sudeste,2025
2025-06-11,12.9,15.8,10.2,0.4,86,7.7,São Paulo,São Paulo,Sudeste,2025
2025-06-12,11.7,14.9,9.8,0.4,83,9.4,São Paulo,São Paulo,Sudeste,2025
2025-06-13,12.6,17.6,9.0,0.0,83,10.4,São Paulo,São Paulo,Sudeste,2025
2025-06-14,13.8,20.5,9.1,0.0,75,10.1,São Paulo,São Paulo,Sudeste,2025
2025-06-15,15.4,19.8,12.1,1.1,69,10.2,São Paulo,São Paulo,Sudeste,2025
2025-06-16,16.7,22.6,10.9,0.0,77,4.4,São Paulo,São Paulo,Sudeste,2025
2025-06-17,17.3,23.8,11.7,0.0,71,6.4,São Paulo,São Paulo,Sudeste,2025
2025-06-18,17.4,22.7,11.8,0.0,62,7.4,São Paulo,São Paulo,Sudeste,2025
2025-06-19,18.9,24.9,13.0,0.0,61,5.5,São Paulo,São Paulo,Sudeste,2025
2025-06-20,19.1,24.9,12.5,0.0,61,7.2,São Paulo,São Paulo,Sudeste,2025
2025-06-21,18.7,23.2,16.1,2.8,69,8.4,São Paulo,São Paulo,Sudeste,2025
2025-06-22,19.2,23.6,16.0,1.3,72,6.6,São Paulo,São Paulo,Sudeste,2025
2025-06-23,19.3,24.7,16.9,7.9,68,16.5,São Paulo,São Paulo,Sudeste,2025
2025-06-24,13.5,16.7,7.9,4.6,73,11.2,São Paulo,São Paulo,Sudeste,2025
2025-06-25,11.0,17.1,5.5,0.0,76,7.2,São Paulo,São Paulo,Sudeste,2025
2025-06-26,17.8,24.9,10.7,0.0,68,9.8,São Paulo,São Paulo,Sudeste,2025
2025-06-27,18.2,23.6,15.7,7.6,82,8.1,São Paulo,São Paulo,Sudeste,2025
2025-06-28,19.0,24.9,15.4,0.0,81,7.6,São Paulo,São Paulo,Sudeste,2025
2025-06-29,21.0,25.4,17.7,0.0,62,14.2,São Paulo,São Paulo,Sudeste,2025
2025-06-30,17.0,21.7,14.8,0.1,85,8.2,São Paulo,São Paulo,Sudeste,2025
2025-07-01,13.6,14.9,11.4,0.4,89,10.5,São Paulo,São Paulo,Sudeste,2025
2025-07-02,11.3,12.5,10.7,0.6,89,10.8,São Paulo,São Paulo,Sudeste,2025
2025-07-03,12.0,14.3,10.6,2.0,88,8.9,São Paulo,São Paulo,Sudeste,2025
2025-07-04,13.8,18.5,11.8,0.4,85,8.3,São Paulo,São Paulo,Sudeste,2025
2025-07-05,14.8,20.4,11.2,0.0,79,5.4,São Paulo,São Paulo,Sudeste,2025
2025-07-06,13.6,19.3,10.1,0.0,81,4.9,São Paulo,São Paulo,Sudeste,2025
2025-07-07,14.1,19.5,10.7,0.0,79,7.0,São Paulo,São Paulo,Sudeste,2025
2025-07-08,15.9,22.3,11.5,0.0,70,6.0,São Paulo,São Paulo,Sudeste,2025
2025-07-09,13.9,20.0,9.1,0.0,78,7.1,São Paulo,São Paulo,Sudeste,2025
2025-07-10,15.2,21.4,11.7,0.0,76,7.9,São Paulo,São Paulo,Sudeste,2025
2025-07-11,16.6,22.0,12.1,0.1,74,5.2,São Paulo,São Paulo,Sudeste,2025
2025-07-12,17.6,22.9,13.6,0.0,66,7.8,São Paulo,São Paulo,Sudeste,2025
2025-07-13,16.9,22.5,14.0,0.0,64,8.4,São Paulo,São Paulo,Sudeste,2025
2025-07-14,15.8,21.8,11.6,0.0,68,5.5,São Paulo,São Paulo,Sudeste,2025
2025-07-15,15.9,22.5,9.3,0.0,63,4.8,São Paulo,São Paulo,Sudeste,2025
2025-07-16,16.7,22.9,10.9,0.0,54,6.1,São Paulo,São Paulo,Sudeste,2025
2025-07-17,17.6,23.8,10.4,0.0,48,7.4,São Paulo,São Paulo,Sudeste,2025
2025-07-18,18.1,24.0,13.6,0.0,57,9.9,São Paulo,São Paulo,Sudeste,2025
2025-07-19,14.4,20.5,10.3,0.0,68,5.5,São Paulo,São Paulo,Sudeste,2025
2025-07-20,14.3,21.2,9.2,0.0,76,6.6,São Paulo,São Paulo,Sudeste,2025
2025-07-21,17.1,24.9,11.7,0.0,73,5.7,São Paulo,São Paulo,Sudeste,2025
2025-07-22,18.8,25.3,13.3,0.0,65,6.0,São Paulo,São Paulo,Sudeste,2025
2025-07-23,16.7,21.5,13.0,0.0,65,5.2,São Paulo,São Paulo,Sudeste,2025
2025-07-24,16.0,22.1,12.5,0.1,79,8.8,São Paulo,São Paulo,Sudeste,2025
2025-07-25,15.8,18.6,13.6,5.1,85,5.9,São Paulo,São Paulo,Sudeste,2025
2025-07-26,17.4,23.8,12.4,0.0,71,6.6,São Paulo,São Paulo,Sudeste,2025
2025-07-27,19.8,26.5,12.6,0.0,58,9.7,São Paulo,São Paulo,Sudeste,2025
2025-07-28,20.2,23.3,17.2,1.7,63,20.1,São Paulo,São Paulo,Sudeste,2025
2025-07-29,14.4,18.8,10.5,0.1,58,9.4,São Paulo,São Paulo,Sudeste,2025
2025-07-30,11.4,16.4,7.6,0.0,69,7.2,São Paulo,São Paulo,Sudeste,2025
2025-07-31,12.6,19.8,7.0,0.0,72,8.5,São Paulo,São Paulo,Sudeste,2025
2025-08-01,15.8,23.7,9.2,0.0,68,8.2,São Paulo,São Paulo,Sudeste,2025
2025-08-02,18.3,26.3,10.5,0.0,55,6.8,São Paulo,São Paulo,Sudeste,2025
2025-08-03,18.9,25.3,12.1,0.0,45,7.1,São Paulo,São Paulo,Sudeste,2025
2025-08-04,17.2,22.5,12.4,0.0,58,4.9,São Paulo,São Paulo,Sudeste,2025
2025-08-05,15.9,20.0,13.4,0.8,79,7.0,São Paulo,São Paulo,Sudeste,2025
2025-08-06,15.5,18.9,13.6,0.5,80,9.9,São Paulo,São Paulo,Sudeste,2025
2025-08-07,17.6,25.3,12.7,0.0,69,5.0,São Paulo,São Paulo,Sudeste,2025
2025-08-08,17.9,25.3,12.4,6.6,73,9.4,São Paulo,São Paulo,Sudeste,2025
2025-08-09,14.1,18.3,10.2,2.3,73,8.9,São Paulo,São Paulo,Sudeste,2025
2025-08-10,11.3,15.1,8.8,0.5,79,7.6,São Paulo,São Paulo,Sudeste,2025
2025-08-11,11.3,17.2,7.3,0.0,80,6.5,São Paulo,São Paulo,Sudeste,2025
2025-08-12,13.2,19.4,10.2,0.0,75,6.9,São Paulo,São Paulo,Sudeste,2025
2025-08-13,16.6,24.9,9.7,0.0,60,5.7,São Paulo,São Paulo,Sudeste,2025
2025-08-14,14.6,19.2,11.7,0.0,70,8.0,São Paulo,São Paulo,Sudeste,2025
2025-08-15,14.8,20.7,10.7,0.0,74,11.0,São Paulo,São Paulo,Sudeste,2025
2025-08-16,16.3,23.4,12.8,0.0,77,9.2,São Paulo,São Paulo,Sudeste,2025
2025-08-17,17.9,25.5,13.6,0.0,75,6.2,São Paulo,São Paulo,Sudeste,2025
2025-08-18,16.7,23.6,12.5,0.0,77,7.0,São Paulo,São Paulo,Sudeste,2025
2025-08-19,18.6,26.8,12.5,0.0,69,10.5,São Paulo,São Paulo,Sudeste,2025
2026-06-01,15.1,20.2,13.1,0.0,85,5.1,São Paulo,São Paulo,Sudeste,2026
2026-06-02,15.0,20.1,11.3,0.0,82,7.6,São Paulo,São Paulo,Sudeste,2026
2026-06-03,16.7,22.0,14.1,0.0,80,8.4,São Paulo,São Paulo,Sudeste,2026
2026-06-04,16.7,22.4,14.0,0.0,80,9.1,São Paulo,São Paulo,Sudeste,2026
2026-06-05,15.6,21.1,11.5,0.0,78,7.6,São Paulo,São Paulo,Sudeste,2026
2026-06-06,16.1,22.5,11.5,0.0,69,6.2,São Paulo,São Paulo,Sudeste,2026
2026-06-07,16.4,22.8,10.3,0.0,63,4.2,São Paulo,São Paulo,Sudeste,2026
2026-06-08,16.8,23.7,9.2,0.0,64,6.0,São Paulo,São Paulo,Sudeste,2026
2026-06-09,17.5,23.6,11.4,0.0,61,6.3,São Paulo,São Paulo,Sudeste,2026
2026-06-10,17.5,24.5,12.0,3.8,69,3.2,São Paulo,São Paulo,Sudeste,2026
2026-06-11,16.6,19.0,15.1,7.4,87,6.1,São Paulo,São Paulo,Sudeste,2026
2026-06-12,17.0,19.9,14.3,2.7,84,13.9,São Paulo,São Paulo,Sudeste,2026
2026-06-13,17.8,22.0,15.4,3.9,85,14.0,São Paulo,São Paulo,Sudeste,2026
2026-06-14,18.4,21.7,15.8,1.2,86,8.9,São Paulo,São Paulo,Sudeste,2026
2026-06-15,15.7,16.8,14.3,17.0,93,7.2,São Paulo,São Paulo,Sudeste,2026
2026-06-16,15.0,17.6,13.7,1.0,90,5.6,São Paulo,São Paulo,Sudeste,2026
2026-06-17,14.0,18.9,10.0,0.0,81,3.2,São Paulo,São Paulo,Sudeste,2026
2026-06-18,12.9,18.2,9.6,0.0,78,8.2,São Paulo,São Paulo,Sudeste,2026
2026-06-19,15.6,23.3,9.6,0.0,75,8.6,São Paulo,São Paulo,Sudeste,2026
2026-06-20,17.7,22.8,13.4,7.1,74,9.2,São Paulo,São Paulo,Sudeste,2026
2026-06-21,15.6,20.4,11.4,0.0,78,5.3,São Paulo,São Paulo,Sudeste,2026
2026-06-22,17.8,25.1,10.9,0.0,65,9.0,São Paulo,São Paulo,Sudeste,2026
2026-06-23,17.3,20.8,13.1,26.3,85,9.7,São Paulo,São Paulo,Sudeste,2026
2026-06-24,12.8,14.9,11.6,21.3,93,5.6,São Paulo,São Paulo,Sudeste,2026
2026-06-25,11.4,12.6,10.7,3.8,95,7.6,São Paulo,São Paulo,Sudeste,2026
2026-06-26,15.2,19.7,11.3,0.5,92,5.3,São Paulo,São Paulo,Sudeste,2026
2026-06-27,18.2,24.2,14.4,0.0,86,4.2,São Paulo,São Paulo,Sudeste,2026
2026-06-28,19.1,25.1,14.7,0.0,78,6.4,São Paulo,São Paulo,Sudeste,2026
2026-06-29,20.0,25.5,16.4,0.1,72,7.6,São Paulo,São Paulo,Sudeste,2026
2026-06-30,20.1,26.0,15.9,0.0,72,7.1,São Paulo,São Paulo,Sudeste,2026
2026-07-01,20.8,26.2,16.6,0.0,64,8.9,São Paulo,São Paulo,Sudeste,2026
2026-07-02,20.0,25.7,15.4,0.0,66,6.6,São Paulo,São Paulo,Sudeste,2026
2026-07-03,18.1,25.4,13.7,0.1,76,6.8,São Paulo,São Paulo,Sudeste,2026
2026-07-04,15.3,18.9,12.7,0.0,85,7.0,São Paulo,São Paulo,Sudeste,2026
2026-07-05,14.7,20.5,12.5,0.0,84,6.3,São Paulo,São Paulo,Sudeste,2026
2026-07-06,17.2,23.9,12.6,0.0,74,6.3,São Paulo,São Paulo,Sudeste,2026
2026-07-07,15.9,19.6,13.4,1.3,80,7.2,São Paulo,São Paulo,Sudeste,2026
2026-07-08,16.0,21.4,13.0,0.0,73,4.0,São Paulo,São Paulo,Sudeste,2026
2026-07-09,16.5,23.2,11.4,0.0,69,2.9,São Paulo,São Paulo,Sudeste,2026
2026-07-10,18.3,25.6,11.2,0.0,58,7.4,São Paulo,São Paulo,Sudeste,2026
2026-07-11,19.7,27.1,11.9,0.3,61,8.7,São Paulo,São Paulo,Sudeste,2026
2026-07-12,17.0,22.4,13.3,7.5,81,12.7,São Paulo,São Paulo,Sudeste,2026
2026-07-13,13.2,17.1,9.8,0.6,73,8.9,São Paulo,São Paulo,Sudeste,2026
2026-07-14,12.7,18.0,9.1,0.1,79,8.9,São Paulo,São Paulo,Sudeste,2026
2026-07-15,14.6,21.6,9.6,0.0,72,7.9,São Paulo,São Paulo,Sudeste,2026
2026-07-16,16.5,24.9,8.9,0.0,64,6.5,São Paulo,São Paulo,Sudeste,2026
2026-07-17,17.5,24.4,12.1,0.0,51,9.8,São Paulo,São Paulo,Sudeste,2026
2026-07-18,17.9,23.7,13.0,0.0,51,12.6,São Paulo,São Paulo,Sudeste,2026
2026-07-19,19.2,25.1,14.2,0.0,49,12.5,São Paulo,São Paulo,Sudeste,2026
2026-07-20,20.6,26.3,15.7,0.0,48,11.3,São Paulo,São Paulo,Sudeste,2026
2026-07-21,21.2,27.2,15.9,0.0,47,10.0,São Paulo,São Paulo,Sudeste,2026
2026-07-22,20.8,27.0,17.3,0.0,51,8.3,São Paulo,São Paulo,Sudeste,2026
2026-07-23,18.4,23.0,15.1,0.9,72,7.8,São Paulo,São Paulo,Sudeste,2026
2026-07-24,15.1,17.2,13.2,7.5,87,5.2,São Paulo,São Paulo,Sudeste,2026
2026-07-25,16.2,19.3,13.9,1.1,86,5.6,São Paulo,São Paulo,Sudeste,2026
2026-07-26,17.0,23.6,12.0,0.0,79,3.9,São Paulo,São Paulo,Sudeste,2026
2026-07-27,18.7,26.7,11.1,0.0,72,2.6,São Paulo,São Paulo,Sudeste,2026
2026-07-28,20.5,27.5,13.8,0.0,61,7.1,São Paulo,São Paulo,Sudeste,2026
2026-07-29,20.3,29.2,15.6,6.9,59,10.9,São Paulo,São Paulo,Sudeste,2026
2026-07-30,16.5,20.9,13.5,0.0,77,8.0,São Paulo,São Paulo,Sudeste,2026
2026-07-31,17.5,24.4,13.2,0.0,75,9.6,São Paulo,São Paulo,Sudeste,2026
2026-08-01,19.1,26.6,13.2,0.0,64,7.3,São Paulo,São Paulo,Sudeste,2026
2026-08-02,20.9,27.2,15.0,0.0,54,6.8,São Paulo,São Paulo,Sudeste,2026
2026-08-03,20.1,25.9,14.7,0.0,57,4.5,São Paulo,São Paulo,Sudeste,2026
2026-08-04,20.4,25.8,14.5,0.0,61,5.6,São Paulo,São Paulo,Sudeste,2026
2026-08-05,21.6,27.9,15.4,0.6,52,6.9,São Paulo,São Paulo,Sudeste,2026
2026-08-06,21.1,27.7,16.5,2.2,63,11.3,São Paulo,São Paulo,Sudeste,2026
2026-08-07,20.0,24.5,17.3,7.7,69,15.4,São Paulo,São Paulo,Sudeste,2026
2026-08-08,21.4,26.8,16.5,3.2,75,11.2,São Paulo,São Paulo,Sudeste,2026
2026-08-09,19.8,24.6,15.0,5.0,77,9.6,São Paulo,São Paulo,Sudeste,2026
2026-08-10,14.9,18.1,13.2,2.0,89,12.3,São Paulo,São Paulo,Sudeste,2026
2026-08-11,14.1,16.8,12.5,0.2,88,11.3,São Paulo,São Paulo,Sudeste,2026
2026-08-12,18.0,24.7,13.7,0.0,84,5.0,São Paulo,São Paulo,Sudeste,2026
2026-08-13,22.1,28.7,16.7,0.1,70,8.9,São Paulo,São Paulo,Sudeste,2026
2026-08-14,20.3,25.7,17.0,0.5,79,7.1,São Paulo,São Paulo,Sudeste,2026
2026-08-15,18.5,22.1,16.4,8.2,88,6.7,São Paulo,São Paulo,Sudeste,2026
2026-08-16,19.8,26.3,15.1,0.0,78,8.9,São Paulo,São Paulo,Sudeste,2026
2026-08-17,21.3,28.8,14.9,0.0,72,6.7,São Paulo,São Paulo,Sudeste,2026
2026-08-18,23.1,30.1,16.0,0.0,58,5.1,São Paulo,São Paulo,Sudeste,2026
2026-08-19,23.4,30.7,15.6,0.0,52,4.8,São Paulo,São Paulo,Sudeste,2026
2025-06-01,24.7,27.1,22.5,4.1,85,8.4,Sergipe,Aracaju,Nordeste,2025
2025-06-02,24.3,25.7,22.9,19.0,87,12.4,Sergipe,Aracaju,Nordeste,2025
2025-06-03,25.4,26.9,23.4,4.4,78,14.1,Sergipe,Aracaju,Nordeste,2025
2025-06-04,25.3,28.0,22.8,5.9,79,13.3,Sergipe,Aracaju,Nordeste,2025
2025-06-05,26.0,28.3,24.3,1.3,75,10.2,Sergipe,Aracaju,Nordeste,2025
2025-06-06,24.9,26.9,22.7,3.1,84,10.1,Sergipe,Aracaju,Nordeste,2025
2025-06-07,25.4,27.2,23.8,2.4,80,11.4,Sergipe,Aracaju,Nordeste,2025
2025-06-08,25.0,27.0,23.3,9.4,82,13.4,Sergipe,Aracaju,Nordeste,2025
2025-06-09,25.3,28.1,21.6,0.2,80,6.7,Sergipe,Aracaju,Nordeste,2025
2025-06-10,25.5,28.0,22.6,1.3,87,7.5,Sergipe,Aracaju,Nordeste,2025
2025-06-11,25.8,28.4,23.5,1.0,81,7.3,Sergipe,Aracaju,Nordeste,2025
2025-06-12,25.6,27.8,23.0,1.0,77,9.0,Sergipe,Aracaju,Nordeste,2025
2025-06-13,23.8,25.1,22.4,25.8,87,14.9,Sergipe,Aracaju,Nordeste,2025
2025-06-14,24.9,27.3,23.2,10.3,73,23.9,Sergipe,Aracaju,Nordeste,2025
2025-06-15,24.7,25.9,23.2,18.9,78,20.2,Sergipe,Aracaju,Nordeste,2025
2025-06-16,23.6,24.7,22.9,45.4,92,9.8,Sergipe,Aracaju,Nordeste,2025
2025-06-17,24.1,25.4,23.0,33.7,87,15.6,Sergipe,Aracaju,Nordeste,2025
2025-06-18,25.8,27.1,24.8,0.5,68,19.0,Sergipe,Aracaju,Nordeste,2025
2025-06-19,24.4,25.7,22.9,11.2,81,14.2,Sergipe,Aracaju,Nordeste,2025
2025-06-20,24.9,26.9,22.8,5.2,79,11.3,Sergipe,Aracaju,Nordeste,2025
2025-06-21,25.3,26.8,24.1,1.7,77,11.5,Sergipe,Aracaju,Nordeste,2025
2025-06-22,25.2,27.1,23.7,0.2,76,9.6,Sergipe,Aracaju,Nordeste,2025
2025-06-23,25.0,26.7,23.4,3.9,80,10.1,Sergipe,Aracaju,Nordeste,2025
2025-06-24,23.9,25.4,22.8,13.4,92,5.2,Sergipe,Aracaju,Nordeste,2025
2025-06-25,24.8,26.2,22.8,5.8,85,10.4,Sergipe,Aracaju,Nordeste,2025
2025-06-26,25.4,27.4,23.5,2.5,77,16.1,Sergipe,Aracaju,Nordeste,2025
2025-06-27,23.9,25.6,22.8,15.9,88,12.3,Sergipe,Aracaju,Nordeste,2025
2025-06-28,25.4,27.5,23.0,3.0,74,16.1,Sergipe,Aracaju,Nordeste,2025
2025-06-29,24.4,26.5,22.8,16.5,81,15.5,Sergipe,Aracaju,Nordeste,2025
2025-06-30,23.8,25.4,22.9,20.7,88,13.9,Sergipe,Aracaju,Nordeste,2025
2025-07-01,24.6,27.0,22.4,5.7,79,12.7,Sergipe,Aracaju,Nordeste,2025
2025-07-02,25.1,27.4,23.9,0.3,69,15.2,Sergipe,Aracaju,Nordeste,2025
2025-07-03,24.2,26.5,21.6,6.2,76,15.8,Sergipe,Aracaju,Nordeste,2025
2025-07-04,24.2,26.7,21.7,5.1,79,10.6,Sergipe,Aracaju,Nordeste,2025
2025-07-05,23.0,24.8,21.1,4.8,87,10.3,Sergipe,Aracaju,Nordeste,2025
2025-07-06,23.6,26.0,21.2,1.2,85,8.9,Sergipe,Aracaju,Nordeste,2025
2025-07-07,23.3,25.4,22.0,17.7,88,13.3,Sergipe,Aracaju,Nordeste,2025
2025-07-08,23.2,25.6,21.5,14.0,83,13.5,Sergipe,Aracaju,Nordeste,2025
2025-07-09,23.7,26.0,21.0,0.9,76,11.7,Sergipe,Aracaju,Nordeste,2025
2025-07-10,24.2,26.2,22.4,0.8,74,13.4,Sergipe,Aracaju,Nordeste,2025
2025-07-11,24.1,25.7,23.0,2.6,77,16.3,Sergipe,Aracaju,Nordeste,2025
2025-07-12,24.2,25.8,22.4,2.0,71,16.5,Sergipe,Aracaju,Nordeste,2025
2025-07-13,22.9,26.1,20.5,4.5,85,10.3,Sergipe,Aracaju,Nordeste,2025
2025-07-14,23.9,26.3,21.3,2.4,77,13.6,Sergipe,Aracaju,Nordeste,2025
2025-07-15,24.5,26.2,23.3,0.2,72,14.0,Sergipe,Aracaju,Nordeste,2025
2025-07-16,23.4,25.2,20.9,1.3,79,11.8,Sergipe,Aracaju,Nordeste,2025
2025-07-17,23.1,25.6,20.3,6.6,85,9.7,Sergipe,Aracaju,Nordeste,2025
2025-07-18,23.7,25.3,22.0,6.2,85,9.4,Sergipe,Aracaju,Nordeste,2025
2025-07-19,24.5,26.6,22.6,2.6,82,10.0,Sergipe,Aracaju,Nordeste,2025
2025-07-20,24.2,25.9,22.7,1.4,80,11.8,Sergipe,Aracaju,Nordeste,2025
2025-07-21,23.5,26.0,20.5,1.0,81,9.1,Sergipe,Aracaju,Nordeste,2025
2025-07-22,24.1,26.1,22.2,1.1,83,10.0,Sergipe,Aracaju,Nordeste,2025
2025-07-23,24.0,25.6,22.6,2.9,87,9.5,Sergipe,Aracaju,Nordeste,2025
2025-07-24,24.8,26.7,22.4,2.4,78,14.6,Sergipe,Aracaju,Nordeste,2025
2025-07-25,24.2,26.0,22.4,1.1,77,12.5,Sergipe,Aracaju,Nordeste,2025
2025-07-26,24.8,27.0,23.3,0.0,65,12.8,Sergipe,Aracaju,Nordeste,2025
2025-07-27,24.8,26.4,23.8,0.8,69,15.8,Sergipe,Aracaju,Nordeste,2025
2025-07-28,24.7,26.4,23.2,0.5,73,13.0,Sergipe,Aracaju,Nordeste,2025
2025-07-29,25.1,27.2,23.5,0.2,76,9.2,Sergipe,Aracaju,Nordeste,2025
2025-07-30,24.6,27.7,20.4,0.0,80,8.1,Sergipe,Aracaju,Nordeste,2025
2025-07-31,25.3,27.4,22.9,1.1,71,12.9,Sergipe,Aracaju,Nordeste,2025
2025-08-01,22.7,24.3,21.5,25.0,90,13.8,Sergipe,Aracaju,Nordeste,2025
2025-08-02,23.6,24.8,22.1,33.7,83,20.8,Sergipe,Aracaju,Nordeste,2025
2025-08-03,23.9,25.5,22.7,7.4,77,19.1,Sergipe,Aracaju,Nordeste,2025
2025-08-04,24.2,25.5,23.0,2.1,76,17.3,Sergipe,Aracaju,Nordeste,2025
2025-08-05,23.7,25.0,21.8,3.2,83,11.7,Sergipe,Aracaju,Nordeste,2025
2025-08-06,24.4,26.7,22.6,1.8,78,12.2,Sergipe,Aracaju,Nordeste,2025
2025-08-07,23.8,26.3,21.7,2.5,79,9.6,Sergipe,Aracaju,Nordeste,2025
2025-08-08,23.8,25.8,20.7,0.6,81,8.4,Sergipe,Aracaju,Nordeste,2025
2025-08-09,24.3,26.5,21.1,0.2,84,8.0,Sergipe,Aracaju,Nordeste,2025
2025-08-10,24.9,27.6,22.0,0.1,83,10.4,Sergipe,Aracaju,Nordeste,2025
2025-08-11,25.3,27.2,24.1,1.7,82,11.7,Sergipe,Aracaju,Nordeste,2025
2025-08-12,24.9,27.2,23.3,1.7,79,11.6,Sergipe,Aracaju,Nordeste,2025
2025-08-13,24.7,27.4,22.6,1.7,78,10.6,Sergipe,Aracaju,Nordeste,2025
2025-08-14,25.2,27.6,23.5,1.2,71,12.1,Sergipe,Aracaju,Nordeste,2025
2025-08-15,25.3,27.4,23.4,0.2,68,15.1,Sergipe,Aracaju,Nordeste,2025
2025-08-16,25.5,27.7,23.9,0.4,63,15.3,Sergipe,Aracaju,Nordeste,2025
2025-08-17,25.2,27.0,23.5,0.2,65,13.4,Sergipe,Aracaju,Nordeste,2025
2025-08-18,22.8,24.6,21.1,7.8,85,10.9,Sergipe,Aracaju,Nordeste,2025
2025-08-19,24.1,25.9,21.8,1.2,70,18.5,Sergipe,Aracaju,Nordeste,2025
2026-06-01,25.3,28.2,22.3,3.2,81,9.5,Sergipe,Aracaju,Nordeste,2026
2026-06-02,25.9,28.0,22.6,0.0,71,8.6,Sergipe,Aracaju,Nordeste,2026
2026-06-03,26.6,28.3,24.2,1.6,70,11.5,Sergipe,Aracaju,Nordeste,2026
2026-06-04,26.2,28.7,23.7,6.9,74,16.4,Sergipe,Aracaju,Nordeste,2026
2026-06-05,25.0,27.6,23.4,6.8,79,16.2,Sergipe,Aracaju,Nordeste,2026
2026-06-06,24.8,26.6,22.7,8.5,75,16.9,Sergipe,Aracaju,Nordeste,2026
2026-06-07,25.9,27.4,24.8,0.6,67,12.5,Sergipe,Aracaju,Nordeste,2026
2026-06-08,25.3,27.2,24.2,4.7,78,12.7,Sergipe,Aracaju,Nordeste,2026
2026-06-09,25.3,26.7,23.8,2.2,75,15.0,Sergipe,Aracaju,Nordeste,2026
2026-06-10,25.7,27.6,24.4,1.2,76,12.8,Sergipe,Aracaju,Nordeste,2026
2026-06-11,25.8,27.3,24.3,0.1,75,11.1,Sergipe,Aracaju,Nordeste,2026
2026-06-12,25.8,28.1,23.7,0.0,73,6.5,Sergipe,Aracaju,Nordeste,2026
2026-06-13,25.7,28.5,22.9,0.3,79,6.1,Sergipe,Aracaju,Nordeste,2026
2026-06-14,26.1,28.0,23.8,0.4,77,9.3,Sergipe,Aracaju,Nordeste,2026
2026-06-15,26.2,28.5,23.8,0.6,77,8.1,Sergipe,Aracaju,Nordeste,2026
2026-06-16,25.9,28.3,24.0,4.0,81,9.0,Sergipe,Aracaju,Nordeste,2026
2026-06-17,26.0,28.7,23.0,0.4,81,8.3,Sergipe,Aracaju,Nordeste,2026
2026-06-18,25.9,28.2,23.2,2.7,79,11.0,Sergipe,Aracaju,Nordeste,2026
2026-06-19,25.0,27.0,23.1,17.6,75,20.1,Sergipe,Aracaju,Nordeste,2026
2026-06-20,24.4,26.1,22.4,5.7,78,13.6,Sergipe,Aracaju,Nordeste,2026
2026-06-21,24.6,27.5,20.6,0.0,72,9.2,Sergipe,Aracaju,Nordeste,2026
2026-06-22,25.0,27.8,21.0,0.6,72,11.1,Sergipe,Aracaju,Nordeste,2026
2026-06-23,24.1,26.0,22.1,11.5,87,9.1,Sergipe,Aracaju,Nordeste,2026
2026-06-24,25.7,27.4,24.3,1.8,75,10.8,Sergipe,Aracaju,Nordeste,2026
2026-06-25,25.0,27.4,22.6,11.4,80,11.2,Sergipe,Aracaju,Nordeste,2026
2026-06-26,25.2,26.8,23.5,15.8,84,15.8,Sergipe,Aracaju,Nordeste,2026
2026-06-27,25.6,27.6,23.2,8.9,76,16.3,Sergipe,Aracaju,Nordeste,2026
2026-06-28,24.7,26.3,23.4,11.6,80,13.7,Sergipe,Aracaju,Nordeste,2026
2026-06-29,24.8,26.5,22.6,16.6,82,14.8,Sergipe,Aracaju,Nordeste,2026
2026-06-30,25.1,26.5,24.0,6.2,76,13.5,Sergipe,Aracaju,Nordeste,2026
2026-07-01,25.9,27.8,24.4,2.1,68,16.7,Sergipe,Aracaju,Nordeste,2026
2026-07-02,25.4,27.8,23.3,3.1,73,13.7,Sergipe,Aracaju,Nordeste,2026
2026-07-03,24.8,26.8,22.5,10.3,80,12.9,Sergipe,Aracaju,Nordeste,2026
2026-07-04,24.7,26.6,22.5,0.9,79,7.3,Sergipe,Aracaju,Nordeste,2026
2026-07-05,24.9,27.1,22.5,0.7,78,7.5,Sergipe,Aracaju,Nordeste,2026
2026-07-06,24.6,26.2,22.1,1.1,77,9.0,Sergipe,Aracaju,Nordeste,2026
2026-07-07,24.5,27.0,20.3,0.0,74,8.0,Sergipe,Aracaju,Nordeste,2026
2026-07-08,24.1,27.2,19.9,0.0,77,5.8,Sergipe,Aracaju,Nordeste,2026
2026-07-09,24.3,27.3,20.3,0.0,76,7.4,Sergipe,Aracaju,Nordeste,2026
2026-07-10,25.4,27.4,23.9,0.0,70,9.6,Sergipe,Aracaju,Nordeste,2026
2026-07-11,25.1,27.8,21.6,0.0,72,8.0,Sergipe,Aracaju,Nordeste,2026
2026-07-12,24.6,27.6,21.1,0.0,77,8.5,Sergipe,Aracaju,Nordeste,2026
2026-07-13,25.0,28.4,20.9,0.0,78,10.0,Sergipe,Aracaju,Nordeste,2026
2026-07-14,26.1,28.9,23.5,0.4,77,10.8,Sergipe,Aracaju,Nordeste,2026
2026-07-15,24.6,26.0,23.2,12.3,77,18.9,Sergipe,Aracaju,Nordeste,2026
2026-07-16,25.1,26.6,23.5,1.2,63,20.0,Sergipe,Aracaju,Nordeste,2026
2026-07-17,25.0,26.8,23.5,3.6,66,16.0,Sergipe,Aracaju,Nordeste,2026
2026-07-18,24.8,27.3,22.4,7.4,69,18.3,Sergipe,Aracaju,Nordeste,2026
2026-07-19,24.0,25.7,22.2,13.1,79,15.6,Sergipe,Aracaju,Nordeste,2026
2026-07-20,24.6,26.7,22.2,12.7,79,11.6,Sergipe,Aracaju,Nordeste,2026
2026-07-21,25.4,27.0,23.1,1.3,73,11.4,Sergipe,Aracaju,Nordeste,2026
2026-07-22,24.7,26.8,22.5,7.4,80,11.6,Sergipe,Aracaju,Nordeste,2026
2026-07-23,25.5,27.5,23.3,1.2,72,12.5,Sergipe,Aracaju,Nordeste,2026
2026-07-24,25.6,27.3,24.0,0.0,68,9.9,Sergipe,Aracaju,Nordeste,2026
2026-07-25,26.0,27.7,25.2,0.0,69,10.6,Sergipe,Aracaju,Nordeste,2026
2026-07-26,25.4,27.5,23.2,0.4,74,8.2,Sergipe,Aracaju,Nordeste,2026
2026-07-27,24.5,26.3,22.3,1.2,79,7.8,Sergipe,Aracaju,Nordeste,2026
2026-07-28,24.6,26.8,22.1,2.4,79,9.0,Sergipe,Aracaju,Nordeste,2026
2026-07-29,25.4,27.7,23.6,1.1,71,11.3,Sergipe,Aracaju,Nordeste,2026
2026-07-30,24.8,27.0,23.1,0.0,67,9.0,Sergipe,Aracaju,Nordeste,2026
2026-07-31,24.2,27.1,21.4,6.5,76,11.0,Sergipe,Aracaju,Nordeste,2026
2026-08-01,24.9,26.8,22.6,4.5,67,17.0,Sergipe,Aracaju,Nordeste,2026
2026-08-02,25.5,27.8,23.5,0.4,60,13.8,Sergipe,Aracaju,Nordeste,2026
2026-08-03,24.8,26.9,23.2,1.8,72,10.7,Sergipe,Aracaju,Nordeste,2026
2026-08-04,24.9,26.8,22.8,2.9,71,12.0,Sergipe,Aracaju,Nordeste,2026
2026-08-05,25.3,27.7,22.5,0.4,71,7.8,Sergipe,Aracaju,Nordeste,2026
2026-08-06,24.9,27.5,21.3,0.3,77,8.2,Sergipe,Aracaju,Nordeste,2026
2026-08-07,25.6,27.5,23.4,0.5,79,10.2,Sergipe,Aracaju,Nordeste,2026
2026-08-08,25.8,27.7,23.5,1.3,79,13.9,Sergipe,Aracaju,Nordeste,2026
2026-08-09,26.0,28.3,24.6,1.5,76,13.5,Sergipe,Aracaju,Nordeste,2026
2026-08-10,25.6,27.6,24.0,2.1,75,10.9,Sergipe,Aracaju,Nordeste,2026
2026-08-11,24.8,27.3,22.8,5.6,76,15.0,Sergipe,Aracaju,Nordeste,2026
2026-08-12,24.5,27.3,22.4,7.7,79,10.9,Sergipe,Aracaju,Nordeste,2026
2026-08-13,23.7,25.4,22.0,12.5,86,10.9,Sergipe,Aracaju,Nordeste,2026
2026-08-14,25.2,27.2,23.0,1.2,81,9.0,Sergipe,Aracaju,Nordeste,2026
2026-08-15,25.4,27.4,23.7,0.6,74,11.5,Sergipe,Aracaju,Nordeste,2026
2026-08-16,25.1,27.1,22.4,3.7,76,13.6,Sergipe,Aracaju,Nordeste,2026
2026-08-17,24.9,27.2,22.6,7.7,77,17.0,Sergipe,Aracaju,Nordeste,2026
2026-08-18,25.2,26.1,24.5,2.0,68,19.0,Sergipe,Aracaju,Nordeste,2026
2026-08-19,25.2,27.1,23.8,0.0,68,13.0,Sergipe,Aracaju,Nordeste,2026
2025-06-01,27.1,32.3,23.6,1.4,61,7.0,Tocantins,Palmas,Norte,2025
2025-06-02,27.1,32.3,22.7,0.0,63,6.4,Tocantins,Palmas,Norte,2025
2025-06-03,26.8,32.1,23.2,0.0,59,10.5,Tocantins,Palmas,Norte,2025
2025-06-04,26.5,32.6,22.2,0.0,59,9.2,Tocantins,Palmas,Norte,2025
2025-06-05,26.5,32.9,21.9,0.0,60,9.0,Tocantins,Palmas,Norte,2025
2025-06-06,26.1,31.9,21.1,0.0,62,6.8,Tocantins,Palmas,Norte,2025
2025-06-07,26.1,33.0,20.0,0.0,57,6.6,Tocantins,Palmas,Norte,2025
2025-06-08,26.7,33.0,21.1,0.0,56,6.2,Tocantins,Palmas,Norte,2025
2025-06-09,26.3,31.5,22.1,0.0,59,7.2,Tocantins,Palmas,Norte,2025
2025-06-10,26.0,31.1,20.5,0.0,57,8.7,Tocantins,Palmas,Norte,2025
2025-06-11,26.4,31.4,22.0,0.0,53,9.6,Tocantins,Palmas,Norte,2025
2025-06-12,26.8,32.4,21.5,0.0,52,8.7,Tocantins,Palmas,Norte,2025
2025-06-13,26.9,33.1,22.2,0.1,56,6.7,Tocantins,Palmas,Norte,2025
2025-06-14,27.1,32.7,22.9,0.0,50,10.8,Tocantins,Palmas,Norte,2025
2025-06-15,26.4,32.2,22.2,0.0,49,9.5,Tocantins,Palmas,Norte,2025
2025-06-16,26.6,33.3,20.5,0.0,50,7.3,Tocantins,Palmas,Norte,2025
2025-06-17,27.5,33.6,22.2,0.0,48,8.2,Tocantins,Palmas,Norte,2025
2025-06-18,27.9,34.2,23.2,0.0,47,9.6,Tocantins,Palmas,Norte,2025
2025-06-19,27.4,33.5,22.5,0.0,48,9.0,Tocantins,Palmas,Norte,2025
2025-06-20,27.1,33.5,22.3,0.0,42,8.7,Tocantins,Palmas,Norte,2025
2025-06-21,27.5,33.2,22.1,0.0,45,5.5,Tocantins,Palmas,Norte,2025
2025-06-22,28.3,34.4,23.4,0.0,47,4.9,Tocantins,Palmas,Norte,2025
2025-06-23,27.8,34.3,21.6,0.0,47,5.1,Tocantins,Palmas,Norte,2025
2025-06-24,28.7,34.1,24.4,0.0,42,7.4,Tocantins,Palmas,Norte,2025
2025-06-25,28.4,35.3,21.9,0.0,38,6.4,Tocantins,Palmas,Norte,2025
2025-06-26,28.5,34.8,22.8,0.0,38,9.9,Tocantins,Palmas,Norte,2025
2025-06-27,28.8,33.6,25.3,0.0,46,10.3,Tocantins,Palmas,Norte,2025
2025-06-28,28.2,34.0,23.6,0.0,43,10.1,Tocantins,Palmas,Norte,2025
2025-06-29,28.1,34.3,23.0,0.0,43,7.8,Tocantins,Palmas,Norte,2025
2025-06-30,28.4,34.3,22.8,0.0,42,7.1,Tocantins,Palmas,Norte,2025
2025-07-01,27.8,34.2,21.9,0.0,42,7.6,Tocantins,Palmas,Norte,2025
2025-07-02,28.4,33.3,24.6,0.0,48,9.2,Tocantins,Palmas,Norte,2025
2025-07-03,27.6,33.6,22.9,0.0,44,10.5,Tocantins,Palmas,Norte,2025
2025-07-04,27.0,32.4,22.8,0.0,40,10.9,Tocantins,Palmas,Norte,2025
2025-07-05,26.9,33.1,21.4,0.0,40,8.1,Tocantins,Palmas,Norte,2025
2025-07-06,27.3,32.9,21.8,0.0,39,6.8,Tocantins,Palmas,Norte,2025
2025-07-07,27.8,33.6,22.0,0.0,38,6.3,Tocantins,Palmas,Norte,2025
2025-07-08,27.7,33.4,22.1,0.0,38,7.5,Tocantins,Palmas,Norte,2025
2025-07-09,27.9,33.8,22.2,0.0,38,8.5,Tocantins,Palmas,Norte,2025
2025-07-10,28.2,33.6,24.0,0.0,34,11.1,Tocantins,Palmas,Norte,2025
2025-07-11,27.5,32.9,23.1,0.0,35,12.3,Tocantins,Palmas,Norte,2025
2025-07-12,27.0,33.2,21.6,0.0,40,10.8,Tocantins,Palmas,Norte,2025
2025-07-13,26.8,31.8,23.3,0.0,38,14.7,Tocantins,Palmas,Norte,2025
2025-07-14,26.3,32.3,21.5,0.0,36,11.0,Tocantins,Palmas,Norte,2025
2025-07-15,26.8,32.7,21.1,0.0,39,7.7,Tocantins,Palmas,Norte,2025
2025-07-16,27.4,33.3,21.6,0.0,40,5.0,Tocantins,Palmas,Norte,2025
2025-07-17,27.3,33.0,21.4,0.0,39,6.1,Tocantins,Palmas,Norte,2025
2025-07-18,26.6,33.1,20.3,0.0,36,4.3,Tocantins,Palmas,Norte,2025
2025-07-19,28.0,34.6,22.4,0.0,34,6.1,Tocantins,Palmas,Norte,2025
2025-07-20,28.4,34.7,22.7,0.0,36,4.8,Tocantins,Palmas,Norte,2025
2025-07-21,28.3,34.4,22.5,0.0,35,5.2,Tocantins,Palmas,Norte,2025
2025-07-22,28.2,34.8,21.9,0.0,33,7.0,Tocantins,Palmas,Norte,2025
2025-07-23,28.8,35.0,22.8,0.0,35,5.4,Tocantins,Palmas,Norte,2025
2025-07-24,28.7,34.9,22.7,0.0,34,6.9,Tocantins,Palmas,Norte,2025
2025-07-25,29.0,35.3,23.7,0.0,35,8.2,Tocantins,Palmas,Norte,2025
2025-07-26,28.1,34.6,22.6,0.0,38,8.9,Tocantins,Palmas,Norte,2025
2025-07-27,28.2,34.2,23.3,0.0,36,11.1,Tocantins,Palmas,Norte,2025
2025-07-28,28.2,34.5,22.3,0.0,35,5.2,Tocantins,Palmas,Norte,2025
2025-07-29,29.4,35.7,23.1,0.0,31,4.9,Tocantins,Palmas,Norte,2025
2025-07-30,29.1,34.8,23.7,0.0,33,8.6,Tocantins,Palmas,Norte,2025
2025-07-31,28.9,34.8,23.3,0.0,36,7.9,Tocantins,Palmas,Norte,2025
2025-08-01,28.8,34.4,22.6,0.0,47,10.3,Tocantins,Palmas,Norte,2025
2025-08-02,28.4,33.6,23.4,0.0,40,10.5,Tocantins,Palmas,Norte,2025
2025-08-03,28.0,33.1,23.8,0.0,38,10.0,Tocantins,Palmas,Norte,2025
2025-08-04,28.1,34.0,23.2,0.0,35,10.9,Tocantins,Palmas,Norte,2025
2025-08-05,28.2,34.4,22.1,0.0,33,6.7,Tocantins,Palmas,Norte,2025
2025-08-06,29.1,35.8,23.2,0.0,33,5.8,Tocantins,Palmas,Norte,2025
2025-08-07,29.2,35.2,23.5,0.0,36,6.1,Tocantins,Palmas,Norte,2025
2025-08-08,29.5,35.5,24.4,0.0,36,6.3,Tocantins,Palmas,Norte,2025
2025-08-09,29.6,35.5,24.9,0.1,37,5.8,Tocantins,Palmas,Norte,2025
2025-08-10,29.4,34.2,24.7,0.0,39,5.6,Tocantins,Palmas,Norte,2025
2025-08-11,29.5,35.2,24.6,0.0,40,7.1,Tocantins,Palmas,Norte,2025
2025-08-12,28.7,34.0,24.4,0.0,34,9.9,Tocantins,Palmas,Norte,2025
2025-08-13,27.0,31.2,22.9,0.0,50,8.2,Tocantins,Palmas,Norte,2025
2025-08-14,28.6,34.0,24.5,0.0,48,6.9,Tocantins,Palmas,Norte,2025
2025-08-15,29.5,35.5,24.1,0.0,40,10.3,Tocantins,Palmas,Norte,2025
2025-08-16,29.5,34.9,24.7,0.0,34,15.6,Tocantins,Palmas,Norte,2025
2025-08-17,29.2,35.5,23.6,0.0,35,9.7,Tocantins,Palmas,Norte,2025
2025-08-18,29.3,35.4,23.8,0.0,35,9.8,Tocantins,Palmas,Norte,2025
2025-08-19,29.1,35.0,24.5,0.0,35,14.7,Tocantins,Palmas,Norte,2025
2026-06-01,27.6,31.8,23.5,1.2,60,5.5,Tocantins,Palmas,Norte,2026
2026-06-02,27.8,32.7,23.6,0.1,59,4.8,Tocantins,Palmas,Norte,2026
2026-06-03,27.3,32.8,23.4,0.0,57,7.8,Tocantins,Palmas,Norte,2026
2026-06-04,27.5,32.1,24.1,0.0,56,14.1,Tocantins,Palmas,Norte,2026
2026-06-05,27.3,32.5,23.4,0.0,53,12.5,Tocantins,Palmas,Norte,2026
2026-06-06,26.8,32.3,22.1,0.0,53,8.3,Tocantins,Palmas,Norte,2026
2026-06-07,27.4,32.8,22.1,0.0,50,7.2,Tocantins,Palmas,Norte,2026
2026-06-08,28.0,34.3,22.3,0.0,50,5.0,Tocantins,Palmas,Norte,2026
2026-06-09,28.4,34.4,23.0,0.0,48,6.5,Tocantins,Palmas,Norte,2026
2026-06-10,28.4,33.4,22.9,0.5,50,5.4,Tocantins,Palmas,Norte,2026
2026-06-11,28.5,33.4,22.8,0.1,51,5.0,Tocantins,Palmas,Norte,2026
2026-06-12,28.8,33.6,23.8,0.0,48,4.1,Tocantins,Palmas,Norte,2026
2026-06-13,28.9,34.7,23.4,0.0,44,5.8,Tocantins,Palmas,Norte,2026
2026-06-14,28.7,34.7,23.0,0.0,45,4.8,Tocantins,Palmas,Norte,2026
2026-06-15,29.9,35.6,24.1,0.0,43,2.9,Tocantins,Palmas,Norte,2026
2026-06-16,29.9,36.3,24.6,0.2,42,3.1,Tocantins,Palmas,Norte,2026
2026-06-17,29.4,35.6,24.0,0.4,42,4.7,Tocantins,Palmas,Norte,2026
2026-06-18,27.8,32.9,23.7,2.9,57,3.7,Tocantins,Palmas,Norte,2026
2026-06-19,27.4,32.7,22.1,0.0,59,5.8,Tocantins,Palmas,Norte,2026
2026-06-20,25.5,29.6,22.5,0.3,65,7.1,Tocantins,Palmas,Norte,2026
2026-06-21,26.3,32.2,20.9,0.0,58,2.8,Tocantins,Palmas,Norte,2026
2026-06-22,26.9,33.2,20.7,0.0,47,5.0,Tocantins,Palmas,Norte,2026
2026-06-23,27.0,33.7,20.5,0.0,42,5.7,Tocantins,Palmas,Norte,2026
2026-06-24,28.1,34.4,22.1,0.0,37,4.4,Tocantins,Palmas,Norte,2026
2026-06-25,28.8,34.6,22.5,0.0,33,7.2,Tocantins,Palmas,Norte,2026
2026-06-26,28.0,33.5,23.8,0.0,37,14.3,Tocantins,Palmas,Norte,2026
2026-06-27,27.6,31.9,24.0,0.1,55,14.4,Tocantins,Palmas,Norte,2026
2026-06-28,27.4,32.4,23.2,0.0,52,10.1,Tocantins,Palmas,Norte,2026
2026-06-29,27.8,33.4,23.0,0.0,50,11.9,Tocantins,Palmas,Norte,2026
2026-06-30,28.4,33.5,23.9,0.0,46,14.0,Tocantins,Palmas,Norte,2026
2026-07-01,28.1,33.2,24.6,0.0,42,13.7,Tocantins,Palmas,Norte,2026
2026-07-02,27.6,32.8,23.2,0.0,37,13.7,Tocantins,Palmas,Norte,2026
2026-07-03,27.6,33.2,23.4,0.0,39,10.8,Tocantins,Palmas,Norte,2026
2026-07-04,27.7,33.9,21.0,0.0,42,5.4,Tocantins,Palmas,Norte,2026
2026-07-05,28.4,34.1,21.9,0.0,43,4.3,Tocantins,Palmas,Norte,2026
2026-07-06,28.9,34.5,23.3,0.0,42,5.0,Tocantins,Palmas,Norte,2026
2026-07-07,28.1,32.8,23.2,0.0,42,6.3,Tocantins,Palmas,Norte,2026
2026-07-08,28.5,36.0,21.9,0.0,39,5.8,Tocantins,Palmas,Norte,2026
2026-07-09,28.6,34.3,22.5,0.0,41,7.3,Tocantins,Palmas,Norte,2026
2026-07-10,27.8,33.3,22.6,0.4,51,4.6,Tocantins,Palmas,Norte,2026
2026-07-11,27.9,33.5,21.9,0.1,54,5.4,Tocantins,Palmas,Norte,2026
2026-07-12,28.1,32.9,24.2,0.1,55,6.1,Tocantins,Palmas,Norte,2026
2026-07-13,29.0,33.6,24.2,0.3,48,5.4,Tocantins,Palmas,Norte,2026
2026-07-14,29.3,33.8,24.9,0.5,50,5.1,Tocantins,Palmas,Norte,2026
2026-07-15,26.5,30.5,24.1,10.9,73,7.4,Tocantins,Palmas,Norte,2026
2026-07-16,26.6,31.7,22.1,0.0,60,8.2,Tocantins,Palmas,Norte,2026
2026-07-17,26.2,32.0,21.6,0.0,44,11.8,Tocantins,Palmas,Norte,2026
2026-07-18,26.5,32.6,22.2,0.0,44,12.5,Tocantins,Palmas,Norte,2026
2026-07-19,27.0,33.1,22.6,0.0,42,12.6,Tocantins,Palmas,Norte,2026
2026-07-20,27.4,33.4,23.0,0.0,43,10.6,Tocantins,Palmas,Norte,2026
2026-07-21,28.2,34.7,22.2,0.0,43,7.3,Tocantins,Palmas,Norte,2026
2026-07-22,27.8,34.2,22.0,0.0,40,7.1,Tocantins,Palmas,Norte,2026
2026-07-23,29.4,35.1,22.9,0.0,38,3.2,Tocantins,Palmas,Norte,2026
2026-07-24,29.5,34.5,24.6,0.1,39,6.7,Tocantins,Palmas,Norte,2026
2026-07-25,29.8,36.7,24.1,0.0,39,4.7,Tocantins,Palmas,Norte,2026
2026-07-26,29.5,35.3,24.4,0.1,38,4.0,Tocantins,Palmas,Norte,2026
2026-07-27,29.7,35.9,23.4,0.0,34,6.7,Tocantins,Palmas,Norte,2026
2026-07-28,29.3,35.3,23.8,0.2,40,7.5,Tocantins,Palmas,Norte,2026
2026-07-29,29.1,35.1,23.5,0.0,41,4.9,Tocantins,Palmas,Norte,2026
2026-07-30,30.0,36.2,23.9,0.0,34,6.0,Tocantins,Palmas,Norte,2026
2026-07-31,29.4,35.0,23.6,0.0,32,9.0,Tocantins,Palmas,Norte,2026
2026-08-01,29.0,34.3,25.0,0.0,30,10.2,Tocantins,Palmas,Norte,2026
2026-08-02,27.8,33.3,22.7,0.0,31,13.1,Tocantins,Palmas,Norte,2026
2026-08-03,27.7,34.1,22.1,0.0,35,11.0,Tocantins,Palmas,Norte,2026
2026-08-04,28.1,34.1,22.2,0.0,30,10.4,Tocantins,Palmas,Norte,2026
2026-08-05,27.9,34.1,21.8,0.2,35,8.3,Tocantins,Palmas,Norte,2026
2026-08-06,29.3,36.0,23.4,0.0,35,5.8,Tocantins,Palmas,Norte,2026
2026-08-07,29.1,34.4,23.9,0.2,42,7.5,Tocantins,Palmas,Norte,2026
2026-08-08,30.4,36.3,25.4,0.0,40,5.5,Tocantins,Palmas,Norte,2026
2026-08-09,30.8,36.9,25.8,0.2,41,7.1,Tocantins,Palmas,Norte,2026
2026-08-10,30.3,35.8,25.8,1.3,44,5.0,Tocantins,Palmas,Norte,2026
2026-08-11,30.6,35.4,26.4,0.0,30,12.0,Tocantins,Palmas,Norte,2026
2026-08-12,29.0,34.5,24.9,0.0,28,15.5,Tocantins,Palmas,Norte,2026
2026-08-13,28.4,35.5,21.5,0.0,33,11.1,Tocantins,Palmas,Norte,2026
2026-08-14,29.8,36.4,23.0,0.0,33,8.2,Tocantins,Palmas,Norte,2026
2026-08-15,30.2,36.4,23.8,0.0,29,8.1,Tocantins,Palmas,Norte,2026
2026-08-16,29.8,36.6,23.4,0.0,28,14.7,Tocantins,Palmas,Norte,2026
2026-08-17,29.6,34.8,25.0,0.0,28,16.4,Tocantins,Palmas,Norte,2026
2026-08-18,29.5,35.4,24.6,0.0,35,13.3,Tocantins,Palmas,Norte,2026
2026-08-19,29.5,35.6,24.3,0.0,34,11.7,Tocantins,Palmas,Norte,2026
